seller,url,yard_city,product_name,normalized_material,material_detail,price,unit,price_per_yd,price_per_ton,delivery_fee_model,delivery_minimum,source_url,date_checked,density_class,notes
Mulch Mound,https://mulchmound.com,Online – Dallas listing,Dallas Compost: Garden Compost / Bulk,compost,compost,48.0,cubic yard,48.0,43.64,included (delivered price; no hidden fees / fuel surcharges),not stated,https://mulchmound.com/products/dallas-texas-compost-delivery,2026-09-28,soil,8 supplier variant(s); price range $48-$65 across variants; lowest shown
Mulch Mound,https://mulchmound.com,Online – Dallas listing,Dallas Compost: Mushroom Compost / Bulk,compost,compost,70.0,cubic yard,70.0,63.64,included (delivered price; no hidden fees / fuel surcharges),not stated,https://mulchmound.com/products/dallas-texas-compost-delivery,2026-09-28,soil,
Mulch Mound,https://mulchmound.com,Online – Dallas listing,Dallas Fill Dirt: Fill Dirt / Bulk,select fill,select fill,35.0,cubic yard,35.0,31.82,included (delivered price; no hidden fees / fuel surcharges),not stated,https://mulchmound.com/products/dallas-texas-fill-dirt-delivery,2026-09-28,soil,
Mulch Mound,https://mulchmound.com,Online – Dallas listing,Dallas Sand: Masonry / Bulk,mason sand,mason sand,74.0,cubic yard,74.0,54.81,included (delivered price; no hidden fees / fuel surcharges),not stated,https://mulchmound.com/products/dallas-texas-sand-delivery,2026-09-28,sand,8 supplier variant(s); price range $74-$96 across variants; lowest shown
Mulch Mound,https://mulchmound.com,Online – Dallas listing,Dallas Sand: Fill / Bulk,select fill,select fill,63.0,cubic yard,63.0,46.67,included (delivered price; no hidden fees / fuel surcharges),not stated,https://mulchmound.com/products/dallas-texas-sand-delivery,2026-09-28,sand,8 supplier variant(s); price range $63-$69 across variants; lowest shown
Mulch Mound,https://mulchmound.com,Online – Dallas listing,Dallas Sand: Play / Bulk,washed sand,washed sand,97.0,cubic yard,97.0,71.85,included (delivered price; no hidden fees / fuel surcharges),not stated,https://mulchmound.com/products/dallas-texas-sand-delivery,2026-09-28,sand,7 supplier variant(s); price range $97-$97 across variants; lowest shown
Mulch Mound,https://mulchmound.com,Online – Dallas listing,Dallas Sand: Concrete / Bulk,washed sand,washed sand,96.0,cubic yard,96.0,71.11,included (delivered price; no hidden fees / fuel surcharges),not stated,https://mulchmound.com/products/dallas-texas-sand-delivery,2026-09-28,sand,8 supplier variant(s); price range $96-$187 across variants; lowest shown
Mulch Mound,https://mulchmound.com,Online – Dallas listing,Dallas Landscape Rock: Decomposed Granite / Bulk,decomposed granite,decomposed granite,101.0,cubic yard,101.0,72.14,included (delivered price; no hidden fees / fuel surcharges),not stated,https://mulchmound.com/products/dallas-texas-landscape-rock-delivery,2026-09-28,stone,8 supplier variant(s); price range $101-$125 across variants; lowest shown
Mulch Mound,https://mulchmound.com,Online – Dallas listing,Dallas Landscape Rock: Pea Gravel / Bulk,pea gravel,pea gravel,100.0,cubic yard,100.0,71.43,included (delivered price; no hidden fees / fuel surcharges),not stated,https://mulchmound.com/products/dallas-texas-landscape-rock-delivery,2026-09-28,stone,8 supplier variant(s); price range $100-$153 across variants; lowest shown
Mulch Mound,https://mulchmound.com,Online – Dallas listing,"Dallas Landscape Rock: Decomposed Granite / 0.25""",decomposed granite,decomposed granite,197.0,cubic yard,197.0,140.71,included (delivered price; no hidden fees / fuel surcharges),not stated,https://mulchmound.com/products/dallas-texas-landscape-rock-delivery,2026-09-28,stone,
Mulch Mound,https://mulchmound.com,Online – Dallas listing,Dallas Landscape Rock: Egg Rock / Bulk,river rock,river rock,199.0,cubic yard,199.0,142.14,included (delivered price; no hidden fees / fuel surcharges),not stated,https://mulchmound.com/products/dallas-texas-landscape-rock-delivery,2026-09-28,stone,7 supplier variant(s); price range $199-$199 across variants; lowest shown
Mulch Mound,https://mulchmound.com,Online – Dallas listing,Dallas Landscape Rock: River Rock / Bulk,river rock,river rock,100.0,cubic yard,100.0,71.43,included (delivered price; no hidden fees / fuel surcharges),not stated,https://mulchmound.com/products/dallas-texas-landscape-rock-delivery,2026-09-28,stone,7 supplier variant(s); price range $100-$100 across variants; lowest shown
Mulch Mound,https://mulchmound.com,Online – Dallas listing,Dallas Landscape Rock: Blackstar / Bulk,other,other: black star gravel,300.0,cubic yard,300.0,214.29,included (delivered price; no hidden fees / fuel surcharges),not stated,https://mulchmound.com/products/dallas-texas-landscape-rock-delivery,2026-09-28,stone,7 supplier variant(s); price range $300-$300 across variants; lowest shown
Mulch Mound,https://mulchmound.com,Online – Dallas listing,"Dallas Landscape Rock: River Rock / 1-2""",river rock,river rock,132.0,cubic yard,132.0,94.29,included (delivered price; no hidden fees / fuel surcharges),not stated,https://mulchmound.com/products/dallas-texas-landscape-rock-delivery,2026-09-28,stone,
Mulch Mound,https://mulchmound.com,Online – Plano listing,"Plano Gravel: West Texas Black / 3"" Minus",other,other: black star gravel,545.0,cubic yard,545.0,389.29,included (delivered price; no hidden fees / fuel surcharges),not stated,https://mulchmound.com/products/plano-texas-stone-delivery,2026-09-28,stone,
Mulch Mound,https://mulchmound.com,Online – Plano listing,"Plano Gravel: West Texas Black / 1""",other,other: black star gravel,549.0,cubic yard,549.0,392.14,included (delivered price; no hidden fees / fuel surcharges),not stated,https://mulchmound.com/products/plano-texas-stone-delivery,2026-09-28,stone,2 supplier variant(s); price range $549-$549 across variants; lowest shown
Mulch Mound,https://mulchmound.com,Online – Plano listing,"Plano Gravel: Road Base / 1.5""",flex base,flex base,127.0,cubic yard,127.0,90.71,included (delivered price; no hidden fees / fuel surcharges),not stated,https://mulchmound.com/products/plano-texas-stone-delivery,2026-09-28,stone,
Mulch Mound,https://mulchmound.com,Online – Plano listing,"Plano Gravel: Road Base / 0.75""",flex base,flex base,127.0,cubic yard,127.0,90.71,included (delivered price; no hidden fees / fuel surcharges),not stated,https://mulchmound.com/products/plano-texas-stone-delivery,2026-09-28,stone,
Mulch Mound,https://mulchmound.com,Online – Plano listing,"Plano Gravel: Washed Granite / 0.75""",other,other: crushed granite gravel,182.0,cubic yard,182.0,130.0,included (delivered price; no hidden fees / fuel surcharges),not stated,https://mulchmound.com/products/plano-texas-stone-delivery,2026-09-28,stone,
Mulch Mound,https://mulchmound.com,Online – Plano listing,Plano Gravel: Crushed Stone / #57,#57 limestone,#57 limestone,133.0,cubic yard,133.0,95.0,included (delivered price; no hidden fees / fuel surcharges),not stated,https://mulchmound.com/products/plano-texas-stone-delivery,2026-09-28,stone,
Mulch Mound,https://mulchmound.com,Online – Plano listing,"Plano Gravel: Limestone / 0.75""",#57 limestone,#57 limestone,110.0,cubic yard,110.0,78.57,included (delivered price; no hidden fees / fuel surcharges),not stated,https://mulchmound.com/products/plano-texas-stone-delivery,2026-09-28,stone,7 supplier variant(s); price range $110-$110 across variants; lowest shown
Mulch Mound,https://mulchmound.com,Online – Plano listing,Plano Soil: Top Soil / Screened,sandy loam,sandy loam,49.0,cubic yard,49.0,44.55,included (delivered price; no hidden fees / fuel surcharges),not stated,https://mulchmound.com/products/plano-texas-soil-delivery,2026-09-28,soil,8 supplier variant(s); price range $49-$55 across variants; lowest shown
Mulch Mound,https://mulchmound.com,Online – Plano listing,Plano Soil: Gardening Blend / Standard,garden mix,garden mix,55.0,cubic yard,55.0,50.0,included (delivered price; no hidden fees / fuel surcharges),not stated,https://mulchmound.com/products/plano-texas-soil-delivery,2026-09-28,soil,9 supplier variant(s); price range $55-$139 across variants; lowest shown
Mulch Mound,https://mulchmound.com,Online – Plano listing,Plano Mulch: Dyed Brown / Double Shredded,dyed mulch,dyed mulch,43.0,cubic yard,43.0,143.33,included (delivered price; no hidden fees / fuel surcharges),not stated,https://mulchmound.com/products/plano-texas-mulch-delivery,2026-09-28,mulch,9 supplier variant(s); price range $43-$55 across variants; lowest shown
Mulch Mound,https://mulchmound.com,Online – Plano listing,Plano Mulch: Dyed Black / Double Shredded,dyed mulch,dyed mulch,43.0,cubic yard,43.0,143.33,included (delivered price; no hidden fees / fuel surcharges),not stated,https://mulchmound.com/products/plano-texas-mulch-delivery,2026-09-28,mulch,9 supplier variant(s); price range $43-$55 across variants; lowest shown
Mulch Mound,https://mulchmound.com,Online – Plano listing,Plano Mulch: Natural Brown / Double Shredded,native hardwood mulch,native hardwood mulch,27.0,cubic yard,27.0,90.0,included (delivered price; no hidden fees / fuel surcharges),not stated,https://mulchmound.com/products/plano-texas-mulch-delivery,2026-09-28,mulch,9 supplier variant(s); price range $27-$49 across variants; lowest shown
Mulch Mound,https://mulchmound.com,Online – Plano listing,Plano Mulch: Natural Brown / Triple Shredded,native hardwood mulch,native hardwood mulch,46.0,cubic yard,46.0,153.33,included (delivered price; no hidden fees / fuel surcharges),not stated,https://mulchmound.com/products/plano-texas-mulch-delivery,2026-09-28,mulch,7 supplier variant(s); price range $46-$46 across variants; lowest shown
Mulch Mound,https://mulchmound.com,Online – Plano listing,Plano Mulch: Dyed Red / Double Shredded,dyed mulch,dyed mulch,46.0,cubic yard,46.0,153.33,included (delivered price; no hidden fees / fuel surcharges),not stated,https://mulchmound.com/products/plano-texas-mulch-delivery,2026-09-28,mulch,7 supplier variant(s); price range $46-$46 across variants; lowest shown
Mulch Mound,https://mulchmound.com,Online – Plano listing,Plano Mulch: Cedar / Double Shredded,cedar mulch,cedar mulch,55.0,cubic yard,55.0,183.33,included (delivered price; no hidden fees / fuel surcharges),not stated,https://mulchmound.com/products/plano-texas-mulch-delivery,2026-09-28,mulch,7 supplier variant(s); price range $55-$55 across variants; lowest shown
Mulch Mound,https://mulchmound.com,Online – Plano listing,Plano Mulch: Pine Bark / Double Shredded,other,other: pine bark mulch,55.0,cubic yard,55.0,183.33,included (delivered price; no hidden fees / fuel surcharges),not stated,https://mulchmound.com/products/plano-texas-mulch-delivery,2026-09-28,mulch,7 supplier variant(s); price range $55-$55 across variants; lowest shown
Mulch Mound,https://mulchmound.com,Online – Plano listing,Plano Mulch: Playground / Standard,other,other: playground mulch / wood chips,52.0,cubic yard,52.0,173.33,included (delivered price; no hidden fees / fuel surcharges),not stated,https://mulchmound.com/products/plano-texas-mulch-delivery,2026-09-28,mulch,7 supplier variant(s); price range $52-$52 across variants; lowest shown
Gravel Monkey,https://mygravelmonkey.com,Online – statewide TX delivery (DFW incl.),#10 Rock Screenings (Stone Dust),other,other: limestone screenings / stone dust,89.4,ton (10-ton delivered load),120.69,89.4,"included (delivered price, tiered by quantity)",3 tons,https://mygravelmonkey.com/product/10-screenings/,2026-09-28,sand,10 tons = $894; smallest tier 3 tons = $539
Gravel Monkey,https://mygravelmonkey.com,Online – statewide TX delivery (DFW incl.),#8 Stone,other,"other: crushed stone #67/#8/#89 (3/8-3/4"")",89.4,ton (10-ton delivered load),125.16,89.4,"included (delivered price, tiered by quantity)",3 tons,https://mygravelmonkey.com/product/8-stone/,2026-09-28,stone,10 tons = $894; smallest tier 3 tons = $539
Gravel Monkey,https://mygravelmonkey.com,Online – statewide TX delivery (DFW incl.),#67 Stone,other,"other: crushed stone #67/#8/#89 (3/8-3/4"")",89.4,ton (10-ton delivered load),125.16,89.4,"included (delivered price, tiered by quantity)",3 tons,https://mygravelmonkey.com/product/67-stone/,2026-09-28,stone,10 tons = $894; smallest tier 3 tons = $539
Gravel Monkey,https://mygravelmonkey.com,Online – statewide TX delivery (DFW incl.),Crusher Run,flex base,flex base,83.3,ton (10-ton delivered load),116.62,83.3,"included (delivered price, tiered by quantity)",2 tons,https://mygravelmonkey.com/product/crusher-run/,2026-09-28,stone,10 tons = $833; smallest tier 2 tons = $425
Gravel Monkey,https://mygravelmonkey.com,Online – statewide TX delivery (DFW incl.),River Rock,river rock,river rock,150.1,ton (10-ton delivered load),210.14,150.1,"included (delivered price, tiered by quantity)",2 tons,https://mygravelmonkey.com/product/river-rock-various-sizes/,2026-09-28,stone,"10 tons = $1,501; smallest tier 2 tons = $822"
Gravel Monkey,https://mygravelmonkey.com,Online – statewide TX delivery (DFW incl.),2″-3″ Crushed Gravel,other,"other: crushed stone #4/#5/#53 (1-3"")",80.5,ton (10-ton delivered load),112.7,80.5,"included (delivered price, tiered by quantity)",3 tons,https://mygravelmonkey.com/product/2-3-inches-crushed-gravel/,2026-09-28,stone,10 tons = $805; smallest tier 3 tons = $485
Gravel Monkey,https://mygravelmonkey.com,Online – statewide TX delivery (DFW incl.),1″ – 1 1/2″ Crushed Gravel,other,"other: crushed stone #4/#5/#53 (1-3"")",80.5,ton (10-ton delivered load),112.7,80.5,"included (delivered price, tiered by quantity)",3 tons,https://mygravelmonkey.com/product/1-1-5-inch-crushed-gravel/,2026-09-28,stone,10 tons = $805; smallest tier 3 tons = $485
Gravel Monkey,https://mygravelmonkey.com,Online – statewide TX delivery (DFW incl.),3/8″ Crushed Gravel,other,"other: crushed stone #67/#8/#89 (3/8-3/4"")",80.5,ton (10-ton delivered load),112.7,80.5,"included (delivered price, tiered by quantity)",3 tons,https://mygravelmonkey.com/product/3-eights-inch-crushed-gravel/,2026-09-28,stone,10 tons = $805; smallest tier 3 tons = $485
Gravel Monkey,https://mygravelmonkey.com,Online – statewide TX delivery (DFW incl.),3/4″ Crushed Gravel,#57 limestone,#57 limestone,80.5,ton (10-ton delivered load),112.7,80.5,"included (delivered price, tiered by quantity)",3 tons,https://mygravelmonkey.com/product/3-quarter-inch-crushed-gravel/,2026-09-28,stone,10 tons = $805; smallest tier 3 tons = $485
Gravel Monkey,https://mygravelmonkey.com,Online – statewide TX delivery (DFW incl.),2″-3″ Crushed Concrete,flex base,flex base,104.9,ton (10-ton delivered load),146.86,104.9,"included (delivered price, tiered by quantity)",3 tons,https://mygravelmonkey.com/product/2-to-3-crushed-concrete/,2026-09-28,stone,"10 tons = $1,049; smallest tier 3 tons = $625"
Gravel Monkey,https://mygravelmonkey.com,Online – statewide TX delivery (DFW incl.),1″-1 1/2″ Crushed Concrete,flex base,flex base,104.9,ton (10-ton delivered load),146.86,104.9,"included (delivered price, tiered by quantity)",3 tons,https://mygravelmonkey.com/product/1-to-1-5-inch-crushed-concrete/,2026-09-28,stone,"10 tons = $1,049; smallest tier 3 tons = $625"
Gravel Monkey,https://mygravelmonkey.com,Online – statewide TX delivery (DFW incl.),3/8″ Crushed Concrete,flex base,flex base,104.9,ton (10-ton delivered load),146.86,104.9,"included (delivered price, tiered by quantity)",3 tons,https://mygravelmonkey.com/product/3-eighths-inch-crushed-concrete/,2026-09-28,stone,"10 tons = $1,049; smallest tier 3 tons = $625"
Gravel Monkey,https://mygravelmonkey.com,Online – statewide TX delivery (DFW incl.),3/4″ Crushed Concrete,flex base,flex base,104.9,ton (10-ton delivered load),146.86,104.9,"included (delivered price, tiered by quantity)",3 tons,https://mygravelmonkey.com/product/3-quarter-inch-crushed-concrete/,2026-09-28,stone,"10 tons = $1,049; smallest tier 3 tons = $625"
Gravel Monkey,https://mygravelmonkey.com,Online – statewide TX delivery (DFW incl.),2″-3″ Crushed Stone,other,"other: crushed stone #4/#5/#53 (1-3"")",80.5,ton (10-ton delivered load),112.7,80.5,"included (delivered price, tiered by quantity)",3 tons,https://mygravelmonkey.com/product/2-3-inches-crushed-stone/,2026-09-28,stone,10 tons = $805; smallest tier 3 tons = $485
Gravel Monkey,https://mygravelmonkey.com,Online – statewide TX delivery (DFW incl.),1″-1 1/2″ Crushed Stone,other,"other: crushed stone #4/#5/#53 (1-3"")",80.5,ton (10-ton delivered load),112.7,80.5,"included (delivered price, tiered by quantity)",3 tons,https://mygravelmonkey.com/product/1-1-5-inch-crushed-stone/,2026-09-28,stone,10 tons = $805; smallest tier 3 tons = $485
Gravel Monkey,https://mygravelmonkey.com,Online – statewide TX delivery (DFW incl.),2-4″ River Rock,river rock,river rock,225.2,ton (10-ton delivered load),315.28,225.2,"included (delivered price, tiered by quantity)",2 tons,https://mygravelmonkey.com/product/2-4-inches-river-rock/,2026-09-28,stone,"10 tons = $2,252; smallest tier 2 tons = $1,213"
Gravel Monkey,https://mygravelmonkey.com,Online – statewide TX delivery (DFW incl.),2″-3″ Walkway Gravel,other,other: crushed driveway / walkway gravel,81.0,ton (10-ton delivered load),113.4,81.0,"included (delivered price, tiered by quantity)",3 tons,https://mygravelmonkey.com/product/2-to-3-inches-walkway-gravel/,2026-09-28,stone,10 tons = $810; smallest tier 3 tons = $482
Gravel Monkey,https://mygravelmonkey.com,Online – statewide TX delivery (DFW incl.),1″-1 1/2″ Walkway Gravel,other,other: crushed driveway / walkway gravel,81.0,ton (10-ton delivered load),113.4,81.0,"included (delivered price, tiered by quantity)",3 tons,https://mygravelmonkey.com/product/1-1-5-inch-walkway-gravel/,2026-09-28,stone,10 tons = $810; smallest tier 3 tons = $482
Gravel Monkey,https://mygravelmonkey.com,Online – statewide TX delivery (DFW incl.),3/8″ Walkway Gravel,other,other: crushed driveway / walkway gravel,81.0,ton (10-ton delivered load),113.4,81.0,"included (delivered price, tiered by quantity)",3 tons,https://mygravelmonkey.com/product/3-eights-inch-walkway-gravel/,2026-09-28,stone,10 tons = $810; smallest tier 3 tons = $482
Gravel Monkey,https://mygravelmonkey.com,Online – statewide TX delivery (DFW incl.),3/4″ Walkway Gravel,other,other: crushed driveway / walkway gravel,81.0,ton (10-ton delivered load),113.4,81.0,"included (delivered price, tiered by quantity)",3 tons,https://mygravelmonkey.com/product/3-quarter-inch-walkway-gravel/,2026-09-28,stone,10 tons = $810; smallest tier 3 tons = $482
Gravel Monkey,https://mygravelmonkey.com,Online – statewide TX delivery (DFW incl.),2″-3″ Driveway Gravel,other,other: crushed driveway / walkway gravel,80.5,ton (10-ton delivered load),112.7,80.5,"included (delivered price, tiered by quantity)",3 tons,https://mygravelmonkey.com/product/2-to-3-inches-driveway-gravel/,2026-09-28,stone,10 tons = $805; smallest tier 3 tons = $485
Gravel Monkey,https://mygravelmonkey.com,Online – statewide TX delivery (DFW incl.),1″-1 1/2″ Driveway Gravel,other,other: crushed driveway / walkway gravel,80.5,ton (10-ton delivered load),112.7,80.5,"included (delivered price, tiered by quantity)",3 tons,https://mygravelmonkey.com/product/1-1-5-inch-driveway-gravel/,2026-09-28,stone,10 tons = $805; smallest tier 3 tons = $485
Gravel Monkey,https://mygravelmonkey.com,Online – statewide TX delivery (DFW incl.),1 1/2″ Driveway Gravel,other,other: crushed driveway / walkway gravel,80.5,ton (10-ton delivered load),112.7,80.5,"included (delivered price, tiered by quantity)",3 tons,https://mygravelmonkey.com/product/1-1-2-inch-driveway-gravel/,2026-09-28,stone,10 tons = $805; smallest tier 3 tons = $485
Gravel Monkey,https://mygravelmonkey.com,Online – statewide TX delivery (DFW incl.),3/8″ Driveway Gravel,other,other: crushed driveway / walkway gravel,80.5,ton (10-ton delivered load),112.7,80.5,"included (delivered price, tiered by quantity)",3 tons,https://mygravelmonkey.com/product/3-eights-inch-driveway-gravel/,2026-09-28,stone,10 tons = $805; smallest tier 3 tons = $485
Gravel Monkey,https://mygravelmonkey.com,Online – statewide TX delivery (DFW incl.),3/4″ Driveway Gravel,other,other: crushed driveway / walkway gravel,80.5,ton (10-ton delivered load),112.7,80.5,"included (delivered price, tiered by quantity)",2 tons,https://mygravelmonkey.com/product/3-quarter-inch-driveway-gravel/,2026-09-28,stone,10 tons = $805; smallest tier 2 tons = $435
Gravel Monkey,https://mygravelmonkey.com,Online – statewide TX delivery (DFW incl.),Playground Sand,washed sand,washed sand,108.5,ton (10-ton delivered load),146.48,108.5,"included (delivered price, tiered by quantity)",3 tons,https://mygravelmonkey.com/product/playground-sand/,2026-09-28,sand,"10 tons = $1,085; smallest tier 3 tons = $701"
Gravel Monkey,https://mygravelmonkey.com,Online – statewide TX delivery (DFW incl.),Washed Sand,washed sand,washed sand,108.5,ton (10-ton delivered load),146.48,108.5,"included (delivered price, tiered by quantity)",3 tons,https://mygravelmonkey.com/product/washed-sand/,2026-09-28,sand,"10 tons = $1,085; smallest tier 3 tons = $701"
Gravel Monkey,https://mygravelmonkey.com,Online – statewide TX delivery (DFW incl.),Driveway Gravel,other,other: crushed driveway / walkway gravel,80.5,ton (10-ton delivered load),112.7,80.5,"included (delivered price, tiered by quantity)",2 tons,https://mygravelmonkey.com/product/driveway-gravel/,2026-09-28,stone,10 tons = $805; smallest tier 2 tons = $432
Gravel Monkey,https://mygravelmonkey.com,Online – statewide TX delivery (DFW incl.),Shredded Hardwood Mulch,native hardwood mulch,native hardwood mulch,94.1,cubic yard (10-yd delivered load),94.1,313.67,"included (delivered price, tiered by quantity)",3 cubic yards,https://mygravelmonkey.com/product/shredded-hardwood-mulch/,2026-09-28,mulch,10 yards = $941; 3 yards = $372
Gravel Monkey,https://mygravelmonkey.com,Online – statewide TX delivery (DFW incl.),Topsoil,sandy loam,sandy loam,76.8,ton (10-ton delivered load),84.48,76.8,"included (delivered price, tiered by quantity)",2 tons,https://mygravelmonkey.com/product/topsoil/,2026-09-28,soil,10 tons = $768; smallest tier 2 tons = $421
Gravel Monkey,https://mygravelmonkey.com,Online – statewide TX delivery (DFW incl.),Walkway Gravel,other,other: crushed driveway / walkway gravel,81.0,ton (10-ton delivered load),113.4,81.0,"included (delivered price, tiered by quantity)",2 tons,https://mygravelmonkey.com/product/walkway-gravel/,2026-09-28,stone,10 tons = $810; smallest tier 2 tons = $440
Gravel Monkey,https://mygravelmonkey.com,Online – statewide TX delivery (DFW incl.),Drain Rock,other,"other: crushed stone #67/#8/#89 (3/8-3/4"")",80.5,ton (10-ton delivered load),112.7,80.5,"included (delivered price, tiered by quantity)",3 tons,https://mygravelmonkey.com/product/drain-rock/,2026-09-28,stone,10 tons = $805; smallest tier 3 tons = $472
Gravel Monkey,https://mygravelmonkey.com,Online – statewide TX delivery (DFW incl.),Road Base,flex base,flex base,75.7,ton (10-ton delivered load),105.98,75.7,"included (delivered price, tiered by quantity)",2 tons,https://mygravelmonkey.com/product/road-base/,2026-09-28,stone,10 tons = $757; smallest tier 2 tons = $415
Gravel Monkey,https://mygravelmonkey.com,Online – statewide TX delivery (DFW incl.),3/8″ Crushed Stone,other,"other: crushed stone #67/#8/#89 (3/8-3/4"")",80.5,ton (10-ton delivered load),112.7,80.5,"included (delivered price, tiered by quantity)",3 tons,https://mygravelmonkey.com/product/3-8-crushed-stone/,2026-09-28,stone,10 tons = $805; smallest tier 3 tons = $485
Gravel Monkey,https://mygravelmonkey.com,Online – statewide TX delivery (DFW incl.),#57 Crushed Stone,#57 limestone,#57 limestone,80.5,ton (10-ton delivered load),112.7,80.5,"included (delivered price, tiered by quantity)",2 tons,https://mygravelmonkey.com/product/57-crushed-stone/,2026-09-28,stone,10 tons = $805; smallest tier 2 tons = $435
Gravel Monkey,https://mygravelmonkey.com,Online – statewide TX delivery (DFW incl.),Crushed Concrete,flex base,flex base,85.7,ton (10-ton delivered load),119.98,85.7,"included (delivered price, tiered by quantity)",3 tons,https://mygravelmonkey.com/product/crushed-concrete/,2026-09-28,stone,10 tons = $857; smallest tier 3 tons = $481
Gravel Monkey,https://mygravelmonkey.com,Online – statewide TX delivery (DFW incl.),3/8″ Natural Pea Gravel,pea gravel,pea gravel,132.4,ton (10-ton delivered load),185.36,132.4,"included (delivered price, tiered by quantity)",2 tons,https://mygravelmonkey.com/product/3-8-natural-pea-gravel/,2026-09-28,stone,"10 tons = $1,324; smallest tier 2 tons = $698"
Gravel Monkey,https://mygravelmonkey.com,Online – statewide TX delivery (DFW incl.),3/4″ Crushed Stone,#57 limestone,#57 limestone,80.5,ton (10-ton delivered load),112.7,80.5,"included (delivered price, tiered by quantity)",3 tons,https://mygravelmonkey.com/product/3-4-crushed-stone/,2026-09-28,stone,10 tons = $805; smallest tier 3 tons = $485
Gravel Monkey,https://mygravelmonkey.com,Online – statewide TX delivery (DFW incl.),Fill Dirt,select fill,select fill,52.1,ton (10-ton delivered load),57.31,52.1,"included (delivered price, tiered by quantity)",3 tons,https://mygravelmonkey.com/product/fill-dirt/,2026-09-28,soil,10 tons = $521; smallest tier 3 tons = $336
Gravel Monkey,https://mygravelmonkey.com,Online – statewide TX delivery (DFW incl.),1 1/2″ Crushed Gravel,other,"other: crushed stone #4/#5/#53 (1-3"")",80.5,ton (10-ton delivered load),112.7,80.5,"included (delivered price, tiered by quantity)",3 tons,https://mygravelmonkey.com/product/1-1-2-crushed-gravel/,2026-09-28,stone,10 tons = $805; smallest tier 3 tons = $485
Gravel Monkey,https://mygravelmonkey.com,Online – statewide TX delivery (DFW incl.),Mason Sand,mason sand,mason sand,86.2,ton (10-ton delivered load),116.37,86.2,"included (delivered price, tiered by quantity)",3 tons,https://mygravelmonkey.com/product/mason-sand/,2026-09-28,sand,10 tons = $862; smallest tier 3 tons = $556
Gravel Monkey,https://mygravelmonkey.com,Online – statewide TX delivery (DFW incl.),Decomposed Granite,decomposed granite,decomposed granite,104.4,ton (10-ton delivered load),146.16,104.4,"included (delivered price, tiered by quantity)",3 tons,https://mygravelmonkey.com/product/decomposed-granite/,2026-09-28,stone,"10 tons = $1,044; smallest tier 3 tons = $674"
Soil Building Systems,https://www.sbs-inc.com,Dallas,pH Balanced Compost,compost,compost,59.99,cubic yard,59.99,54.54,not included; delivery quoted separately,not stated,https://www.sbs-inc.com/shop/soil-amendments/ph-balanced-compost/,2026-09-28,soil,
Soil Building Systems,https://www.sbs-inc.com,Dallas,Professional Compost,compost,compost,41.99,cubic yard,41.99,38.17,not included; delivery quoted separately,not stated,https://www.sbs-inc.com/shop/soil-amendments/professional-compost/,2026-09-28,soil,
Soil Building Systems,https://www.sbs-inc.com,Dallas,Blended Compost,compost,compost,58.99,cubic yard,58.99,53.63,not included; delivery quoted separately,not stated,https://www.sbs-inc.com/shop/soil-amendments/blended-compost/,2026-09-28,soil,
Soil Building Systems,https://www.sbs-inc.com,Dallas,Acid Lovers Compost,compost,compost,62.99,cubic yard,62.99,57.26,not included; delivery quoted separately,not stated,https://www.sbs-inc.com/shop/soil-amendments/acid-lovers-compost/,2026-09-28,soil,
Soil Building Systems,https://www.sbs-inc.com,Dallas,Gumbo Buster,garden mix,garden mix,105.99,cubic yard,105.99,96.35,not included; delivery quoted separately,not stated,https://www.sbs-inc.com/shop/soil-amendments/gumbo-buster/,2026-09-28,soil,
Soil Building Systems,https://www.sbs-inc.com,Dallas,Clay Slayer,garden mix,garden mix,78.99,cubic yard,78.99,71.81,not included; delivery quoted separately,not stated,https://www.sbs-inc.com/shop/soil-amendments/clay-slayer/,2026-09-28,soil,
Soil Building Systems,https://www.sbs-inc.com,Dallas,Expanded Shale,other,other: expanded shale,123.99,cubic yard,123.99,88.56,not included; delivery quoted separately,not stated,https://www.sbs-inc.com/shop/soil-amendments/expanded-shale/,2026-09-28,stone,
Soil Building Systems,https://www.sbs-inc.com,Dallas,Crushed Concrete – 3″ rock (down to 1-1/2″),flex base,flex base,34.99,cubic yard,34.99,24.99,not included; delivery quoted separately,not stated,https://www.sbs-inc.com/shop/landscape-rock/crushed-concrete-3-rock-down-to-1-1-2/,2026-09-28,stone,
Soil Building Systems,https://www.sbs-inc.com,Dallas,Crushed Concrete – 1-1/2″ rock (down to 3/4″),flex base,flex base,46.5,cubic yard,46.5,33.21,not included; delivery quoted separately,not stated,https://www.sbs-inc.com/shop/landscape-rock/crushed-concrete-1-1-2-rock-down-to-3-4/,2026-09-28,stone,
Soil Building Systems,https://www.sbs-inc.com,Dallas,Fill Dirt,select fill,select fill,16.99,cubic yard,16.99,15.45,not included; delivery quoted separately,not stated,https://www.sbs-inc.com/shop/clay-dirt/fill-dirt/,2026-09-28,soil,
Soil Building Systems,https://www.sbs-inc.com,Dallas,Sandy Loam (Screened),sandy loam,sandy loam,49.99,cubic yard,49.99,45.45,not included; delivery quoted separately,not stated,https://www.sbs-inc.com/shop/sand/sandy-loam-screened/,2026-09-28,soil,
Soil Building Systems,https://www.sbs-inc.com,Dallas,Turf Soil,garden mix,garden mix,77.99,cubic yard,77.99,70.9,not included; delivery quoted separately,not stated,https://www.sbs-inc.com/shop/lawn-soils/turf-soil/,2026-09-28,soil,
Soil Building Systems,https://www.sbs-inc.com,Dallas,Landscapers Blend (50/50),garden mix,garden mix,50.99,cubic yard,50.99,46.35,not included; delivery quoted separately,not stated,https://www.sbs-inc.com/shop/landscaping-soils/landscapers-blend-50-50/,2026-09-28,soil,
Soil Building Systems,https://www.sbs-inc.com,Dallas,Deep Bedding Soil,garden mix,garden mix,71.99,cubic yard,71.99,65.45,not included; delivery quoted separately,not stated,https://www.sbs-inc.com/shop/landscaping-soils/deep-bedding-soil/,2026-09-28,soil,
Soil Building Systems,https://www.sbs-inc.com,Dallas,Rose Mix,garden mix,garden mix,50.99,cubic yard,50.99,46.35,not included; delivery quoted separately,not stated,https://www.sbs-inc.com/shop/landscaping-soils/rose-mix/,2026-09-28,soil,
Soil Building Systems,https://www.sbs-inc.com,Dallas,pH Balanced Rose Mix,garden mix,garden mix,58.99,cubic yard,58.99,53.63,not included; delivery quoted separately,not stated,https://www.sbs-inc.com/shop/landscaping-soils/ph-balanced-rose-mix/,2026-09-28,soil,
Soil Building Systems,https://www.sbs-inc.com,Dallas,Ultra Container Soil,garden mix,garden mix,99.0,cubic yard,99.0,90.0,not included; delivery quoted separately,not stated,https://www.sbs-inc.com/shop/landscaping-soils/ultra-container-soil/,2026-09-28,soil,
Soil Building Systems,https://www.sbs-inc.com,Dallas,Specialty Organic-Growers’ Mix,garden mix,garden mix,56.99,cubic yard,56.99,51.81,not included; delivery quoted separately,not stated,https://www.sbs-inc.com/shop/landscaping-soils/specialty-organic-growers-mix/,2026-09-28,soil,
Soil Building Systems,https://www.sbs-inc.com,Dallas,Construction Mulch,other,other: playground mulch / wood chips,17.99,cubic yard,17.99,59.97,not included; delivery quoted separately,not stated,https://www.sbs-inc.com/shop/mulch/construction-mulch/,2026-09-28,mulch,
Soil Building Systems,https://www.sbs-inc.com,Dallas,pH Balanced Potting Compost,garden mix,garden mix,94.99,cubic yard,94.99,86.35,not included; delivery quoted separately,not stated,https://www.sbs-inc.com/shop/soil-amendments/ph-balanced-potting-compost/,2026-09-28,soil,
Soil Building Systems,https://www.sbs-inc.com,Dallas,Professional Potting Compost,garden mix,garden mix,82.99,cubic yard,82.99,75.45,not included; delivery quoted separately,not stated,https://www.sbs-inc.com/shop/soil-amendments/professional-potting-compost/,2026-09-28,soil,
Soil Building Systems,https://www.sbs-inc.com,Dallas,Playground Cushion Chips,other,other: playground mulch / wood chips,44.99,cubic yard,44.99,149.97,not included; delivery quoted separately,not stated,https://www.sbs-inc.com/shop/mulch/playground-cushion-chips/,2026-09-28,mulch,
Soil Building Systems,https://www.sbs-inc.com,Dallas,Washed Concrete Sand,washed sand,washed sand,72.99,cubic yard,72.99,54.07,not included; delivery quoted separately,not stated,https://www.sbs-inc.com/shop/sand/washed-concrete-sand/,2026-09-28,sand,
Soil Building Systems,https://www.sbs-inc.com,Dallas,Expanded Shale,other,other: expanded shale,124.99,cubic yard,124.99,89.28,not included; delivery quoted separately,not stated,https://www.sbs-inc.com/shop/landscape-rock/expanded-shale-2/,2026-09-28,stone,
Soil Building Systems,https://www.sbs-inc.com,Dallas,Decomposed Granite,decomposed granite,decomposed granite,92.99,cubic yard,92.99,66.42,not included; delivery quoted separately,not stated,https://www.sbs-inc.com/shop/landscape-rock/decomposed-granite/,2026-09-28,stone,
Soil Building Systems,https://www.sbs-inc.com,Dallas,Crushed Concrete Flex Base (1-1/2″),flex base,flex base,36.5,cubic yard,36.5,26.07,not included; delivery quoted separately,not stated,https://www.sbs-inc.com/shop/landscape-rock/crushed-concrete-flex-base-1-1-2/,2026-09-28,stone,
Soil Building Systems,https://www.sbs-inc.com,Dallas,Washed Mortar Sand,mason sand,mason sand,72.99,cubic yard,72.99,54.07,not included; delivery quoted separately,not stated,https://www.sbs-inc.com/shop/sand/washed-mortar-sand/,2026-09-28,sand,
Soil Building Systems,https://www.sbs-inc.com,Dallas,Screened Cushion Sand,select fill,select fill,45.99,cubic yard,45.99,34.07,not included; delivery quoted separately,not stated,https://www.sbs-inc.com/shop/sand/screened-cushion-sand/,2026-09-28,sand,
Soil Building Systems,https://www.sbs-inc.com,Dallas,Screened Black Dirt,sandy loam,sandy loam,44.99,cubic yard,44.99,40.9,not included; delivery quoted separately,not stated,https://www.sbs-inc.com/shop/sand/screened-black-dirt/,2026-09-28,soil,
Soil Building Systems,https://www.sbs-inc.com,Dallas,Enriched Top Soil,sandy loam,sandy loam,49.99,cubic yard,49.99,45.45,not included; delivery quoted separately,not stated,https://www.sbs-inc.com/shop/lawn-soils/enriched-top-soil/,2026-09-28,soil,
Soil Building Systems,https://www.sbs-inc.com,Dallas,pH Balanced Top Dressing,garden mix,garden mix,84.99,cubic yard,84.99,77.26,not included; delivery quoted separately,not stated,https://www.sbs-inc.com/shop/lawn-soils/ph-balanced-top-dressing/,2026-09-28,soil,
Soil Building Systems,https://www.sbs-inc.com,Dallas,Dairy Manure Top Dressing,garden mix,garden mix,75.99,cubic yard,75.99,69.08,not included; delivery quoted separately,not stated,https://www.sbs-inc.com/shop/lawn-soils/dairy-manure-top-dressing/,2026-09-28,soil,
Soil Building Systems,https://www.sbs-inc.com,Dallas,New Lawn Soil,garden mix,garden mix,55.99,cubic yard,55.99,50.9,not included; delivery quoted separately,not stated,https://www.sbs-inc.com/shop/lawn-soils/new-lawn-soil/,2026-09-28,soil,
Soil Building Systems,https://www.sbs-inc.com,Dallas,Professional Top Dressing,garden mix,garden mix,82.99,cubic yard,82.99,75.45,not included; delivery quoted separately,not stated,https://www.sbs-inc.com/shop/lawn-soils/professional-top-dressing/,2026-09-28,soil,
Soil Building Systems,https://www.sbs-inc.com,Dallas,Premium Vegetable Bed Blend,garden mix,garden mix,79.99,cubic yard,79.99,72.72,not included; delivery quoted separately,not stated,https://www.sbs-inc.com/shop/landscaping-soils/premium-vegetable-bed-blend/,2026-09-28,soil,
Soil Building Systems,https://www.sbs-inc.com,Dallas,Premium Potting Soil,garden mix,garden mix,78.99,cubic yard,78.99,71.81,not included; delivery quoted separately,not stated,https://www.sbs-inc.com/shop/bedding-mixes/premium-potting-soil/,2026-09-28,soil,
Soil Building Systems,https://www.sbs-inc.com,Dallas,Container Soil for Baskets,garden mix,garden mix,40.99,cubic yard,40.99,37.26,not included; delivery quoted separately,not stated,https://www.sbs-inc.com/shop/bedding-mixes/container-soil-for-baskets/,2026-09-28,soil,
Soil Building Systems,https://www.sbs-inc.com,Dallas,Revitalizer,garden mix,garden mix,61.99,cubic yard,61.99,56.35,not included; delivery quoted separately,not stated,https://www.sbs-inc.com/shop/bedding-mixes/revitalizer/,2026-09-28,soil,
Soil Building Systems,https://www.sbs-inc.com,Dallas,Bedding Soil (75/25),garden mix,garden mix,49.99,cubic yard,49.99,45.45,not included; delivery quoted separately,not stated,https://www.sbs-inc.com/shop/landscaping-soils/bedding-soil-75-25/,2026-09-28,soil,
Soil Building Systems,https://www.sbs-inc.com,Dallas,Ready-To-Plant,garden mix,garden mix,58.99,cubic yard,58.99,53.63,not included; delivery quoted separately,not stated,https://www.sbs-inc.com/shop/landscaping-soils/ready-to-plant/,2026-09-28,soil,
Soil Building Systems,https://www.sbs-inc.com,Dallas,Azalea Mix,garden mix,garden mix,66.99,cubic yard,66.99,60.9,not included; delivery quoted separately,not stated,https://www.sbs-inc.com/shop/bedding-mixes/azalea-mix/,2026-09-28,soil,
Soil Building Systems,https://www.sbs-inc.com,Dallas,Azalea Bed Fine Cut Mulch,other,other: specialty mulch,62.99,cubic yard,62.99,209.97,not included; delivery quoted separately,not stated,https://www.sbs-inc.com/shop/mulch/azalea-bed-fine-cut-mulch/,2026-09-28,mulch,
Soil Building Systems,https://www.sbs-inc.com,Dallas,Super Fine Hardwood Mulch,native hardwood mulch,native hardwood mulch,41.99,cubic yard,41.99,139.97,not included; delivery quoted separately,not stated,https://www.sbs-inc.com/shop/mulch/super-fine-hardwood-mulch/,2026-09-28,mulch,
Soil Building Systems,https://www.sbs-inc.com,Dallas,Red Mulch,dyed mulch,dyed mulch,43.99,cubic yard,43.99,146.63,not included; delivery quoted separately,not stated,https://www.sbs-inc.com/shop/mulch/red-mulch/,2026-09-28,mulch,
Soil Building Systems,https://www.sbs-inc.com,Dallas,Bois D’arc Mulch,other,other: specialty mulch,84.99,cubic yard,84.99,283.3,not included; delivery quoted separately,not stated,https://www.sbs-inc.com/shop/mulch/bois-darc-mulch/,2026-09-28,mulch,
Soil Building Systems,https://www.sbs-inc.com,Dallas,Azalea Bed Super Fine Mulch,other,other: specialty mulch,63.99,cubic yard,63.99,213.3,not included; delivery quoted separately,not stated,https://www.sbs-inc.com/shop/mulch/azalea-bed-super-fine-mulch/,2026-09-28,mulch,
Soil Building Systems,https://www.sbs-inc.com,Dallas,Rustic Cut Hardwood Mulch,native hardwood mulch,native hardwood mulch,32.99,cubic yard,32.99,109.97,not included; delivery quoted separately,not stated,https://soilbuildingsystems.com/products/budgetsensitive,2026-09-28,mulch,
The Organic Recycler,https://theorganicrecycler.com,Forest Hill / Dallas / Hutchins / Forney / Melissa,Grading Soil,sandy loam,sandy loam,55.0,cubic yard,55.0,50.0,not stated (online order; delivery scheduled by yard),not stated,https://theorganicrecycler.com/product/grading-soil-cubic-yard-only/,2026-09-28,soil,
The Organic Recycler,https://theorganicrecycler.com,Forest Hill / Dallas / Hutchins / Forney / Melissa,Cedar Mulch,cedar mulch,cedar mulch,65.0,cubic yard,65.0,216.67,not stated (online order; delivery scheduled by yard),not stated,https://theorganicrecycler.com/product/cedar-mulch/,2026-09-28,mulch,
The Organic Recycler,https://theorganicrecycler.com,Forest Hill / Dallas / Hutchins / Forney / Melissa,Pine Bark Mulch,other,other: pine bark mulch,63.0,cubic yard,63.0,210.0,not stated (online order; delivery scheduled by yard),not stated,https://theorganicrecycler.com/product/pine-bark-mulch/,2026-09-28,mulch,
The Organic Recycler,https://theorganicrecycler.com,Forest Hill / Dallas / Hutchins / Forney / Melissa,Expanded Shale 3/8″,other,other: expanded shale,179.0,cubic yard,179.0,127.86,not stated (online order; delivery scheduled by yard),not stated,https://theorganicrecycler.com/product/expanded-shale-3-8/,2026-09-28,stone,
The Organic Recycler,https://theorganicrecycler.com,Forest Hill / Dallas / Hutchins / Forney / Melissa,Decomposed Granite 5/8″,decomposed granite,decomposed granite,147.0,cubic yard,147.0,105.0,not stated (online order; delivery scheduled by yard),not stated,https://theorganicrecycler.com/product/decomposed-granite-5-8/,2026-09-28,stone,
The Organic Recycler,https://theorganicrecycler.com,Forest Hill / Dallas / Hutchins / Forney / Melissa,Mason Sand,mason sand,mason sand,128.0,cubic yard,128.0,94.81,not stated (online order; delivery scheduled by yard),not stated,https://theorganicrecycler.com/product/mason-sand/,2026-09-28,sand,
The Organic Recycler,https://theorganicrecycler.com,Forest Hill / Dallas / Hutchins / Forney / Melissa,Super Grow,garden mix,garden mix,176.0,cubic yard,176.0,160.0,not stated (online order; delivery scheduled by yard),not stated,https://theorganicrecycler.com/product/super-grow/,2026-09-28,soil,
The Organic Recycler,https://theorganicrecycler.com,Forest Hill / Dallas / Hutchins / Forney / Melissa,Azalea Mix,garden mix,garden mix,108.0,cubic yard,108.0,98.18,not stated (online order; delivery scheduled by yard),not stated,https://theorganicrecycler.com/product/azalea-mix/,2026-09-28,soil,
The Organic Recycler,https://theorganicrecycler.com,Forest Hill / Dallas / Hutchins / Forney / Melissa,All Purpose Planting Mix,garden mix,garden mix,55.0,cubic yard,55.0,50.0,not stated (online order; delivery scheduled by yard),not stated,https://theorganicrecycler.com/product/all-purpose-planting-mix/,2026-09-28,soil,
The Organic Recycler,https://theorganicrecycler.com,Forest Hill / Dallas / Hutchins / Forney / Melissa,Premium Compost,compost,compost,50.0,cubic yard,50.0,45.45,not stated (online order; delivery scheduled by yard),not stated,https://theorganicrecycler.com/product/premium-compost/,2026-09-28,soil,
The Organic Recycler,https://theorganicrecycler.com,Forest Hill / Dallas / Hutchins / Forney / Melissa,Colored Mulch,dyed mulch,dyed mulch,47.0,cubic yard,47.0,156.67,not stated (online order; delivery scheduled by yard),not stated,https://theorganicrecycler.com/product/colored-mulch/,2026-09-28,mulch,
The Organic Recycler,https://theorganicrecycler.com,Forest Hill / Dallas / Hutchins / Forney / Melissa,Finely Shredded Hardwood Mulch,native hardwood mulch,native hardwood mulch,46.0,cubic yard,46.0,153.33,not stated (online order; delivery scheduled by yard),not stated,https://theorganicrecycler.com/product/finely-shredded-hardwood-mulch/,2026-09-28,mulch,
The Organic Recycler,https://theorganicrecycler.com,Forest Hill / Dallas / Hutchins / Forney / Melissa,Hardwood Native Mulch,native hardwood mulch,native hardwood mulch,32.0,cubic yard,32.0,106.67,not stated (online order; delivery scheduled by yard),not stated,https://theorganicrecycler.com/product/hardwood-native-mulch/,2026-09-28,mulch,
Silver Creek Materials,https://silvercreekmaterials.com,Fort Worth,Premium Native Tree Mulch,native hardwood mulch,native hardwood mulch,32,cubic yard,32,106.67,not stated,$20 bulk purchase minimum,https://silvercreekmaterials.com/landscaping/landscaping-products/,2026-09-28,mulch,
Silver Creek Materials,https://silvercreekmaterials.com,Fort Worth,Aromatic Cedar Mulch,cedar mulch,cedar mulch,59,cubic yard,59,196.67,not stated,$20 bulk purchase minimum,https://silvercreekmaterials.com/landscaping/landscaping-products/,2026-09-28,mulch,
Silver Creek Materials,https://silvercreekmaterials.com,Fort Worth,Palo Duro Red Mulch (dyed),dyed mulch,dyed mulch,53,cubic yard,53,176.67,not stated,$20 bulk purchase minimum,https://silvercreekmaterials.com/landscaping/landscaping-products/,2026-09-28,mulch,
Silver Creek Materials,https://silvercreekmaterials.com,Fort Worth,Saddle Brown Mulch (dyed),dyed mulch,dyed mulch,53,cubic yard,53,176.67,not stated,$20 bulk purchase minimum,https://silvercreekmaterials.com/landscaping/landscaping-products/,2026-09-28,mulch,
Silver Creek Materials,https://silvercreekmaterials.com,Fort Worth,Black Anvil Mulch (dyed),dyed mulch,dyed mulch,53,cubic yard,53,176.67,not stated,$20 bulk purchase minimum,https://silvercreekmaterials.com/landscaping/landscaping-products/,2026-09-28,mulch,
Silver Creek Materials,https://silvercreekmaterials.com,Fort Worth,Enriched Organic Compost,compost,compost,55,cubic yard,55,50.0,not stated,$20 bulk purchase minimum,https://silvercreekmaterials.com/landscaping/landscaping-products/,2026-09-28,soil,
Silver Creek Materials,https://silvercreekmaterials.com,Fort Worth,Premium Soil Mix,garden mix,garden mix,45,cubic yard,45,40.91,not stated,$20 bulk purchase minimum,https://silvercreekmaterials.com/landscaping/landscaping-products/,2026-09-28,soil,
Silver Creek Materials,https://silvercreekmaterials.com,Fort Worth,Sandy Soil Mix,sandy loam,sandy loam,33,cubic yard,33,30.0,not stated,$20 bulk purchase minimum,https://silvercreekmaterials.com/landscaping/landscaping-products/,2026-09-28,soil,
Silver Creek Materials,https://silvercreekmaterials.com,Fort Worth,Zoo Poo compost,compost,compost,65,cubic yard,65,59.09,not stated,$20 bulk purchase minimum,https://silvercreekmaterials.com/landscaping/landscaping-products/,2026-09-28,soil,
Silver Creek Materials,https://silvercreekmaterials.com,Fort Worth,Bella Flora Potting Mix,garden mix,garden mix,63,cubic yard,63,57.27,not stated,$20 bulk purchase minimum,https://silvercreekmaterials.com/landscaping/landscaping-products/,2026-09-28,soil,
Silver Creek Materials,https://silvercreekmaterials.com,Fort Worth,Lava Sand Planting Mix,garden mix,garden mix,65,cubic yard,65,59.09,not stated,$20 bulk purchase minimum,https://silvercreekmaterials.com/landscaping/landscaping-products/,2026-09-28,soil,
Silver Creek Materials,https://silvercreekmaterials.com,Fort Worth,Masonry Sand,mason sand,mason sand,135,cubic yard,135,100.0,not stated,$20 bulk purchase minimum,https://silvercreekmaterials.com/landscaping/landscaping-products/,2026-09-28,sand,
Silver Creek Materials,https://silvercreekmaterials.com,Fort Worth,"1"" Crushed Limestone",#57 limestone,#57 limestone,130,cubic yard,130,92.86,not stated,$20 bulk purchase minimum,https://silvercreekmaterials.com/landscaping/landscaping-products/,2026-09-28,stone,
Silver Creek Materials,https://silvercreekmaterials.com,Fort Worth,Decomposed Granite,decomposed granite,decomposed granite,182,cubic yard,182,130.0,not stated,$20 bulk purchase minimum,https://silvercreekmaterials.com/landscaping/landscaping-products/,2026-09-28,stone,
Silver Creek Materials,https://silvercreekmaterials.com,Fort Worth,"Texas Blush Granite 1/2-1""",other,other: crushed granite gravel,171,cubic yard,171,122.14,not stated,$20 bulk purchase minimum,https://silvercreekmaterials.com/landscaping/landscaping-products/,2026-09-28,stone,
Silver Creek Materials,https://silvercreekmaterials.com,Fort Worth,"Pea Gravel 5/16""",pea gravel,pea gravel,125,cubic yard,125,89.29,not stated,$20 bulk purchase minimum,https://silvercreekmaterials.com/landscaping/landscaping-products/,2026-09-28,stone,
Silver Creek Materials,https://silvercreekmaterials.com,Fort Worth,"Utility Rock 3/4"" (Type 57)",#57 limestone,#57 limestone,125,cubic yard,125,89.29,not stated,$20 bulk purchase minimum,https://silvercreekmaterials.com/landscaping/landscaping-products/,2026-09-28,stone,
Silver Creek Materials,https://silvercreekmaterials.com,Fort Worth,"Brazos River Rock 1-3""",river rock,river rock,159,cubic yard,159,113.57,not stated,$20 bulk purchase minimum,https://silvercreekmaterials.com/landscaping/landscaping-products/,2026-09-28,stone,
Silver Creek Materials,https://silvercreekmaterials.com,Fort Worth,"Tex Mix River Rock 3/8-1""",river rock,river rock,155,cubic yard,155,110.71,not stated,$20 bulk purchase minimum,https://silvercreekmaterials.com/landscaping/landscaping-products/,2026-09-28,stone,
Silver Creek Materials,https://silvercreekmaterials.com,Fort Worth,Lateral Rock,river rock,river rock,69,cubic yard,69,49.29,not stated,$20 bulk purchase minimum,https://silvercreekmaterials.com/landscaping/landscaping-products/,2026-09-28,stone,
Silver Creek Materials,https://silvercreekmaterials.com,Fort Worth,Texas Country Cobble,river rock,river rock,159,cubic yard,159,113.57,not stated,$20 bulk purchase minimum,https://silvercreekmaterials.com/landscaping/landscaping-products/,2026-09-28,stone,
Silver Creek Materials,https://silvercreekmaterials.com,Fort Worth,"Sabine River Rock 2-4""",river rock,river rock,322,cubic yard,322,230.0,not stated,$20 bulk purchase minimum,https://silvercreekmaterials.com/landscaping/landscaping-products/,2026-09-28,stone,
Silver Creek Materials,https://silvercreekmaterials.com,Fort Worth,Black Star Rock,other,other: black star gravel,352,cubic yard,352,251.43,not stated,$20 bulk purchase minimum,https://silvercreekmaterials.com/landscaping/landscaping-products/,2026-09-28,stone,
Fort Worth Grass & Stone,https://fortworthgrass.com,Fort Worth,Decomposed Granite,decomposed granite,decomposed granite,110,cubic yard,110,78.57,"not included; pickup price, local delivery fee quoted",5 cubic yards for delivery,https://fortworthgrass.com/bulk-materials,2026-09-28,stone,
Fort Worth Grass & Stone,https://fortworthgrass.com,Fort Worth,"Gravel 1""",#57 limestone,#57 limestone,90,cubic yard,90,64.29,"not included; pickup price, local delivery fee quoted",5 cubic yards for delivery,https://fortworthgrass.com/bulk-materials,2026-09-28,stone,
Fort Worth Grass & Stone,https://fortworthgrass.com,Fort Worth,Masonry Sand,mason sand,mason sand,100,cubic yard,100,74.07,"not included; pickup price, local delivery fee quoted",5 cubic yards for delivery,https://fortworthgrass.com/bulk-materials,2026-09-28,sand,
Fort Worth Grass & Stone,https://fortworthgrass.com,Fort Worth,Premium Soil Mix,garden mix,garden mix,55,cubic yard,55,50.0,"not included; pickup price, local delivery fee quoted",5 cubic yards for delivery,https://fortworthgrass.com/bulk-materials,2026-09-28,soil,
Fort Worth Grass & Stone,https://fortworthgrass.com,Fort Worth,Texas Native Tree Mulch,native hardwood mulch,native hardwood mulch,50,cubic yard,50,166.67,"not included; pickup price, local delivery fee quoted",5 cubic yards for delivery,https://fortworthgrass.com/bulk-materials,2026-09-28,mulch,
Fort Worth Grass & Stone,https://fortworthgrass.com,Fort Worth,White Marble,other,other: marble chips,310,ton,434.0,310,"not included; pickup price, local delivery fee quoted",5 cubic yards for delivery,https://fortworthgrass.com/bulk-materials,2026-09-28,stone,
EarthMove,https://earthmove.io,Online – DFW (50-mile radius),Flex Base,flex base,flex base,21.6,cubic yard,21.6,15.43,not included; delivery base $175 per load + per-mile,10 cubic yards (flex base),https://earthmove.io/dallas-fort-worth,2026-09-28,stone,material-only price; delivery added at checkout
EarthMove,https://earthmove.io,Online – DFW (50-mile radius),Crusher Run,flex base,flex base,21.6,ton,30.24,21.6,not included; delivery base $175 per load + per-mile,10 cubic yards (flex base),https://earthmove.io/dallas-fort-worth,2026-09-28,stone,material-only price; delivery added at checkout
EarthMove,https://earthmove.io,Online – DFW (50-mile radius),Base Course,flex base,flex base,18,ton,25.2,18,not included; delivery base $175 per load + per-mile,10 cubic yards (flex base),https://earthmove.io/dallas-fort-worth,2026-09-28,stone,material-only price; delivery added at checkout
EarthMove,https://earthmove.io,Online – DFW (50-mile radius),Recycled Base,flex base,flex base,13.2,ton,18.48,13.2,not included; delivery base $175 per load + per-mile,10 cubic yards (flex base),https://earthmove.io/dallas-fort-worth,2026-09-28,stone,material-only price; delivery added at checkout
EarthMove,https://earthmove.io,Online – DFW (50-mile radius),#89 Stone,other,"other: crushed stone #67/#8/#89 (3/8-3/4"")",20.4,ton,28.56,20.4,not included; delivery base $175 per load + per-mile,10 cubic yards (flex base),https://earthmove.io/dallas-fort-worth,2026-09-28,stone,material-only price; delivery added at checkout
EarthMove,https://earthmove.io,Online – DFW (50-mile radius),Pea Gravel,pea gravel,pea gravel,33.6,ton,47.04,33.6,not included; delivery base $175 per load + per-mile,10 cubic yards (flex base),https://earthmove.io/dallas-fort-worth,2026-09-28,stone,material-only price; delivery added at checkout
EarthMove,https://earthmove.io,Online – DFW (50-mile radius),River Rock,river rock,river rock,252,ton,352.8,252,not included; delivery base $175 per load + per-mile,10 cubic yards (flex base),https://earthmove.io/dallas-fort-worth,2026-09-28,stone,material-only price; delivery added at checkout
EarthMove,https://earthmove.io,Online – DFW (50-mile radius),"River Rock 1-3""",river rock,river rock,120,ton,168.0,120,not included; delivery base $175 per load + per-mile,10 cubic yards (flex base),https://earthmove.io/dallas-fort-worth,2026-09-28,stone,material-only price; delivery added at checkout
EarthMove,https://earthmove.io,Online – DFW (50-mile radius),"River Rock 3-5""",river rock,river rock,276,ton,386.4,276,not included; delivery base $175 per load + per-mile,10 cubic yards (flex base),https://earthmove.io/dallas-fort-worth,2026-09-28,stone,material-only price; delivery added at checkout
EarthMove,https://earthmove.io,Online – DFW (50-mile radius),Crushed Granite Gray,other,other: crushed granite gravel,78,ton,109.2,78,not included; delivery base $175 per load + per-mile,10 cubic yards (flex base),https://earthmove.io/dallas-fort-worth,2026-09-28,stone,material-only price; delivery added at checkout
EarthMove,https://earthmove.io,Online – DFW (50-mile radius),Decomposed Granite,decomposed granite,decomposed granite,156,cubic yard,156,111.43,not included; delivery base $175 per load + per-mile,10 cubic yards (flex base),https://earthmove.io/dallas-fort-worth,2026-09-28,stone,material-only price; delivery added at checkout
EarthMove,https://earthmove.io,Online – DFW (50-mile radius),Crushed Limestone,#57 limestone,#57 limestone,106.8,cubic yard,106.8,76.29,not included; delivery base $175 per load + per-mile,10 cubic yards (flex base),https://earthmove.io/dallas-fort-worth,2026-09-28,stone,material-only price; delivery added at checkout
EarthMove,https://earthmove.io,Online – DFW (50-mile radius),Manufactured Sand,washed sand,washed sand,42,ton,56.7,42,not included; delivery base $175 per load + per-mile,10 cubic yards (flex base),https://earthmove.io/dallas-fort-worth,2026-09-28,sand,material-only price; delivery added at checkout
EarthMove,https://earthmove.io,Online – DFW (50-mile radius),Concrete Sand,washed sand,washed sand,24,ton,32.4,24,not included; delivery base $175 per load + per-mile,10 cubic yards (flex base),https://earthmove.io/dallas-fort-worth,2026-09-28,sand,material-only price; delivery added at checkout
EarthMove,https://earthmove.io,Online – DFW (50-mile radius),Masonry Sand,mason sand,mason sand,24,ton,32.4,24,not included; delivery base $175 per load + per-mile,10 cubic yards (flex base),https://earthmove.io/dallas-fort-worth,2026-09-28,sand,material-only price; delivery added at checkout
EarthMove,https://earthmove.io,Online – DFW (50-mile radius),Utility Sand,select fill,select fill,7.2,cubic yard,7.2,5.33,not included; delivery base $175 per load + per-mile,10 cubic yards (flex base),https://earthmove.io/dallas-fort-worth,2026-09-28,sand,material-only price; delivery added at checkout
EarthMove,https://earthmove.io,Online – DFW (50-mile radius),Bedding Sand,select fill,select fill,7.8,cubic yard,7.8,5.78,not included; delivery base $175 per load + per-mile,10 cubic yards (flex base),https://earthmove.io/dallas-fort-worth,2026-09-28,sand,material-only price; delivery added at checkout
EarthMove,https://earthmove.io,Online – DFW (50-mile radius),Screened Topsoil,sandy loam,sandy loam,21.6,cubic yard,21.6,19.64,not included; delivery base $175 per load + per-mile,10 cubic yards (flex base),https://earthmove.io/dallas-fort-worth,2026-09-28,soil,material-only price; delivery added at checkout
EarthMove,https://earthmove.io,Online – DFW (50-mile radius),Topsoil,sandy loam,sandy loam,9.6,ton,10.56,9.6,not included; delivery base $175 per load + per-mile,10 cubic yards (flex base),https://earthmove.io/dallas-fort-worth,2026-09-28,soil,material-only price; delivery added at checkout
EarthMove,https://earthmove.io,Online – DFW (50-mile radius),Fill Dirt,select fill,select fill,4.2,ton,4.62,4.2,not included; delivery base $175 per load + per-mile,10 cubic yards (flex base),https://earthmove.io/dallas-fort-worth,2026-09-28,soil,material-only price; delivery added at checkout
EarthMove,https://earthmove.io,Online – DFW (50-mile radius),Select Fill,select fill,select fill,8.4,cubic yard,8.4,7.64,not included; delivery base $175 per load + per-mile,10 cubic yards (flex base),https://earthmove.io/dallas-fort-worth,2026-09-28,soil,material-only price; delivery added at checkout
EarthMove,https://earthmove.io,Online – DFW (50-mile radius),Rip Rap,other,other: rip rap / boulders,38.4,ton,53.76,38.4,not included; delivery base $175 per load + per-mile,10 cubic yards (flex base),https://earthmove.io/dallas-fort-worth,2026-09-28,stone,material-only price; delivery added at checkout
EarthMove,https://earthmove.io,Online – DFW (50-mile radius),Mexican Beach Pebble,other,other: mexican beach pebble,900,ton,1260.0,900,not included; delivery base $175 per load + per-mile,10 cubic yards (flex base),https://earthmove.io/dallas-fort-worth,2026-09-28,stone,material-only price; delivery added at checkout
EarthMove,https://earthmove.io,Online – DFW (50-mile radius),Crushed Asphalt,other,other: asphalt millings,16.8,ton,23.52,16.8,not included; delivery base $175 per load + per-mile,10 cubic yards (flex base),https://earthmove.io/dallas-fort-worth,2026-09-28,stone,material-only price; delivery added at checkout
EarthMove,https://earthmove.io,Online – DFW (50-mile radius),Landscape Rock,other,other: landscape rock (unspecified),234,ton,327.6,234,not included; delivery base $175 per load + per-mile,10 cubic yards (flex base),https://earthmove.io/dallas-fort-worth,2026-09-28,stone,material-only price; delivery added at checkout
Dallas Sod & Fence,https://www.dallassodandfencing.com,Midlothian,Topsoil (screened),sandy loam,sandy loam,65,cubic yard,65,59.09,not included; call for delivery rates,not stated,https://www.dallassodandfencing.com/landscaping-materials/,2026-09-28,soil,
Dallas Sod & Fence,https://www.dallassodandfencing.com,Midlothian,Black Mulch (dyed),dyed mulch,dyed mulch,70,cubic yard,70,233.33,not included; call for delivery rates,not stated,https://www.dallassodandfencing.com/landscaping-materials/,2026-09-28,mulch,
Dallas Sod & Fence,https://www.dallassodandfencing.com,Midlothian,Brown Mulch,native hardwood mulch,native hardwood mulch,70,cubic yard,70,233.33,not included; call for delivery rates,not stated,https://www.dallassodandfencing.com/landscaping-materials/,2026-09-28,mulch,
Dallas Sod & Fence,https://www.dallassodandfencing.com,Midlothian,Mason Sand,mason sand,mason sand,75,cubic yard,75,55.56,not included; call for delivery rates,not stated,https://www.dallassodandfencing.com/landscaping-materials/,2026-09-28,sand,
Dallas Sod & Fence,https://www.dallassodandfencing.com,Midlothian,Black Star Gravel,other,other: black star gravel,260,ton,364.0,260,not included; call for delivery rates,not stated,https://www.dallassodandfencing.com/landscaping-materials/,2026-09-28,stone,
Dallas Sod & Fence,https://www.dallassodandfencing.com,Midlothian,"Crushed Limestone 1-1.5""",#57 limestone,#57 limestone,85,ton,119.0,85,not included; call for delivery rates,not stated,https://www.dallassodandfencing.com/landscaping-materials/,2026-09-28,stone,
Dallas Sod & Fence,https://www.dallassodandfencing.com,Midlothian,Decomposed Granite,decomposed granite,decomposed granite,130,ton,182.0,130,not included; call for delivery rates,not stated,https://www.dallassodandfencing.com/landscaping-materials/,2026-09-28,stone,
Dallas Sod & Fence,https://www.dallassodandfencing.com,Midlothian,Pea Gravel,pea gravel,pea gravel,110,ton,154.0,110,not included; call for delivery rates,not stated,https://www.dallassodandfencing.com/landscaping-materials/,2026-09-28,stone,
Dallas Sod & Fence,https://www.dallassodandfencing.com,Midlothian,Arizona Cobbles,river rock,river rock,260,ton,364.0,260,not included; call for delivery rates,not stated,https://www.dallassodandfencing.com/landscaping-materials/,2026-09-28,stone,
Dallas Sod & Fence,https://www.dallassodandfencing.com,Midlothian,Salt & Pepper Cobbles,river rock,river rock,260,ton,364.0,260,not included; call for delivery rates,not stated,https://www.dallassodandfencing.com/landscaping-materials/,2026-09-28,stone,
Dallas Sod & Fence,https://www.dallassodandfencing.com,Midlothian,Rainbow Cobbles,river rock,river rock,260,ton,364.0,260,not included; call for delivery rates,not stated,https://www.dallassodandfencing.com/landscaping-materials/,2026-09-28,stone,
Dallas Sod & Fence,https://www.dallassodandfencing.com,Midlothian,Snow White Marble,other,other: marble chips,270,ton,378.0,270,not included; call for delivery rates,not stated,https://www.dallassodandfencing.com/landscaping-materials/,2026-09-28,stone,
Dallas Sod & Fence,https://www.dallassodandfencing.com,Midlothian,Mexican Ivory Marble,other,other: marble chips,250,ton,350.0,250,not included; call for delivery rates,not stated,https://www.dallassodandfencing.com/landscaping-materials/,2026-09-28,stone,
Texas Pure Products,https://texaspureproducts.com,Plano / Melissa,Compost,compost,compost,40,cubic yard,40,36.36,$50 flat (Allen/Frisco/McKinney/Plano/Richardson); $4 per loaded mile elsewhere ($50 min),3 cubic yards per product,https://texaspureproducts.com/149/Products-and-Pricing,2026-09-28,soil,non-member price; member price ~$2 less
Texas Pure Products,https://texaspureproducts.com,Plano / Melissa,Compost Ultra,compost,compost,48,cubic yard,48,43.64,$50 flat (Allen/Frisco/McKinney/Plano/Richardson); $4 per loaded mile elsewhere ($50 min),3 cubic yards per product,https://texaspureproducts.com/149/Products-and-Pricing,2026-09-28,soil,non-member price; member price ~$2 less
Texas Pure Products,https://texaspureproducts.com,Plano / Melissa,Planting Mix,garden mix,garden mix,49,cubic yard,49,44.55,$50 flat (Allen/Frisco/McKinney/Plano/Richardson); $4 per loaded mile elsewhere ($50 min),3 cubic yards per product,https://texaspureproducts.com/149/Products-and-Pricing,2026-09-28,soil,non-member price; member price ~$2 less
Texas Pure Products,https://texaspureproducts.com,Plano / Melissa,Turf Blend,garden mix,garden mix,52,cubic yard,52,47.27,$50 flat (Allen/Frisco/McKinney/Plano/Richardson); $4 per loaded mile elsewhere ($50 min),3 cubic yards per product,https://texaspureproducts.com/149/Products-and-Pricing,2026-09-28,soil,non-member price; member price ~$2 less
Texas Pure Products,https://texaspureproducts.com,Plano / Melissa,Compost/Sand Blend,garden mix,garden mix,43,cubic yard,43,39.09,$50 flat (Allen/Frisco/McKinney/Plano/Richardson); $4 per loaded mile elsewhere ($50 min),3 cubic yards per product,https://texaspureproducts.com/149/Products-and-Pricing,2026-09-28,soil,non-member price; member price ~$2 less
Texas Pure Products,https://texaspureproducts.com,Plano / Melissa,Powerful Potting Mix,garden mix,garden mix,88,cubic yard,88,80.0,$50 flat (Allen/Frisco/McKinney/Plano/Richardson); $4 per loaded mile elsewhere ($50 min),3 cubic yards per product,https://texaspureproducts.com/149/Products-and-Pricing,2026-09-28,soil,non-member price; member price ~$2 less
Texas Pure Products,https://texaspureproducts.com,Plano / Melissa,Native Hardwood Mulch,native hardwood mulch,native hardwood mulch,26,cubic yard,26,86.67,$50 flat (Allen/Frisco/McKinney/Plano/Richardson); $4 per loaded mile elsewhere ($50 min),3 cubic yards per product,https://texaspureproducts.com/149/Products-and-Pricing,2026-09-28,mulch,non-member price; member price ~$2 less
Texas Pure Products,https://texaspureproducts.com,Plano / Melissa,Aged Hardwood Mulch,native hardwood mulch,native hardwood mulch,32,cubic yard,32,106.67,$50 flat (Allen/Frisco/McKinney/Plano/Richardson); $4 per loaded mile elsewhere ($50 min),3 cubic yards per product,https://texaspureproducts.com/149/Products-and-Pricing,2026-09-28,mulch,non-member price; member price ~$2 less
Texas Pure Products,https://texaspureproducts.com,Plano / Melissa,Colored Wood Mulch (dyed),dyed mulch,dyed mulch,38,cubic yard,38,126.67,$50 flat (Allen/Frisco/McKinney/Plano/Richardson); $4 per loaded mile elsewhere ($50 min),3 cubic yards per product,https://texaspureproducts.com/149/Products-and-Pricing,2026-09-28,mulch,non-member price; member price ~$2 less
Noles Enterprises,https://nolesenterprises.com,Denton,Select Fill,select fill,select fill,30,cubic yard,30,27.27,not stated,not stated,https://nolesenterprises.com/bulk-materials/,2026-09-28,soil,unit per cubic yard stated for some items; assumed for the rest
Noles Enterprises,https://nolesenterprises.com,Denton,Sandy Loam,sandy loam,sandy loam,35,cubic yard,35,31.82,not stated,not stated,https://nolesenterprises.com/bulk-materials/,2026-09-28,soil,unit per cubic yard stated for some items; assumed for the rest
Noles Enterprises,https://nolesenterprises.com,Denton,Topsoil,sandy loam,sandy loam,35,cubic yard,35,31.82,not stated,not stated,https://nolesenterprises.com/bulk-materials/,2026-09-28,soil,unit per cubic yard stated for some items; assumed for the rest
Noles Enterprises,https://nolesenterprises.com,Denton,Compost,compost,compost,40,cubic yard,40,36.36,not stated,not stated,https://nolesenterprises.com/bulk-materials/,2026-09-28,soil,unit per cubic yard stated for some items; assumed for the rest
Noles Enterprises,https://nolesenterprises.com,Denton,50/50 Mix (compost & sand),garden mix,garden mix,45,cubic yard,45,40.91,not stated,not stated,https://nolesenterprises.com/bulk-materials/,2026-09-28,soil,unit per cubic yard stated for some items; assumed for the rest
Noles Enterprises,https://nolesenterprises.com,Denton,"Compost Mix (1/3 compost, sand, pine bark)",garden mix,garden mix,50,cubic yard,50,45.45,not stated,not stated,https://nolesenterprises.com/bulk-materials/,2026-09-28,soil,unit per cubic yard stated for some items; assumed for the rest
Noles Enterprises,https://nolesenterprises.com,Denton,Hardwood Mulch,native hardwood mulch,native hardwood mulch,50,cubic yard,50,166.67,not stated,not stated,https://nolesenterprises.com/bulk-materials/,2026-09-28,mulch,unit per cubic yard stated for some items; assumed for the rest
Noles Enterprises,https://nolesenterprises.com,Denton,Pine Bark Mulch,other,other: pine bark mulch,50,cubic yard,50,166.67,not stated,not stated,https://nolesenterprises.com/bulk-materials/,2026-09-28,mulch,unit per cubic yard stated for some items; assumed for the rest
Noles Enterprises,https://nolesenterprises.com,Denton,Mortar Sand,mason sand,mason sand,80,cubic yard,80,59.26,not stated,not stated,https://nolesenterprises.com/bulk-materials/,2026-09-28,sand,unit per cubic yard stated for some items; assumed for the rest
Noles Enterprises,https://nolesenterprises.com,Denton,Concrete Sand,washed sand,washed sand,80,cubic yard,80,59.26,not stated,not stated,https://nolesenterprises.com/bulk-materials/,2026-09-28,sand,unit per cubic yard stated for some items; assumed for the rest
Noles Enterprises,https://nolesenterprises.com,Denton,Cushion Sand,select fill,select fill,35,cubic yard,35,25.93,not stated,not stated,https://nolesenterprises.com/bulk-materials/,2026-09-28,sand,unit per cubic yard stated for some items; assumed for the rest
Noles Enterprises,https://nolesenterprises.com,Denton,Pea Gravel (colorful neutrals),pea gravel,pea gravel,110,cubic yard,110,78.57,not stated,not stated,https://nolesenterprises.com/bulk-materials/,2026-09-28,stone,unit per cubic yard stated for some items; assumed for the rest
Noles Enterprises,https://nolesenterprises.com,Denton,Pea Gravel (light/white),pea gravel,pea gravel,90,cubic yard,90,64.29,not stated,not stated,https://nolesenterprises.com/bulk-materials/,2026-09-28,stone,unit per cubic yard stated for some items; assumed for the rest
Noles Enterprises,https://nolesenterprises.com,Denton,"Native River Rock 1""",river rock,river rock,90,cubic yard,90,64.29,not stated,not stated,https://nolesenterprises.com/bulk-materials/,2026-09-28,stone,unit per cubic yard stated for some items; assumed for the rest
Noles Enterprises,https://nolesenterprises.com,Denton,"Light Native River Rock 2-3""",river rock,river rock,90,cubic yard,90,64.29,not stated,not stated,https://nolesenterprises.com/bulk-materials/,2026-09-28,stone,unit per cubic yard stated for some items; assumed for the rest
Noles Enterprises,https://nolesenterprises.com,Denton,OK Native River Rock,river rock,river rock,200,cubic yard,200,142.86,not stated,not stated,https://nolesenterprises.com/bulk-materials/,2026-09-28,stone,unit per cubic yard stated for some items; assumed for the rest
Noles Enterprises,https://nolesenterprises.com,Denton,"Flexbase 1.5""",flex base,flex base,70,cubic yard,70,50.0,not stated,not stated,https://nolesenterprises.com/bulk-materials/,2026-09-28,stone,unit per cubic yard stated for some items; assumed for the rest
Noles Enterprises,https://nolesenterprises.com,Denton,Limestone Screenings,other,other: limestone screenings / stone dust,80,cubic yard,80,59.26,not stated,not stated,https://nolesenterprises.com/bulk-materials/,2026-09-28,sand,unit per cubic yard stated for some items; assumed for the rest
Noles Enterprises,https://nolesenterprises.com,Denton,"3/8"" Washed Limestone",#57 limestone,#57 limestone,80,cubic yard,80,57.14,not stated,not stated,https://nolesenterprises.com/bulk-materials/,2026-09-28,stone,unit per cubic yard stated for some items; assumed for the rest
Noles Enterprises,https://nolesenterprises.com,Denton,"1"" Washed Limestone",#57 limestone,#57 limestone,80,cubic yard,80,57.14,not stated,not stated,https://nolesenterprises.com/bulk-materials/,2026-09-28,stone,unit per cubic yard stated for some items; assumed for the rest
Noles Enterprises,https://nolesenterprises.com,Denton,"1.5"" Washed Limestone",#57 limestone,#57 limestone,80,cubic yard,80,57.14,not stated,not stated,https://nolesenterprises.com/bulk-materials/,2026-09-28,stone,unit per cubic yard stated for some items; assumed for the rest
Noles Enterprises,https://nolesenterprises.com,Denton,"1"" OK Gray/Pink Washed Granite",other,other: crushed granite gravel,135,cubic yard,135,96.43,not stated,not stated,https://nolesenterprises.com/bulk-materials/,2026-09-28,stone,unit per cubic yard stated for some items; assumed for the rest
Noles Enterprises,https://nolesenterprises.com,Denton,OK Brown Decomposed Granite,decomposed granite,decomposed granite,95,cubic yard,95,67.86,not stated,not stated,https://nolesenterprises.com/bulk-materials/,2026-09-28,stone,unit per cubic yard stated for some items; assumed for the rest
Noles Enterprises,https://nolesenterprises.com,Denton,"3/8"" TX Brown/Pink Washed Granite",other,other: crushed granite gravel,150,cubic yard,150,107.14,not stated,not stated,https://nolesenterprises.com/bulk-materials/,2026-09-28,stone,unit per cubic yard stated for some items; assumed for the rest
Noles Enterprises,https://nolesenterprises.com,Denton,"Black Star Gravel 1"" or 2""",other,other: black star gravel,275,cubic yard,275,196.43,not stated,not stated,https://nolesenterprises.com/bulk-materials/,2026-09-28,stone,unit per cubic yard stated for some items; assumed for the rest
Noles Enterprises,https://nolesenterprises.com,Denton,Colorado River Rock,river rock,river rock,375,ton,525.0,375,not stated,not stated,https://nolesenterprises.com/bulk-materials/,2026-09-28,stone,unit per cubic yard stated for some items; assumed for the rest
Noles Enterprises,https://nolesenterprises.com,Denton,"Colorado Bull Rock 2-5""",river rock,river rock,250,ton,350.0,250,not stated,not stated,https://nolesenterprises.com/bulk-materials/,2026-09-28,stone,unit per cubic yard stated for some items; assumed for the rest
Noles Enterprises,https://nolesenterprises.com,Denton,"Colorado Blend River Rock 1-3""",river rock,river rock,250,ton,350.0,250,not stated,not stated,https://nolesenterprises.com/bulk-materials/,2026-09-28,stone,unit per cubic yard stated for some items; assumed for the rest
Noles Enterprises,https://nolesenterprises.com,Denton,Salt & Pepper River Rock,river rock,river rock,350,ton,490.0,350,not stated,not stated,https://nolesenterprises.com/bulk-materials/,2026-09-28,stone,unit per cubic yard stated for some items; assumed for the rest
Fill Dirt Near Me,https://filldirtnearme.net,Online – Grapevine / DFW-wide,Clean Fill Dirt,select fill,select fill,10,cubic yard,10,9.09,included (delivered price),10 cubic yards,https://filldirtnearme.net/texas/grapevine/,2026-09-28,soil,
Fill Dirt Near Me,https://filldirtnearme.net,Online – Grapevine / DFW-wide,Screened Topsoil,sandy loam,sandy loam,17,cubic yard,17,15.45,included (delivered price),10 cubic yards,https://filldirtnearme.net/texas/grapevine/,2026-09-28,soil,
Fill Dirt Near Me,https://filldirtnearme.net,Online – Grapevine / DFW-wide,Structural Fill,select fill,select fill,20,cubic yard,20,18.18,included (delivered price),10 cubic yards,https://filldirtnearme.net/texas/grapevine/,2026-09-28,soil,
Fill Dirt Near Me,https://filldirtnearme.net,Online – Grapevine / DFW-wide,Select Fill,select fill,select fill,20,cubic yard,20,18.18,included (delivered price),10 cubic yards,https://filldirtnearme.net/texas/grapevine/,2026-09-28,soil,
Fill Dirt Near Me,https://filldirtnearme.net,Online – Grapevine / DFW-wide,Sand (from),other,other: fill / concrete sand,22,cubic yard,22,16.3,included (delivered price),10 cubic yards,https://filldirtnearme.net/texas/grapevine/,2026-09-28,sand,
Fill Dirt Near Me,https://filldirtnearme.net,Online – Grapevine / DFW-wide,Gravel (from),other,other: crushed driveway / walkway gravel,25,cubic yard,25,17.86,included (delivered price),10 cubic yards,https://filldirtnearme.net/texas/grapevine/,2026-09-28,stone,
Aggregate Markets,https://aggregatemarkets.com,Online marketplace – Fort Worth,Limestone #89,other,"other: crushed stone #67/#8/#89 (3/8-3/4"")",63.45,ton,88.83,63.45,not stated (marketplace; delivery quoted at checkout),not stated,https://aggregatemarkets.com/en/locations/texas/tarrant/fort-worth/products,2026-09-28,stone,
Aggregate Markets,https://aggregatemarkets.com,Online marketplace – Fort Worth,Limestone #67,other,"other: crushed stone #67/#8/#89 (3/8-3/4"")",48.6,ton,68.04,48.6,not stated (marketplace; delivery quoted at checkout),not stated,https://aggregatemarkets.com/en/locations/texas/tarrant/fort-worth/products,2026-09-28,stone,
Aggregate Markets,https://aggregatemarkets.com,Online marketplace – Fort Worth,"Pea Gravel 3/8""",pea gravel,pea gravel,55.35,ton,77.49,55.35,not stated (marketplace; delivery quoted at checkout),not stated,https://aggregatemarkets.com/en/locations/texas/tarrant/fort-worth/products,2026-09-28,stone,
Aggregate Markets,https://aggregatemarkets.com,Online marketplace – Fort Worth,Limestone #10 (screenings),other,other: limestone screenings / stone dust,43.2,ton,58.32,43.2,not stated (marketplace; delivery quoted at checkout),not stated,https://aggregatemarkets.com/en/locations/texas/tarrant/fort-worth/products,2026-09-28,sand,
Aggregate Markets,https://aggregatemarkets.com,Online marketplace – Fort Worth,Limestone #5,other,"other: crushed stone #4/#5/#53 (1-3"")",40.5,ton,56.7,40.5,not stated (marketplace; delivery quoted at checkout),not stated,https://aggregatemarkets.com/en/locations/texas/tarrant/fort-worth/products,2026-09-28,stone,
Aggregate Markets,https://aggregatemarkets.com,Online marketplace – Fort Worth,Granite #57,#57 limestone,#57 limestone,91.8,ton,128.52,91.8,not stated (marketplace; delivery quoted at checkout),not stated,https://aggregatemarkets.com/en/locations/texas/tarrant/fort-worth/products,2026-09-28,stone,
Aggregate Markets,https://aggregatemarkets.com,Online marketplace – Fort Worth,Crusher Run,flex base,flex base,45.9,ton,64.26,45.9,not stated (marketplace; delivery quoted at checkout),not stated,https://aggregatemarkets.com/en/locations/texas/tarrant/fort-worth/products,2026-09-28,stone,
Aggregate Markets,https://aggregatemarkets.com,Online marketplace – Fort Worth,"Limestone 3/4""",#57 limestone,#57 limestone,52.65,ton,73.71,52.65,not stated (marketplace; delivery quoted at checkout),not stated,https://aggregatemarkets.com/en/locations/texas/tarrant/fort-worth/products,2026-09-28,stone,
Aggregate Markets,https://aggregatemarkets.com,Online marketplace – Fort Worth,Limestone #57,#57 limestone,#57 limestone,56.7,ton,79.38,56.7,not stated (marketplace; delivery quoted at checkout),not stated,https://aggregatemarkets.com/en/locations/texas/tarrant/fort-worth/products,2026-09-28,stone,
Aggregate Markets,https://aggregatemarkets.com,Online marketplace – Fort Worth,Base Course,flex base,flex base,45.9,ton,64.26,45.9,not stated (marketplace; delivery quoted at checkout),not stated,https://aggregatemarkets.com/en/locations/texas/tarrant/fort-worth/products,2026-09-28,stone,
Aggregate Markets,https://aggregatemarkets.com,Online marketplace – Fort Worth,"Flex Base 1""",flex base,flex base,47.25,ton,66.15,47.25,not stated (marketplace; delivery quoted at checkout),not stated,https://aggregatemarkets.com/en/locations/texas/tarrant/fort-worth/products,2026-09-28,stone,
Aggregate Markets,https://aggregatemarkets.com,Online marketplace – Fort Worth,"Texas River Stone 1""",river rock,river rock,120.29,ton,168.41,120.29,not stated (marketplace; delivery quoted at checkout),not stated,https://aggregatemarkets.com/en/locations/texas/tarrant/fort-worth/products,2026-09-28,stone,
Aggregate Markets,https://aggregatemarkets.com,Online marketplace – Fort Worth,"River Rock 1.5""",river rock,river rock,99.9,ton,139.86,99.9,not stated (marketplace; delivery quoted at checkout),not stated,https://aggregatemarkets.com/en/locations/texas/tarrant/fort-worth/products,2026-09-28,stone,
Aggregate Markets,https://aggregatemarkets.com,Online marketplace – Fort Worth,"River Rock 1-3""",river rock,river rock,60.36,ton,84.5,60.36,not stated (marketplace; delivery quoted at checkout),not stated,https://aggregatemarkets.com/en/locations/texas/tarrant/fort-worth/products,2026-09-28,stone,
Aggregate Markets,https://aggregatemarkets.com,Online marketplace – Fort Worth,Limestone #4,other,"other: crushed stone #4/#5/#53 (1-3"")",41.85,ton,58.59,41.85,not stated (marketplace; delivery quoted at checkout),not stated,https://aggregatemarkets.com/en/locations/texas/tarrant/fort-worth/products,2026-09-28,stone,
Aggregate Markets,https://aggregatemarkets.com,Online marketplace – Fort Worth,Limestone #53,other,"other: crushed stone #4/#5/#53 (1-3"")",44.55,ton,62.37,44.55,not stated (marketplace; delivery quoted at checkout),not stated,https://aggregatemarkets.com/en/locations/texas/tarrant/fort-worth/products,2026-09-28,stone,
Aggregate Markets,https://aggregatemarkets.com,Online marketplace – Fort Worth,Mexican Beach Pebbles,other,other: mexican beach pebble,850.5,ton,1190.7,850.5,not stated (marketplace; delivery quoted at checkout),not stated,https://aggregatemarkets.com/en/locations/texas/tarrant/fort-worth/products,2026-09-28,stone,
Aggregate Markets,https://aggregatemarkets.com,Online marketplace – Fort Worth,Asphalt Millings,other,other: asphalt millings,91.8,ton,128.52,91.8,not stated (marketplace; delivery quoted at checkout),not stated,https://aggregatemarkets.com/en/locations/texas/tarrant/fort-worth/products,2026-09-28,stone,
Redhawk Earthworks,https://www.redhawkearthworks.com,Denton County,Common Fill,select fill,select fill,25,cubic yard,25,22.73,not stated,not stated,https://www.redhawkearthworks.com/copy-of-services,2026-09-28,soil,
Redhawk Earthworks,https://www.redhawkearthworks.com,Denton County,Crushed Asphalt,other,other: asphalt millings,50,cubic yard,50,35.71,not stated,not stated,https://www.redhawkearthworks.com/copy-of-services,2026-09-28,stone,
Redhawk Earthworks,https://www.redhawkearthworks.com,Denton County,Cyclone Sand,select fill,select fill,50,cubic yard,50,37.04,not stated,not stated,https://www.redhawkearthworks.com/copy-of-services,2026-09-28,sand,
Redhawk Earthworks,https://www.redhawkearthworks.com,Denton County,Garden Mix,garden mix,garden mix,60,cubic yard,60,54.55,not stated,not stated,https://www.redhawkearthworks.com/copy-of-services,2026-09-28,soil,
Redhawk Earthworks,https://www.redhawkearthworks.com,Denton County,"1"" Limestone",#57 limestone,#57 limestone,85,cubic yard,85,60.71,not stated,not stated,https://www.redhawkearthworks.com/copy-of-services,2026-09-28,stone,
Redhawk Earthworks,https://www.redhawkearthworks.com,Denton County,"3/8"" Pea Gravel",pea gravel,pea gravel,70,cubic yard,70,50.0,not stated,not stated,https://www.redhawkearthworks.com/copy-of-services,2026-09-28,stone,
Redhawk Earthworks,https://www.redhawkearthworks.com,Denton County,"1"" River Rock",river rock,river rock,70,cubic yard,70,50.0,not stated,not stated,https://www.redhawkearthworks.com/copy-of-services,2026-09-28,stone,
Redhawk Earthworks,https://www.redhawkearthworks.com,Denton County,Roadbase,flex base,flex base,50,cubic yard,50,35.71,not stated,not stated,https://www.redhawkearthworks.com/copy-of-services,2026-09-28,stone,
Redhawk Earthworks,https://www.redhawkearthworks.com,Denton County,Screened Topsoil,sandy loam,sandy loam,45,cubic yard,45,40.91,not stated,not stated,https://www.redhawkearthworks.com/copy-of-services,2026-09-28,soil,
Trophy Trucking,https://www.trophytrucking.com,Burleson / Lillian / Cleburne pits,Select Fill,select fill,select fill,5,cubic yard,5,4.55,"not included; pit pickup price, hauling quoted separately",not stated,https://www.trophytrucking.com/material-facilities/,2026-09-28,soil,
Trophy Trucking,https://www.trophytrucking.com,Burleson / Lillian / Cleburne pits,Common Fill,select fill,select fill,3.5,cubic yard,3.5,3.18,"not included; pit pickup price, hauling quoted separately",not stated,https://www.trophytrucking.com/material-facilities/,2026-09-28,soil,
Trophy Trucking,https://www.trophytrucking.com,Burleson / Lillian / Cleburne pits,Screened Sand,washed sand,washed sand,7.5,cubic yard,7.5,5.56,"not included; pit pickup price, hauling quoted separately",not stated,https://www.trophytrucking.com/material-facilities/,2026-09-28,sand,
Trophy Trucking,https://www.trophytrucking.com,Burleson / Lillian / Cleburne pits,Cushion Sand,select fill,select fill,6,cubic yard,6,4.44,"not included; pit pickup price, hauling quoted separately",not stated,https://www.trophytrucking.com/material-facilities/,2026-09-28,sand,
Trophy Trucking,https://www.trophytrucking.com,Burleson / Lillian / Cleburne pits,Topsoil,sandy loam,sandy loam,10,cubic yard,10,9.09,"not included; pit pickup price, hauling quoted separately",not stated,https://www.trophytrucking.com/material-facilities/,2026-09-28,soil,
Trophy Trucking,https://www.trophytrucking.com,Burleson / Lillian / Cleburne pits,Screened Topsoil,sandy loam,sandy loam,15,cubic yard,15,13.64,"not included; pit pickup price, hauling quoted separately",not stated,https://www.trophytrucking.com/material-facilities/,2026-09-28,soil,
Luna Trucking,https://www.lunatruckingco.com,Fort Worth,Screened Topsoil,sandy loam,sandy loam,265,per truckload (size not stated),,,"included (delivered price, local Fort Worth area)",1 load,https://www.lunatruckingco.com/pricing,2026-09-28,soil,load size not published; per-yd/per-ton not computable
Luna Trucking,https://www.lunatruckingco.com,Fort Worth,Premium Soil Mix,garden mix,garden mix,365,per truckload (size not stated),,,"included (delivered price, local Fort Worth area)",1 load,https://www.lunatruckingco.com/pricing,2026-09-28,soil,load size not published; per-yd/per-ton not computable
Luna Trucking,https://www.lunatruckingco.com,Fort Worth,Fill Dirt,select fill,select fill,165,per truckload (size not stated),,,"included (delivered price, local Fort Worth area)",1 load,https://www.lunatruckingco.com/pricing,2026-09-28,soil,load size not published; per-yd/per-ton not computable
Luna Trucking,https://www.lunatruckingco.com,Fort Worth,Select Fill,select fill,select fill,180,per truckload (size not stated),,,"included (delivered price, local Fort Worth area)",1 load,https://www.lunatruckingco.com/pricing,2026-09-28,soil,load size not published; per-yd/per-ton not computable
Luna Trucking,https://www.lunatruckingco.com,Fort Worth,Cushion Sand,select fill,select fill,175,per truckload (size not stated),,,"included (delivered price, local Fort Worth area)",1 load,https://www.lunatruckingco.com/pricing,2026-09-28,sand,load size not published; per-yd/per-ton not computable
Luna Trucking,https://www.lunatruckingco.com,Fort Worth,Screened Cushion Sand,select fill,select fill,190,per truckload (size not stated),,,"included (delivered price, local Fort Worth area)",1 load,https://www.lunatruckingco.com/pricing,2026-09-28,sand,load size not published; per-yd/per-ton not computable
Luna Trucking,https://www.lunatruckingco.com,Fort Worth,"1"" Gravel (crushed concrete)",flex base,flex base,290,per truckload (size not stated),,,"included (delivered price, local Fort Worth area)",1 load,https://www.lunatruckingco.com/pricing,2026-09-28,stone,load size not published; per-yd/per-ton not computable
Luna Trucking,https://www.lunatruckingco.com,Fort Worth,"1.5"" Gravel",flex base,flex base,265,per truckload (size not stated),,,"included (delivered price, local Fort Worth area)",1 load,https://www.lunatruckingco.com/pricing,2026-09-28,stone,load size not published; per-yd/per-ton not computable
Luna Trucking,https://www.lunatruckingco.com,Fort Worth,Pea Gravel,pea gravel,pea gravel,365,per truckload (size not stated),,,"included (delivered price, local Fort Worth area)",1 load,https://www.lunatruckingco.com/pricing,2026-09-28,stone,load size not published; per-yd/per-ton not computable
Luna Trucking,https://www.lunatruckingco.com,Fort Worth,Road Base,flex base,flex base,250,per truckload (size not stated),,,"included (delivered price, local Fort Worth area)",1 load,https://www.lunatruckingco.com/pricing,2026-09-28,stone,load size not published; per-yd/per-ton not computable
City of Denton – Dyno Dirt,https://www.cityofdenton.com/181/Dyno-Dirt,Denton,Dyno Dirt (compost),compost,compost,36.96,cubic yard,36.96,33.6,not included; pickup price (1-9 yd tier); delivery arranged separately,not stated,https://www.cityofdenton.com/181/Dyno-Dirt,2026-09-28,soil,"20% off 10+ yd, 30% off 100+ yd"
City of Denton – Dyno Dirt,https://www.cityofdenton.com/181/Dyno-Dirt,Denton,Dyno Lite (soil blend),garden mix,garden mix,36.96,cubic yard,36.96,33.6,not included; pickup price (1-9 yd tier); delivery arranged separately,not stated,https://www.cityofdenton.com/181/Dyno-Dirt,2026-09-28,soil,"20% off 10+ yd, 30% off 100+ yd"
City of Denton – Dyno Dirt,https://www.cityofdenton.com/181/Dyno-Dirt,Denton,Dyno Soil,sandy loam,sandy loam,43.12,cubic yard,43.12,39.2,not included; pickup price (1-9 yd tier); delivery arranged separately,not stated,https://www.cityofdenton.com/181/Dyno-Dirt,2026-09-28,soil,"20% off 10+ yd, 30% off 100+ yd"
City of Denton – Dyno Dirt,https://www.cityofdenton.com/181/Dyno-Dirt,Denton,Dyno Double Grind Mulch,native hardwood mulch,native hardwood mulch,21.57,cubic yard,21.57,71.9,not included; pickup price (1-9 yd tier); delivery arranged separately,not stated,https://www.cityofdenton.com/181/Dyno-Dirt,2026-09-28,mulch,"20% off 10+ yd, 30% off 100+ yd"
City of Denton – Dyno Dirt,https://www.cityofdenton.com/181/Dyno-Dirt,Denton,Dyno Deco-Colored Mulch (dyed),dyed mulch,dyed mulch,36.96,cubic yard,36.96,123.2,not included; pickup price (1-9 yd tier); delivery arranged separately,not stated,https://www.cityofdenton.com/181/Dyno-Dirt,2026-09-28,mulch,"20% off 10+ yd, 30% off 100+ yd"
Milestone Trucks (online broker),https://milestonetrucks.com,Online – Dallas delivery page,Garden Soil,garden mix,garden mix,36.5,cubic yard,36.5,33.18,not included; delivery priced by distance,1 cubic yard,https://milestonetrucks.com/product/garden-soil-delivery-in-dallas-texas/,2026-09-28,soil,out-of-state online broker
Sod & Surplus Supply,https://www.sodandsurplussupply.com,McKinney,Top Soil,sandy loam,sandy loam,45,cubic yard,45,40.91,not stated,not stated,https://www.sodandsurplussupply.com/sod-pricing,2026-09-28,soil,
Sod & Surplus Supply,https://www.sodandsurplussupply.com,McKinney,Black Mulch (dyed),dyed mulch,dyed mulch,45,cubic yard,45,150.0,not stated,not stated,https://www.sodandsurplussupply.com/sod-pricing,2026-09-28,mulch,
Sod & Surplus Supply,https://www.sodandsurplussupply.com,McKinney,Brown Mulch,native hardwood mulch,native hardwood mulch,45,cubic yard,45,150.0,not stated,not stated,https://www.sodandsurplussupply.com/sod-pricing,2026-09-28,mulch,
Sod & Surplus Supply,https://www.sodandsurplussupply.com,McKinney,Black Star,other,other: black star gravel,255,cubic yard,255,182.14,not stated,not stated,https://www.sodandsurplussupply.com/sod-pricing,2026-09-28,stone,
Sod & Surplus Supply,https://www.sodandsurplussupply.com,McKinney,Limestone,#57 limestone,#57 limestone,55,cubic yard,55,39.29,not stated,not stated,https://www.sodandsurplussupply.com/sod-pricing,2026-09-28,stone,
Amigos Compost,https://amigoscompost.com,Online – Dallas delivery page (HQ Amarillo),Garden Blend (bulk),garden mix,garden mix,85,cubic yard,85,77.27,not stated,not stated,https://amigoscompost.com/shop-dallas/,2026-09-28,soil,
Hello Gravel,https://hellogravel.com,Online – delivered to Dallas 75201,#57 Crushed Stone,#57 limestone,#57 limestone,103.69,ton,145.17,103.69,included (delivered 'starting at' price at full truckload),3 tons,https://hellogravel.com/products/?zip=75201,2026-09-28,stone,starting-at price for full truckload; smaller loads cost more per unit
Hello Gravel,https://hellogravel.com,Online – delivered to Dallas 75201,"1 1/2"" Crushed Gravel",other,"other: crushed stone #4/#5/#53 (1-3"")",79.9,ton,111.86,79.9,included (delivered 'starting at' price at full truckload),3 tons,https://hellogravel.com/products/?zip=75201,2026-09-28,stone,starting-at price for full truckload; smaller loads cost more per unit
Hello Gravel,https://hellogravel.com,Online – delivered to Dallas 75201,"3/4"" Crushed Stone",#57 limestone,#57 limestone,122.87,ton,172.02,122.87,included (delivered 'starting at' price at full truckload),3 tons,https://hellogravel.com/products/?zip=75201,2026-09-28,stone,starting-at price for full truckload; smaller loads cost more per unit
Hello Gravel,https://hellogravel.com,Online – delivered to Dallas 75201,"3/8"" Crushed Stone",other,"other: crushed stone #67/#8/#89 (3/8-3/4"")",113.88,ton,159.43,113.88,included (delivered 'starting at' price at full truckload),3 tons,https://hellogravel.com/products/?zip=75201,2026-09-28,stone,starting-at price for full truckload; smaller loads cost more per unit
Hello Gravel,https://hellogravel.com,Online – delivered to Dallas 75201,"3/8"" Natural Pea Gravel",pea gravel,pea gravel,112.97,ton,158.16,112.97,included (delivered 'starting at' price at full truckload),3 tons,https://hellogravel.com/products/?zip=75201,2026-09-28,stone,starting-at price for full truckload; smaller loads cost more per unit
Hello Gravel,https://hellogravel.com,Online – delivered to Dallas 75201,Compost Soil,garden mix,garden mix,113.55,cubic yard,113.55,103.23,included (delivered 'starting at' price at full truckload),3 tons,https://hellogravel.com/products/?zip=75201,2026-09-28,soil,starting-at price for full truckload; smaller loads cost more per unit
Hello Gravel,https://hellogravel.com,Online – delivered to Dallas 75201,Crushed Concrete,flex base,flex base,127.29,ton,178.21,127.29,included (delivered 'starting at' price at full truckload),3 tons,https://hellogravel.com/products/?zip=75201,2026-09-28,stone,starting-at price for full truckload; smaller loads cost more per unit
Hello Gravel,https://hellogravel.com,Online – delivered to Dallas 75201,Decomposed Granite,decomposed granite,decomposed granite,121.92,ton,170.69,121.92,included (delivered 'starting at' price at full truckload),3 tons,https://hellogravel.com/products/?zip=75201,2026-09-28,stone,starting-at price for full truckload; smaller loads cost more per unit
Hello Gravel,https://hellogravel.com,Online – delivered to Dallas 75201,Drain Rock,other,"other: crushed stone #67/#8/#89 (3/8-3/4"")",127.46,ton,178.44,127.46,included (delivered 'starting at' price at full truckload),3 tons,https://hellogravel.com/products/?zip=75201,2026-09-28,stone,starting-at price for full truckload; smaller loads cost more per unit
Hello Gravel,https://hellogravel.com,Online – delivered to Dallas 75201,Driveway Gravel,other,other: crushed driveway / walkway gravel,140.69,ton,196.97,140.69,included (delivered 'starting at' price at full truckload),3 tons,https://hellogravel.com/products/?zip=75201,2026-09-28,stone,starting-at price for full truckload; smaller loads cost more per unit
Hello Gravel,https://hellogravel.com,Online – delivered to Dallas 75201,Fill Dirt,select fill,select fill,56.01,ton,61.61,56.01,included (delivered 'starting at' price at full truckload),3 tons,https://hellogravel.com/products/?zip=75201,2026-09-28,soil,starting-at price for full truckload; smaller loads cost more per unit
Hello Gravel,https://hellogravel.com,Online – delivered to Dallas 75201,Garden Soil,garden mix,garden mix,96.38,ton,106.02,96.38,included (delivered 'starting at' price at full truckload),3 tons,https://hellogravel.com/products/?zip=75201,2026-09-28,soil,starting-at price for full truckload; smaller loads cost more per unit
Hello Gravel,https://hellogravel.com,Online – delivered to Dallas 75201,Mason Sand,mason sand,mason sand,96.64,ton,130.46,96.64,included (delivered 'starting at' price at full truckload),3 tons,https://hellogravel.com/products/?zip=75201,2026-09-28,sand,starting-at price for full truckload; smaller loads cost more per unit
Hello Gravel,https://hellogravel.com,Online – delivered to Dallas 75201,River Rock,river rock,river rock,293.83,ton,411.36,293.83,included (delivered 'starting at' price at full truckload),3 tons,https://hellogravel.com/products/?zip=75201,2026-09-28,stone,starting-at price for full truckload; smaller loads cost more per unit
Hello Gravel,https://hellogravel.com,Online – delivered to Dallas 75201,Road Base,flex base,flex base,106.46,ton,149.04,106.46,included (delivered 'starting at' price at full truckload),3 tons,https://hellogravel.com/products/?zip=75201,2026-09-28,stone,starting-at price for full truckload; smaller loads cost more per unit
Hello Gravel,https://hellogravel.com,Online – delivered to Dallas 75201,Shredded Black Mulch,dyed mulch,dyed mulch,153.71,cubic yard,153.71,512.37,included (delivered 'starting at' price at full truckload),3 tons,https://hellogravel.com/products/?zip=75201,2026-09-28,mulch,starting-at price for full truckload; smaller loads cost more per unit
Hello Gravel,https://hellogravel.com,Online – delivered to Dallas 75201,Shredded Red Mulch,dyed mulch,dyed mulch,136.55,cubic yard,136.55,455.17,included (delivered 'starting at' price at full truckload),3 tons,https://hellogravel.com/products/?zip=75201,2026-09-28,mulch,starting-at price for full truckload; smaller loads cost more per unit
Hello Gravel,https://hellogravel.com,Online – delivered to Dallas 75201,Topsoil,sandy loam,sandy loam,90.06,ton,99.07,90.06,included (delivered 'starting at' price at full truckload),3 tons,https://hellogravel.com/products/?zip=75201,2026-09-28,soil,starting-at price for full truckload; smaller loads cost more per unit
Hello Gravel,https://hellogravel.com,Online – delivered to Dallas 75201,Walkway Gravel,other,other: crushed driveway / walkway gravel,113.88,ton,159.43,113.88,included (delivered 'starting at' price at full truckload),3 tons,https://hellogravel.com/products/?zip=75201,2026-09-28,stone,starting-at price for full truckload; smaller loads cost more per unit
Hello Gravel,https://hellogravel.com,Online – delivered to Dallas 75201,#89 Crushed Stone,other,"other: crushed stone #67/#8/#89 (3/8-3/4"")",69.51,ton,97.31,69.51,included (delivered 'starting at' price at full truckload),3 tons,https://hellogravel.com/products/?zip=75201,2026-09-28,stone,starting-at price for full truckload; smaller loads cost more per unit
Hello Gravel,https://hellogravel.com,Online – delivered to Dallas 75201,"Riprap Medium (12-24"")",other,other: rip rap / boulders,78.43,ton,109.8,78.43,included (delivered 'starting at' price at full truckload),3 tons,https://hellogravel.com/products/?zip=75201,2026-09-28,stone,starting-at price for full truckload; smaller loads cost more per unit
Hello Gravel,https://hellogravel.com,Online – delivered to Dallas 75201,Playground Sand,washed sand,washed sand,94.74,ton,127.9,94.74,included (delivered 'starting at' price at full truckload),3 tons,https://hellogravel.com/products/?zip=75201,2026-09-28,sand,starting-at price for full truckload; smaller loads cost more per unit
Hello Gravel,https://hellogravel.com,Online – delivered to Dallas 75201,#4 Crushed Stone,other,"other: crushed stone #4/#5/#53 (1-3"")",85.56,ton,119.78,85.56,included (delivered 'starting at' price at full truckload),3 tons,https://hellogravel.com/products/?zip=75201,2026-09-28,stone,starting-at price for full truckload; smaller loads cost more per unit
Hello Gravel,https://hellogravel.com,Online – delivered to Dallas 75201,Fill Sand,select fill,select fill,54.91,ton,74.13,54.91,included (delivered 'starting at' price at full truckload),3 tons,https://hellogravel.com/products/?zip=75201,2026-09-28,sand,starting-at price for full truckload; smaller loads cost more per unit
Hello Gravel,https://hellogravel.com,Online – delivered to Dallas 75201,Concrete Sand,washed sand,washed sand,76.63,ton,103.45,76.63,included (delivered 'starting at' price at full truckload),3 tons,https://hellogravel.com/products/?zip=75201,2026-09-28,sand,starting-at price for full truckload; smaller loads cost more per unit
Hello Gravel,https://hellogravel.com,Online – delivered to Dallas 75201,Wood Chips,other,other: playground mulch / wood chips,201.49,cubic yard,201.49,671.63,included (delivered 'starting at' price at full truckload),3 tons,https://hellogravel.com/products/?zip=75201,2026-09-28,mulch,starting-at price for full truckload; smaller loads cost more per unit
Hello Gravel,https://hellogravel.com,Online – delivered to Dallas 75201,Railroad Ballast,other,other: rip rap / boulders,150.99,ton,211.39,150.99,included (delivered 'starting at' price at full truckload),3 tons,https://hellogravel.com/products/?zip=75201,2026-09-28,stone,starting-at price for full truckload; smaller loads cost more per unit
Hello Gravel,https://hellogravel.com,Online – delivered to Dallas 75201,#67 Stone,other,"other: crushed stone #67/#8/#89 (3/8-3/4"")",71.17,ton,99.64,71.17,included (delivered 'starting at' price at full truckload),3 tons,https://hellogravel.com/products/?zip=75201,2026-09-28,stone,starting-at price for full truckload; smaller loads cost more per unit
Hello Gravel,https://hellogravel.com,Online – delivered to Dallas 75201,Asphalt Millings,other,other: asphalt millings,52.94,ton,74.12,52.94,included (delivered 'starting at' price at full truckload),3 tons,https://hellogravel.com/products/?zip=75201,2026-09-28,stone,starting-at price for full truckload; smaller loads cost more per unit
Hello Gravel,https://hellogravel.com,Online – delivered to Dallas 75201,Stone Dust (Screenings),other,other: limestone screenings / stone dust,62.56,ton,84.46,62.56,included (delivered 'starting at' price at full truckload),3 tons,https://hellogravel.com/products/?zip=75201,2026-09-28,sand,starting-at price for full truckload; smaller loads cost more per unit
Hello Gravel,https://hellogravel.com,Online – delivered to Dallas 75201,Shredded Hardwood Mulch,native hardwood mulch,native hardwood mulch,153.71,cubic yard,153.71,512.37,included (delivered 'starting at' price at full truckload),3 tons,https://hellogravel.com/products/?zip=75201,2026-09-28,mulch,starting-at price for full truckload; smaller loads cost more per unit
Gravelshop,https://www.gravelshop.com,Online – delivered to Dallas 75201,21AA Limestone (1 1/2 inch minus),flex base,flex base,44.82,ton,62.75,44.82,included (delivered 'from' price to ZIP; quantity-dependent),not stated (quantity tiers at checkout),https://www.gravelshop.com/texas-34/dallas-county-2560/75201-dallas/,2026-09-28,stone,'from' price = lowest quantity tier
Gravelshop,https://www.gravelshop.com,Online – delivered to Dallas 75201,Baserock Limestone (2 inch minus),flex base,flex base,44.82,ton,62.75,44.82,included (delivered 'from' price to ZIP; quantity-dependent),not stated (quantity tiers at checkout),https://www.gravelshop.com/texas-34/dallas-county-2560/75201-dallas/,2026-09-28,stone,'from' price = lowest quantity tier
Gravelshop,https://www.gravelshop.com,Online – delivered to Dallas 75201,Crusher Fines (3/8 inch minus stone screenings),other,other: limestone screenings / stone dust,52.08,ton,70.31,52.08,included (delivered 'from' price to ZIP; quantity-dependent),not stated (quantity tiers at checkout),https://www.gravelshop.com/texas-34/dallas-county-2560/75201-dallas/,2026-09-28,sand,'from' price = lowest quantity tier
Gravelshop,https://www.gravelshop.com,Online – delivered to Dallas 75201,Crusher Run (2 inch minus),flex base,flex base,54.63,ton,76.48,54.63,included (delivered 'from' price to ZIP; quantity-dependent),not stated (quantity tiers at checkout),https://www.gravelshop.com/texas-34/dallas-county-2560/75201-dallas/,2026-09-28,stone,'from' price = lowest quantity tier
Gravelshop,https://www.gravelshop.com,Online – delivered to Dallas 75201,Fill Sand,select fill,select fill,63.44,ton,85.64,63.44,included (delivered 'from' price to ZIP; quantity-dependent),not stated (quantity tiers at checkout),https://www.gravelshop.com/texas-34/dallas-county-2560/75201-dallas/,2026-09-28,sand,'from' price = lowest quantity tier
Gravelshop,https://www.gravelshop.com,Online – delivered to Dallas 75201,Flexbase (1 1/2 inch minus),flex base,flex base,54.63,ton,76.48,54.63,included (delivered 'from' price to ZIP; quantity-dependent),not stated (quantity tiers at checkout),https://www.gravelshop.com/texas-34/dallas-county-2560/75201-dallas/,2026-09-28,stone,'from' price = lowest quantity tier
Gravelshop,https://www.gravelshop.com,Online – delivered to Dallas 75201,Play Sand,washed sand,washed sand,105.88,cubic yard,105.88,78.43,included (delivered 'from' price to ZIP; quantity-dependent),not stated (quantity tiers at checkout),https://www.gravelshop.com/texas-34/dallas-county-2560/75201-dallas/,2026-09-28,sand,'from' price = lowest quantity tier
Gravelshop,https://www.gravelshop.com,Online – delivered to Dallas 75201,Black Star Basalt Rock (5/8 inch),other,other: black star gravel,366.25,cubic yard,366.25,261.61,included (delivered 'from' price to ZIP; quantity-dependent),not stated (quantity tiers at checkout),https://www.gravelshop.com/texas-34/dallas-county-2560/75201-dallas/,2026-09-28,stone,'from' price = lowest quantity tier
Gravelshop,https://www.gravelshop.com,Online – delivered to Dallas 75201,Crushed Marble (1 - 2 inch),other,other: marble chips,584.25,cubic yard,584.25,417.32,included (delivered 'from' price to ZIP; quantity-dependent),not stated (quantity tiers at checkout),https://www.gravelshop.com/texas-34/dallas-county-2560/75201-dallas/,2026-09-28,stone,'from' price = lowest quantity tier
Gravelshop,https://www.gravelshop.com,Online – delivered to Dallas 75201,Red Lava Rock (1 - 1 1/2 inch),other,other: lava rock,310.0,cubic yard,310.0,221.43,included (delivered 'from' price to ZIP; quantity-dependent),not stated (quantity tiers at checkout),https://www.gravelshop.com/texas-34/dallas-county-2560/75201-dallas/,2026-09-28,stone,'from' price = lowest quantity tier
Gravelshop,https://www.gravelshop.com,Online – delivered to Dallas 75201,White Marble Chips (1 inch),other,other: marble chips,584.25,cubic yard,584.25,417.32,included (delivered 'from' price to ZIP; quantity-dependent),not stated (quantity tiers at checkout),https://www.gravelshop.com/texas-34/dallas-county-2560/75201-dallas/,2026-09-28,stone,'from' price = lowest quantity tier
Gravelshop,https://www.gravelshop.com,Online – delivered to Dallas 75201,#57 Pink/Tan Granite Gravel (1/2 - 1 inch),#57 limestone,#57 limestone,189.47,cubic yard,189.47,135.34,included (delivered 'from' price to ZIP; quantity-dependent),not stated (quantity tiers at checkout),https://www.gravelshop.com/texas-34/dallas-county-2560/75201-dallas/,2026-09-28,stone,'from' price = lowest quantity tier
Gravelshop,https://www.gravelshop.com,Online – delivered to Dallas 75201,#3 Limestone (2 - 3 inch),other,"other: crushed stone #4/#5/#53 (1-3"")",83.19,ton,116.47,83.19,included (delivered 'from' price to ZIP; quantity-dependent),not stated (quantity tiers at checkout),https://www.gravelshop.com/texas-34/dallas-county-2560/75201-dallas/,2026-09-28,stone,'from' price = lowest quantity tier
Gravelshop,https://www.gravelshop.com,Online – delivered to Dallas 75201,#4 Limestone (1 1/2 - 2 1/2 inch),other,"other: crushed stone #4/#5/#53 (1-3"")",83.19,ton,116.47,83.19,included (delivered 'from' price to ZIP; quantity-dependent),not stated (quantity tiers at checkout),https://www.gravelshop.com/texas-34/dallas-county-2560/75201-dallas/,2026-09-28,stone,'from' price = lowest quantity tier
Gravelshop,https://www.gravelshop.com,Online – delivered to Dallas 75201,#5 Limestone Gravel (1 inch),other,"other: crushed stone #4/#5/#53 (1-3"")",105.11,cubic yard,105.11,75.08,included (delivered 'from' price to ZIP; quantity-dependent),not stated (quantity tiers at checkout),https://www.gravelshop.com/texas-34/dallas-county-2560/75201-dallas/,2026-09-28,stone,'from' price = lowest quantity tier
Gravelshop,https://www.gravelshop.com,Online – delivered to Dallas 75201,#57 Commercial Limestone Gravel (3/4 inch),#57 limestone,#57 limestone,99.61,ton,139.45,99.61,included (delivered 'from' price to ZIP; quantity-dependent),not stated (quantity tiers at checkout),https://www.gravelshop.com/texas-34/dallas-county-2560/75201-dallas/,2026-09-28,stone,'from' price = lowest quantity tier
Gravelshop,https://www.gravelshop.com,Online – delivered to Dallas 75201,#57 Limestone Gravel (1/2 - 1 inch),#57 limestone,#57 limestone,105.11,cubic yard,105.11,75.08,included (delivered 'from' price to ZIP; quantity-dependent),not stated (quantity tiers at checkout),https://www.gravelshop.com/texas-34/dallas-county-2560/75201-dallas/,2026-09-28,stone,'from' price = lowest quantity tier
Gravelshop,https://www.gravelshop.com,Online – delivered to Dallas 75201,#67 Limestone Gravel (3/4 inch),other,"other: crushed stone #67/#8/#89 (3/8-3/4"")",68.96,ton,96.54,68.96,included (delivered 'from' price to ZIP; quantity-dependent),not stated (quantity tiers at checkout),https://www.gravelshop.com/texas-34/dallas-county-2560/75201-dallas/,2026-09-28,stone,'from' price = lowest quantity tier
Gravelshop,https://www.gravelshop.com,Online – delivered to Dallas 75201,#8 Limestone Pea Gravel (3/8 inch),pea gravel,pea gravel,99.61,ton,139.45,99.61,included (delivered 'from' price to ZIP; quantity-dependent),not stated (quantity tiers at checkout),https://www.gravelshop.com/texas-34/dallas-county-2560/75201-dallas/,2026-09-28,stone,'from' price = lowest quantity tier
Gravelshop,https://www.gravelshop.com,Online – delivered to Dallas 75201,#89 Limestone Pea Gravel (3/8 inch),pea gravel,pea gravel,99.61,ton,139.45,99.61,included (delivered 'from' price to ZIP; quantity-dependent),not stated (quantity tiers at checkout),https://www.gravelshop.com/texas-34/dallas-county-2560/75201-dallas/,2026-09-28,stone,'from' price = lowest quantity tier
Gravelshop,https://www.gravelshop.com,Online – delivered to Dallas 75201,Driveway Gravel #57 Gray (3/4 inch),#57 limestone,#57 limestone,84.54,ton,118.36,84.54,included (delivered 'from' price to ZIP; quantity-dependent),not stated (quantity tiers at checkout),https://www.gravelshop.com/texas-34/dallas-county-2560/75201-dallas/,2026-09-28,stone,'from' price = lowest quantity tier
Gravelshop,https://www.gravelshop.com,Online – delivered to Dallas 75201,Limestone (1 1/2 inch),#57 limestone,#57 limestone,83.19,ton,116.47,83.19,included (delivered 'from' price to ZIP; quantity-dependent),not stated (quantity tiers at checkout),https://www.gravelshop.com/texas-34/dallas-county-2560/75201-dallas/,2026-09-28,stone,'from' price = lowest quantity tier
Gravelshop,https://www.gravelshop.com,Online – delivered to Dallas 75201,#57 Limestone Gravel Gray (1/2 - 1 inch),#57 limestone,#57 limestone,84.54,ton,118.36,84.54,included (delivered 'from' price to ZIP; quantity-dependent),not stated (quantity tiers at checkout),https://www.gravelshop.com/texas-34/dallas-county-2560/75201-dallas/,2026-09-28,stone,'from' price = lowest quantity tier
Gravelshop,https://www.gravelshop.com,Online – delivered to Dallas 75201,#89 Limestone Gray (3/8 inch),other,"other: crushed stone #67/#8/#89 (3/8-3/4"")",72.63,ton,101.68,72.63,included (delivered 'from' price to ZIP; quantity-dependent),not stated (quantity tiers at checkout),https://www.gravelshop.com/texas-34/dallas-county-2560/75201-dallas/,2026-09-28,stone,'from' price = lowest quantity tier
Gravelshop,https://www.gravelshop.com,Online – delivered to Dallas 75201,Black Mulch,dyed mulch,dyed mulch,62.87,cubic yard,62.87,209.57,included (delivered 'from' price to ZIP; quantity-dependent),not stated (quantity tiers at checkout),https://www.gravelshop.com/texas-34/dallas-county-2560/75201-dallas/,2026-09-28,mulch,'from' price = lowest quantity tier
Gravelshop,https://www.gravelshop.com,Online – delivered to Dallas 75201,Brown Mulch,native hardwood mulch,native hardwood mulch,62.87,cubic yard,62.87,209.57,included (delivered 'from' price to ZIP; quantity-dependent),not stated (quantity tiers at checkout),https://www.gravelshop.com/texas-34/dallas-county-2560/75201-dallas/,2026-09-28,mulch,'from' price = lowest quantity tier
Gravelshop,https://www.gravelshop.com,Online – delivered to Dallas 75201,Cedar Mulch,cedar mulch,cedar mulch,78.3,cubic yard,78.3,261.0,included (delivered 'from' price to ZIP; quantity-dependent),not stated (quantity tiers at checkout),https://www.gravelshop.com/texas-34/dallas-county-2560/75201-dallas/,2026-09-28,mulch,'from' price = lowest quantity tier
Gravelshop,https://www.gravelshop.com,Online – delivered to Dallas 75201,Pine Bark,other,other: pine bark mulch,78.3,cubic yard,78.3,261.0,included (delivered 'from' price to ZIP; quantity-dependent),not stated (quantity tiers at checkout),https://www.gravelshop.com/texas-34/dallas-county-2560/75201-dallas/,2026-09-28,mulch,'from' price = lowest quantity tier
Gravelshop,https://www.gravelshop.com,Online – delivered to Dallas 75201,Playground Mulch,other,other: playground mulch / wood chips,78.3,cubic yard,78.3,261.0,included (delivered 'from' price to ZIP; quantity-dependent),not stated (quantity tiers at checkout),https://www.gravelshop.com/texas-34/dallas-county-2560/75201-dallas/,2026-09-28,mulch,'from' price = lowest quantity tier
Gravelshop,https://www.gravelshop.com,Online – delivered to Dallas 75201,Red Mulch,dyed mulch,dyed mulch,62.87,cubic yard,62.87,209.57,included (delivered 'from' price to ZIP; quantity-dependent),not stated (quantity tiers at checkout),https://www.gravelshop.com/texas-34/dallas-county-2560/75201-dallas/,2026-09-28,mulch,'from' price = lowest quantity tier
Gravelshop,https://www.gravelshop.com,Online – delivered to Dallas 75201,#57 Rock Recycled Concrete (1 inch),flex base,flex base,63.3,cubic yard,63.3,45.21,included (delivered 'from' price to ZIP; quantity-dependent),not stated (quantity tiers at checkout),https://www.gravelshop.com/texas-34/dallas-county-2560/75201-dallas/,2026-09-28,stone,'from' price = lowest quantity tier
Gravelshop,https://www.gravelshop.com,Online – delivered to Dallas 75201,Crushed Concrete Road Base (1 1/2 inch minus),flex base,flex base,141.13,cubic yard,141.13,100.81,included (delivered 'from' price to ZIP; quantity-dependent),not stated (quantity tiers at checkout),https://www.gravelshop.com/texas-34/dallas-county-2560/75201-dallas/,2026-09-28,stone,'from' price = lowest quantity tier
Gravelshop,https://www.gravelshop.com,Online – delivered to Dallas 75201,Asphalt Millings,other,other: asphalt millings,77.0,cubic yard,77.0,55.0,included (delivered 'from' price to ZIP; quantity-dependent),not stated (quantity tiers at checkout),https://www.gravelshop.com/texas-34/dallas-county-2560/75201-dallas/,2026-09-28,stone,'from' price = lowest quantity tier
Gravelshop,https://www.gravelshop.com,Online – delivered to Dallas 75201,Recycled Concrete Rock (1 - 3 inch),flex base,flex base,56.96,ton,79.74,56.96,included (delivered 'from' price to ZIP; quantity-dependent),not stated (quantity tiers at checkout),https://www.gravelshop.com/texas-34/dallas-county-2560/75201-dallas/,2026-09-28,stone,'from' price = lowest quantity tier
Gravelshop,https://www.gravelshop.com,Online – delivered to Dallas 75201,#57 Multi Colored River Gravel (1/2 - 1 inch),river rock,river rock,61.46,ton,86.04,61.46,included (delivered 'from' price to ZIP; quantity-dependent),not stated (quantity tiers at checkout),https://www.gravelshop.com/texas-34/dallas-county-2560/75201-dallas/,2026-09-28,stone,'from' price = lowest quantity tier
Gravelshop,https://www.gravelshop.com,Online – delivered to Dallas 75201,Brown Pea Gravel (3/8 inch),pea gravel,pea gravel,140.8,cubic yard,140.8,100.57,included (delivered 'from' price to ZIP; quantity-dependent),not stated (quantity tiers at checkout),https://www.gravelshop.com/texas-34/dallas-county-2560/75201-dallas/,2026-09-28,stone,'from' price = lowest quantity tier
Gravelshop,https://www.gravelshop.com,Online – delivered to Dallas 75201,Brown River Gravel (1 1/2 inch),river rock,river rock,140.1,cubic yard,140.1,100.07,included (delivered 'from' price to ZIP; quantity-dependent),not stated (quantity tiers at checkout),https://www.gravelshop.com/texas-34/dallas-county-2560/75201-dallas/,2026-09-28,stone,'from' price = lowest quantity tier
Gravelshop,https://www.gravelshop.com,Online – delivered to Dallas 75201,Multi Colored Pea Gravel (3/8 inch),pea gravel,pea gravel,162.25,cubic yard,162.25,115.89,included (delivered 'from' price to ZIP; quantity-dependent),not stated (quantity tiers at checkout),https://www.gravelshop.com/texas-34/dallas-county-2560/75201-dallas/,2026-09-28,stone,'from' price = lowest quantity tier
Gravelshop,https://www.gravelshop.com,Online – delivered to Dallas 75201,Multi Colored River Gravel (1 - 3 inch),river rock,river rock,485.75,cubic yard,485.75,346.96,included (delivered 'from' price to ZIP; quantity-dependent),not stated (quantity tiers at checkout),https://www.gravelshop.com/texas-34/dallas-county-2560/75201-dallas/,2026-09-28,stone,'from' price = lowest quantity tier
Gravelshop,https://www.gravelshop.com,Online – delivered to Dallas 75201,Multi Colored River Rock (1 1/2 inch),river rock,river rock,448.9,cubic yard,448.9,320.64,included (delivered 'from' price to ZIP; quantity-dependent),not stated (quantity tiers at checkout),https://www.gravelshop.com/texas-34/dallas-county-2560/75201-dallas/,2026-09-28,stone,'from' price = lowest quantity tier
Gravelshop,https://www.gravelshop.com,Online – delivered to Dallas 75201,Multi Colored River Rock (3 - 5 inch),river rock,river rock,338.13,cubic yard,338.13,241.52,included (delivered 'from' price to ZIP; quantity-dependent),not stated (quantity tiers at checkout),https://www.gravelshop.com/texas-34/dallas-county-2560/75201-dallas/,2026-09-28,stone,'from' price = lowest quantity tier
Gravelshop,https://www.gravelshop.com,Online – delivered to Dallas 75201,Bank Sand,select fill,select fill,97.25,cubic yard,97.25,72.04,included (delivered 'from' price to ZIP; quantity-dependent),not stated (quantity tiers at checkout),https://www.gravelshop.com/texas-34/dallas-county-2560/75201-dallas/,2026-09-28,sand,'from' price = lowest quantity tier
Gravelshop,https://www.gravelshop.com,Online – delivered to Dallas 75201,Concrete Sand,washed sand,washed sand,61.92,ton,83.59,61.92,included (delivered 'from' price to ZIP; quantity-dependent),not stated (quantity tiers at checkout),https://www.gravelshop.com/texas-34/dallas-county-2560/75201-dallas/,2026-09-28,sand,'from' price = lowest quantity tier
Gravelshop,https://www.gravelshop.com,Online – delivered to Dallas 75201,Cushion Sand,select fill,select fill,84.88,cubic yard,84.88,62.87,included (delivered 'from' price to ZIP; quantity-dependent),not stated (quantity tiers at checkout),https://www.gravelshop.com/texas-34/dallas-county-2560/75201-dallas/,2026-09-28,sand,'from' price = lowest quantity tier
Gravelshop,https://www.gravelshop.com,Online – delivered to Dallas 75201,Decomposed Granite (1/2 inch minus),decomposed granite,decomposed granite,176.25,cubic yard,176.25,125.89,included (delivered 'from' price to ZIP; quantity-dependent),not stated (quantity tiers at checkout),https://www.gravelshop.com/texas-34/dallas-county-2560/75201-dallas/,2026-09-28,stone,'from' price = lowest quantity tier
Gravelshop,https://www.gravelshop.com,Online – delivered to Dallas 75201,Mason Sand,mason sand,mason sand,105.88,cubic yard,105.88,78.43,included (delivered 'from' price to ZIP; quantity-dependent),not stated (quantity tiers at checkout),https://www.gravelshop.com/texas-34/dallas-county-2560/75201-dallas/,2026-09-28,sand,'from' price = lowest quantity tier
Gravelshop,https://www.gravelshop.com,Online – delivered to Dallas 75201,Paver Sand,washed sand,washed sand,61.92,ton,83.59,61.92,included (delivered 'from' price to ZIP; quantity-dependent),not stated (quantity tiers at checkout),https://www.gravelshop.com/texas-34/dallas-county-2560/75201-dallas/,2026-09-28,sand,'from' price = lowest quantity tier
Gravelshop,https://www.gravelshop.com,Online – delivered to Dallas 75201,Unclassified Sand,select fill,select fill,55.89,ton,75.45,55.89,included (delivered 'from' price to ZIP; quantity-dependent),not stated (quantity tiers at checkout),https://www.gravelshop.com/texas-34/dallas-county-2560/75201-dallas/,2026-09-28,sand,'from' price = lowest quantity tier
Gravelshop,https://www.gravelshop.com,Online – delivered to Dallas 75201,Compost,compost,compost,78.92,cubic yard,78.92,71.75,included (delivered 'from' price to ZIP; quantity-dependent),not stated (quantity tiers at checkout),https://www.gravelshop.com/texas-34/dallas-county-2560/75201-dallas/,2026-09-28,soil,'from' price = lowest quantity tier
Gravelshop,https://www.gravelshop.com,Online – delivered to Dallas 75201,Fill Dirt,select fill,select fill,38.72,cubic yard,38.72,35.2,included (delivered 'from' price to ZIP; quantity-dependent),not stated (quantity tiers at checkout),https://www.gravelshop.com/texas-34/dallas-county-2560/75201-dallas/,2026-09-28,soil,'from' price = lowest quantity tier
Gravelshop,https://www.gravelshop.com,Online – delivered to Dallas 75201,Garden Mix,garden mix,garden mix,104.22,cubic yard,104.22,94.75,included (delivered 'from' price to ZIP; quantity-dependent),not stated (quantity tiers at checkout),https://www.gravelshop.com/texas-34/dallas-county-2560/75201-dallas/,2026-09-28,soil,'from' price = lowest quantity tier
Gravelshop,https://www.gravelshop.com,Online – delivered to Dallas 75201,Organic Compost,compost,compost,67.87,cubic yard,67.87,61.7,included (delivered 'from' price to ZIP; quantity-dependent),not stated (quantity tiers at checkout),https://www.gravelshop.com/texas-34/dallas-county-2560/75201-dallas/,2026-09-28,soil,'from' price = lowest quantity tier
Gravelshop,https://www.gravelshop.com,Online – delivered to Dallas 75201,Sandy Loam,sandy loam,sandy loam,105.88,cubic yard,105.88,96.25,included (delivered 'from' price to ZIP; quantity-dependent),not stated (quantity tiers at checkout),https://www.gravelshop.com/texas-34/dallas-county-2560/75201-dallas/,2026-09-28,soil,'from' price = lowest quantity tier
Gravelshop,https://www.gravelshop.com,Online – delivered to Dallas 75201,Select Fill,select fill,select fill,38.72,cubic yard,38.72,35.2,included (delivered 'from' price to ZIP; quantity-dependent),not stated (quantity tiers at checkout),https://www.gravelshop.com/texas-34/dallas-county-2560/75201-dallas/,2026-09-28,soil,'from' price = lowest quantity tier
Gravelshop,https://www.gravelshop.com,Online – delivered to Dallas 75201,Soil Compost Mix,garden mix,garden mix,104.22,cubic yard,104.22,94.75,included (delivered 'from' price to ZIP; quantity-dependent),not stated (quantity tiers at checkout),https://www.gravelshop.com/texas-34/dallas-county-2560/75201-dallas/,2026-09-28,soil,'from' price = lowest quantity tier
Gravelshop,https://www.gravelshop.com,Online – delivered to Dallas 75201,Topsoil,sandy loam,sandy loam,80.89,cubic yard,80.89,73.54,included (delivered 'from' price to ZIP; quantity-dependent),not stated (quantity tiers at checkout),https://www.gravelshop.com/texas-34/dallas-county-2560/75201-dallas/,2026-09-28,soil,'from' price = lowest quantity tier
Gravelshop,https://www.gravelshop.com,Online – delivered to Dallas 75201,Unscreened Topsoil,sandy loam,sandy loam,63.44,ton,69.78,63.44,included (delivered 'from' price to ZIP; quantity-dependent),not stated (quantity tiers at checkout),https://www.gravelshop.com/texas-34/dallas-county-2560/75201-dallas/,2026-09-28,soil,'from' price = lowest quantity tier
Outdoor Warehouse Supply,https://www.outdoorwarehousesupply.com,Lewisville / Plano,Arizona Cobble – Large,river rock,river rock,335.0,cubic yard,335.0,239.29,not included; delivery minimum varies by distance/product,varies (see Shipping & Delivery page),https://www.outdoorwarehousesupply.com/product/arizona-river-rock/,2026-09-28,stone,priced by the cubic yard (approx. 1.25 tons/yd for rock per site)
Outdoor Warehouse Supply,https://www.outdoorwarehousesupply.com,Lewisville / Plano,Arizona Cobble – Small,river rock,river rock,335.0,cubic yard,335.0,239.29,not included; delivery minimum varies by distance/product,varies (see Shipping & Delivery page),https://www.outdoorwarehousesupply.com/river-rock-sand-gravel-dallas/,2026-09-28,stone,priced by the cubic yard (approx. 1.25 tons/yd for rock per site)
Outdoor Warehouse Supply,https://www.outdoorwarehousesupply.com,Lewisville / Plano,Austin River Rock,river rock,river rock,205.0,cubic yard,205.0,146.43,not included; delivery minimum varies by distance/product,varies (see Shipping & Delivery page),https://www.outdoorwarehousesupply.com/river-rock-sand-gravel-dallas/,2026-09-28,stone,priced by the cubic yard (approx. 1.25 tons/yd for rock per site)
Outdoor Warehouse Supply,https://www.outdoorwarehousesupply.com,Lewisville / Plano,Black Decomposed Granite,decomposed granite,decomposed granite,215.0,cubic yard,215.0,153.57,not included; delivery minimum varies by distance/product,varies (see Shipping & Delivery page),https://www.outdoorwarehousesupply.com/river-rock-sand-gravel-dallas/,2026-09-28,stone,priced by the cubic yard (approx. 1.25 tons/yd for rock per site)
Outdoor Warehouse Supply,https://www.outdoorwarehousesupply.com,Lewisville / Plano,Black Label Mulch,dyed mulch,dyed mulch,45.0,cubic yard,45.0,150.0,not included; delivery minimum varies by distance/product,varies (see Shipping & Delivery page),https://www.outdoorwarehousesupply.com/river-rock-sand-gravel-dallas/,2026-09-28,mulch,priced by the cubic yard (approx. 1.25 tons/yd for rock per site)
Outdoor Warehouse Supply,https://www.outdoorwarehousesupply.com,Lewisville / Plano,Black Lava Rock,other,other: lava rock,340.0,cubic yard,340.0,242.86,not included; delivery minimum varies by distance/product,varies (see Shipping & Delivery page),https://www.outdoorwarehousesupply.com/river-rock-sand-gravel-dallas/,2026-09-28,stone,priced by the cubic yard (approx. 1.25 tons/yd for rock per site)
Outdoor Warehouse Supply,https://www.outdoorwarehousesupply.com,Lewisville / Plano,Brazos Bull Rock – Extra Large,river rock,river rock,225.0,cubic yard,225.0,160.71,not included; delivery minimum varies by distance/product,varies (see Shipping & Delivery page),https://www.outdoorwarehousesupply.com/river-rock-sand-gravel-dallas/,2026-09-28,stone,priced by the cubic yard (approx. 1.25 tons/yd for rock per site)
Outdoor Warehouse Supply,https://www.outdoorwarehousesupply.com,Lewisville / Plano,Brazos Bull Rock – Large,river rock,river rock,235.0,cubic yard,235.0,167.86,not included; delivery minimum varies by distance/product,varies (see Shipping & Delivery page),https://www.outdoorwarehousesupply.com/river-rock-sand-gravel-dallas/,2026-09-28,stone,priced by the cubic yard (approx. 1.25 tons/yd for rock per site)
Outdoor Warehouse Supply,https://www.outdoorwarehousesupply.com,Lewisville / Plano,Colorado Cobble – Large,river rock,river rock,340.0,cubic yard,340.0,242.86,not included; delivery minimum varies by distance/product,varies (see Shipping & Delivery page),https://www.outdoorwarehousesupply.com/river-rock-sand-gravel-dallas/,2026-09-28,stone,priced by the cubic yard (approx. 1.25 tons/yd for rock per site)
Outdoor Warehouse Supply,https://www.outdoorwarehousesupply.com,Lewisville / Plano,Colorado Cobble – Small,river rock,river rock,340.0,cubic yard,340.0,242.86,not included; delivery minimum varies by distance/product,varies (see Shipping & Delivery page),https://www.outdoorwarehousesupply.com/river-rock-sand-gravel-dallas/,2026-09-28,stone,priced by the cubic yard (approx. 1.25 tons/yd for rock per site)
Outdoor Warehouse Supply,https://www.outdoorwarehousesupply.com,Lewisville / Plano,Concrete Sand,washed sand,washed sand,80.0,cubic yard,80.0,59.26,not included; delivery minimum varies by distance/product,varies (see Shipping & Delivery page),https://www.outdoorwarehousesupply.com/river-rock-sand-gravel-dallas/,2026-09-28,sand,priced by the cubic yard (approx. 1.25 tons/yd for rock per site)
Outdoor Warehouse Supply,https://www.outdoorwarehousesupply.com,Lewisville / Plano,Cushion Sand,select fill,select fill,42.0,cubic yard,42.0,31.11,not included; delivery minimum varies by distance/product,varies (see Shipping & Delivery page),https://www.outdoorwarehousesupply.com/river-rock-sand-gravel-dallas/,2026-09-28,sand,priced by the cubic yard (approx. 1.25 tons/yd for rock per site)
Outdoor Warehouse Supply,https://www.outdoorwarehousesupply.com,Lewisville / Plano,DECOMPOSED GRANITE – 1/4″ minus,decomposed granite,decomposed granite,135.0,cubic yard,135.0,96.43,not included; delivery minimum varies by distance/product,varies (see Shipping & Delivery page),https://www.outdoorwarehousesupply.com/product/decomposed-granite/,2026-09-28,stone,priced by the cubic yard (approx. 1.25 tons/yd for rock per site)
Outdoor Warehouse Supply,https://www.outdoorwarehousesupply.com,Lewisville / Plano,Enriched Top Soil,sandy loam,sandy loam,52.0,cubic yard,52.0,47.27,not included; delivery minimum varies by distance/product,varies (see Shipping & Delivery page),https://www.outdoorwarehousesupply.com/river-rock-sand-gravel-dallas/,2026-09-28,soil,priced by the cubic yard (approx. 1.25 tons/yd for rock per site)
Outdoor Warehouse Supply,https://www.outdoorwarehousesupply.com,Lewisville / Plano,Fines Base – Small,flex base,flex base,65.0,cubic yard,65.0,46.43,not included; delivery minimum varies by distance/product,varies (see Shipping & Delivery page),https://www.outdoorwarehousesupply.com/river-rock-sand-gravel-dallas/,2026-09-28,stone,priced by the cubic yard (approx. 1.25 tons/yd for rock per site)
Outdoor Warehouse Supply,https://www.outdoorwarehousesupply.com,Lewisville / Plano,Flex Base – Large,flex base,flex base,65.0,cubic yard,65.0,46.43,not included; delivery minimum varies by distance/product,varies (see Shipping & Delivery page),https://www.outdoorwarehousesupply.com/river-rock-sand-gravel-dallas/,2026-09-28,stone,priced by the cubic yard (approx. 1.25 tons/yd for rock per site)
Outdoor Warehouse Supply,https://www.outdoorwarehousesupply.com,Lewisville / Plano,Granite Chips – 1″ minus,other,other: crushed granite gravel,140.0,cubic yard,140.0,100.0,not included; delivery minimum varies by distance/product,varies (see Shipping & Delivery page),https://www.outdoorwarehousesupply.com/river-rock-sand-gravel-dallas/,2026-09-28,stone,priced by the cubic yard (approx. 1.25 tons/yd for rock per site)
Outdoor Warehouse Supply,https://www.outdoorwarehousesupply.com,Lewisville / Plano,Hardwood Mulch,native hardwood mulch,native hardwood mulch,40.0,cubic yard,40.0,133.33,not included; delivery minimum varies by distance/product,varies (see Shipping & Delivery page),https://www.outdoorwarehousesupply.com/product/hardwood-mulch/,2026-09-28,mulch,priced by the cubic yard (approx. 1.25 tons/yd for rock per site)
Outdoor Warehouse Supply,https://www.outdoorwarehousesupply.com,Lewisville / Plano,Limestone Rip Rap,other,other: rip rap / boulders,95.0,cubic yard,95.0,67.86,not included; delivery minimum varies by distance/product,varies (see Shipping & Delivery page),https://www.outdoorwarehousesupply.com/river-rock-sand-gravel-dallas/,2026-09-28,stone,priced by the cubic yard (approx. 1.25 tons/yd for rock per site)
Outdoor Warehouse Supply,https://www.outdoorwarehousesupply.com,Lewisville / Plano,Mason Sand,mason sand,mason sand,65.0,cubic yard,65.0,48.15,not included; delivery minimum varies by distance/product,varies (see Shipping & Delivery page),https://www.outdoorwarehousesupply.com/product/mason-sand-cubic-yard/,2026-09-28,sand,priced by the cubic yard (approx. 1.25 tons/yd for rock per site)
Outdoor Warehouse Supply,https://www.outdoorwarehousesupply.com,Lewisville / Plano,Mesa Gray River Rock,river rock,river rock,435.0,cubic yard,435.0,310.71,not included; delivery minimum varies by distance/product,varies (see Shipping & Delivery page),https://www.outdoorwarehousesupply.com/river-rock-sand-gravel-dallas/,2026-09-28,stone,priced by the cubic yard (approx. 1.25 tons/yd for rock per site)
Outdoor Warehouse Supply,https://www.outdoorwarehousesupply.com,Lewisville / Plano,Native Gravel – Large,river rock,river rock,100.0,cubic yard,100.0,71.43,not included; delivery minimum varies by distance/product,varies (see Shipping & Delivery page),https://www.outdoorwarehousesupply.com/river-rock-sand-gravel-dallas/,2026-09-28,stone,priced by the cubic yard (approx. 1.25 tons/yd for rock per site)
Outdoor Warehouse Supply,https://www.outdoorwarehousesupply.com,Lewisville / Plano,Native Gravel – Small,river rock,river rock,100.0,cubic yard,100.0,71.43,not included; delivery minimum varies by distance/product,varies (see Shipping & Delivery page),https://www.outdoorwarehousesupply.com/river-rock-sand-gravel-dallas/,2026-09-28,stone,priced by the cubic yard (approx. 1.25 tons/yd for rock per site)
Outdoor Warehouse Supply,https://www.outdoorwarehousesupply.com,Lewisville / Plano,Pea Gravel,pea gravel,pea gravel,100.0,cubic yard,100.0,71.43,not included; delivery minimum varies by distance/product,varies (see Shipping & Delivery page),https://www.outdoorwarehousesupply.com/product/pea-gravel/,2026-09-28,stone,priced by the cubic yard (approx. 1.25 tons/yd for rock per site)
Outdoor Warehouse Supply,https://www.outdoorwarehousesupply.com,Lewisville / Plano,Salt And Pepper River Rock – Large,river rock,river rock,360.0,cubic yard,360.0,257.14,not included; delivery minimum varies by distance/product,varies (see Shipping & Delivery page),https://www.outdoorwarehousesupply.com/river-rock-sand-gravel-dallas/,2026-09-28,stone,priced by the cubic yard (approx. 1.25 tons/yd for rock per site)
Outdoor Warehouse Supply,https://www.outdoorwarehousesupply.com,Lewisville / Plano,Salt And Pepper River Rock – Small,river rock,river rock,360.0,cubic yard,360.0,257.14,not included; delivery minimum varies by distance/product,varies (see Shipping & Delivery page),https://www.outdoorwarehousesupply.com/river-rock-sand-gravel-dallas/,2026-09-28,stone,priced by the cubic yard (approx. 1.25 tons/yd for rock per site)
Outdoor Warehouse Supply,https://www.outdoorwarehousesupply.com,Lewisville / Plano,Texas Black Star – Extra Small,other,other: black star gravel,350.0,cubic yard,350.0,250.0,not included; delivery minimum varies by distance/product,varies (see Shipping & Delivery page),https://www.outdoorwarehousesupply.com/river-rock-sand-gravel-dallas/,2026-09-28,stone,priced by the cubic yard (approx. 1.25 tons/yd for rock per site)
Outdoor Warehouse Supply,https://www.outdoorwarehousesupply.com,Lewisville / Plano,Texas Black Star – Large,other,other: black star gravel,320.0,cubic yard,320.0,228.57,not included; delivery minimum varies by distance/product,varies (see Shipping & Delivery page),https://www.outdoorwarehousesupply.com/river-rock-sand-gravel-dallas/,2026-09-28,stone,priced by the cubic yard (approx. 1.25 tons/yd for rock per site)
Outdoor Warehouse Supply,https://www.outdoorwarehousesupply.com,Lewisville / Plano,Texas Black Star Gravel – Small,other,other: black star gravel,320.0,cubic yard,320.0,228.57,not included; delivery minimum varies by distance/product,varies (see Shipping & Delivery page),https://www.outdoorwarehousesupply.com/river-rock-sand-gravel-dallas/,2026-09-28,stone,priced by the cubic yard (approx. 1.25 tons/yd for rock per site)
Outdoor Warehouse Supply,https://www.outdoorwarehousesupply.com,Lewisville / Plano,Texas Brindle River Rock,river rock,river rock,235.0,cubic yard,235.0,167.86,not included; delivery minimum varies by distance/product,varies (see Shipping & Delivery page),https://www.outdoorwarehousesupply.com/river-rock-sand-gravel-dallas/,2026-09-28,stone,priced by the cubic yard (approx. 1.25 tons/yd for rock per site)
Outdoor Warehouse Supply,https://www.outdoorwarehousesupply.com,Lewisville / Plano,Texas Bull Rock,river rock,river rock,240.0,cubic yard,240.0,171.43,not included; delivery minimum varies by distance/product,varies (see Shipping & Delivery page),https://www.outdoorwarehousesupply.com/river-rock-sand-gravel-dallas/,2026-09-28,stone,priced by the cubic yard (approx. 1.25 tons/yd for rock per site)
Outdoor Warehouse Supply,https://www.outdoorwarehousesupply.com,Lewisville / Plano,Utility Limestone,#57 limestone,#57 limestone,90.0,cubic yard,90.0,64.29,not included; delivery minimum varies by distance/product,varies (see Shipping & Delivery page),https://www.outdoorwarehousesupply.com/river-rock-sand-gravel-dallas/,2026-09-28,stone,priced by the cubic yard (approx. 1.25 tons/yd for rock per site)
Outdoor Warehouse Supply,https://www.outdoorwarehousesupply.com,Lewisville / Plano,White Marble Chips,other,other: marble chips,450.0,cubic yard,450.0,321.43,not included; delivery minimum varies by distance/product,varies (see Shipping & Delivery page),https://www.outdoorwarehousesupply.com/river-rock-sand-gravel-dallas/,2026-09-28,stone,priced by the cubic yard (approx. 1.25 tons/yd for rock per site)
Outdoor Warehouse Supply,https://www.outdoorwarehousesupply.com,Lewisville / Plano,White Sand,washed sand,washed sand,150.0,cubic yard,150.0,111.11,not included; delivery minimum varies by distance/product,varies (see Shipping & Delivery page),https://www.outdoorwarehousesupply.com/river-rock-sand-gravel-dallas/,2026-09-28,sand,priced by the cubic yard (approx. 1.25 tons/yd for rock per site)
Whiz-Q Stone,https://www.whiz-q.com,Fort Worth,Rocky Mountain Cobble,river rock,river rock,240,ton,336.0,240,not stated,not stated,https://www.whiz-q.com/,2026-09-28,stone,
Whiz-Q Stone,https://www.whiz-q.com,Fort Worth,Coal Miners XS,river rock,river rock,280,ton,392.0,280,not stated,not stated,https://www.whiz-q.com/,2026-09-28,stone,
Whiz-Q Stone,https://www.whiz-q.com,Fort Worth,Farm Creek,river rock,river rock,260,ton,364.0,260,not stated,not stated,https://www.whiz-q.com/,2026-09-28,stone,
Whiz-Q Stone,https://www.whiz-q.com,Fort Worth,Rocky Mountain River Pebbles,river rock,river rock,240,ton,336.0,240,not stated,not stated,https://www.whiz-q.com/,2026-09-28,stone,
Home Depot (online bulk),https://www.homedepot.com,Online – vendor-delivered (ZIP shown: 20147; Dallas availability not verified),10 cu. yd. Brown Landscape Bulk Mulch (BKDMBR10),dyed mulch,dyed mulch,103.3,cubic yard,103.3,344.33,included (free delivery),5 cubic yards,https://www.homedepot.com/p/10-cu-yd-Brown-Landscape-Bulk-Mulch-BKDMBR10/205325442,2026-09-28,mulch,"$1,032.97 per 10 cu yd"
Home Depot (online bulk),https://www.homedepot.com,Online – vendor-delivered (ZIP shown: 20147; Dallas availability not verified),10 cu. yd. Hardwood Bulk Mulch (BKHM10),native hardwood mulch,native hardwood mulch,82.6,cubic yard,82.6,275.33,included (free delivery),5 cubic yards,https://www.homedepot.com/p/10-cu-yd-Hardwood-Bulk-Mulch-BKHM10/205325448,2026-09-28,mulch,$825.97 per 10 cu yd
RC Sand & Gravel (pickup only),https://rcsandandgravel.com,Denton County,Top Soil,sandy loam,sandy loam,25,ton,27.5,25,PICKUP ONLY – no delivery offered,n/a,https://rcsandandgravel.com/,2026-09-28,soil,
RC Sand & Gravel (pickup only),https://rcsandandgravel.com,Denton County,Select Fill,select fill,select fill,10,ton,11.0,10,PICKUP ONLY – no delivery offered,n/a,https://rcsandandgravel.com/,2026-09-28,soil,
RC Sand & Gravel (pickup only),https://rcsandandgravel.com,Denton County,Screened Select Fill,select fill,select fill,12,ton,13.2,12,PICKUP ONLY – no delivery offered,n/a,https://rcsandandgravel.com/,2026-09-28,soil,
RC Sand & Gravel (pickup only),https://rcsandandgravel.com,Denton County,Cushion Sand,select fill,select fill,10,ton,13.5,10,PICKUP ONLY – no delivery offered,n/a,https://rcsandandgravel.com/,2026-09-28,sand,
RC Sand & Gravel (pickup only),https://rcsandandgravel.com,Denton County,Screened Cushion Sand,select fill,select fill,25,ton,33.75,25,PICKUP ONLY – no delivery offered,n/a,https://rcsandandgravel.com/,2026-09-28,sand,
RC Sand & Gravel (pickup only),https://rcsandandgravel.com,Denton County,Common Fill,select fill,select fill,6,ton,6.6,6,PICKUP ONLY – no delivery offered,n/a,https://rcsandandgravel.com/,2026-09-28,soil,
RC Sand & Gravel (pickup only),https://rcsandandgravel.com,Denton County,Concrete Sand,washed sand,washed sand,25,ton,33.75,25,PICKUP ONLY – no delivery offered,n/a,https://rcsandandgravel.com/,2026-09-28,sand,coming 2026
RC Sand & Gravel (pickup only),https://rcsandandgravel.com,Denton County,"1 1/2"" Down (crushed base)",flex base,flex base,16,ton,22.4,16,PICKUP ONLY – no delivery offered,n/a,https://rcsandandgravel.com/,2026-09-28,stone,coming 2026
RC Sand & Gravel (pickup only),https://rcsandandgravel.com,Denton County,Pea Gravel,pea gravel,pea gravel,18,ton,25.2,18,PICKUP ONLY – no delivery offered,n/a,https://rcsandandgravel.com/,2026-09-28,stone,coming 2026
City of Mesquite Compost Facility (pickup only),https://www.cityofmesquite.com/363/Compost-Facility,Mesquite,Compost (non-resident/commercial),compost,compost,25,cubic yard,25,22.73,PICKUP ONLY – municipal facility,n/a,https://www.cityofmesquite.com/363/Compost-Facility,2026-09-28,soil,free to Mesquite residents (limits apply)
City of Mesquite Compost Facility (pickup only),https://www.cityofmesquite.com/363/Compost-Facility,Mesquite,Mulch (non-resident/commercial),native hardwood mulch,native hardwood mulch,6,cubic yard,6,20.0,PICKUP ONLY – municipal facility,n/a,https://www.cityofmesquite.com/363/Compost-Facility,2026-09-28,mulch,free to Mesquite residents (limits apply)
