metro,zone,category,variant,unit,quantity,belowMinimum,total,pricePerUnit,materialCost,deliveryCost,partnerCost,grossProfit,marginPct,floorApplied,loadsText,brokerAvailable,brokerOrderPrice,brokerDiffAbs,brokerDiffPct,brokerLabel,yardAvailable,yardOrderPrice,yardDiffAbs,yardDiffPct,yardLabel
DFW,DFW Core (Dallas & Tarrant),Gravel,"Pea Gravel (3/8"")",ton,3,false,570.00,190.00,214.29,85.00,299.29,253.88,44.54,true,1 load: 3ton on small dump,true,320.31,249.69,77.95,above,true,214.29,355.71,165.99,above
DFW,DFW Core (Dallas & Tarrant),Gravel,"Pea Gravel (3/8"")",ton,4,false,640.00,160.00,285.72,85.00,370.72,250.42,39.13,true,1 load: 4ton on small dump,true,427.08,212.92,49.85,above,true,285.72,354.28,124.00,above
DFW,DFW Core (Dallas & Tarrant),Gravel,"Pea Gravel (3/8"")",ton,5,false,715.00,143.00,357.15,85.00,442.15,251.81,35.22,true,1 load: 5ton on small dump,true,533.85,181.15,33.93,above,true,357.15,357.85,100.20,above
DFW,DFW Core (Dallas & Tarrant),Gravel,"Pea Gravel (3/8"")",ton,6,false,790.00,131.67,428.58,85.00,513.58,253.21,32.05,true,1 load: 6ton on small dump,true,640.62,149.38,23.32,above,true,428.58,361.42,84.33,above
DFW,DFW Core (Dallas & Tarrant),Gravel,"Pea Gravel (3/8"")",ton,8,false,965.00,120.63,571.44,110.50,681.94,254.77,26.40,true,1 load: 8ton on tandem dump,true,854.16,110.84,12.98,above,true,571.44,393.56,68.87,above
DFW,DFW Core (Dallas & Tarrant),Gravel,"Pea Gravel (3/8"")",ton,10,false,1115.00,111.50,714.30,110.50,824.80,257.56,23.10,false,1 load: 10ton on tandem dump,true,1067.70,47.30,4.43,above,true,714.30,400.70,56.10,above
DFW,DFW Core (Dallas & Tarrant),Gravel,"Pea Gravel (3/8"")",ton,12,false,1310.00,109.17,857.16,110.50,967.66,304.05,23.21,false,1 load: 12ton on tandem dump,true,1281.24,28.76,2.24,above,true,857.16,452.84,52.83,above
DFW,DFW Core (Dallas & Tarrant),Gravel,"Pea Gravel (3/8"")",ton,15,false,1600.00,106.67,1071.45,110.50,1181.95,371.35,23.21,false,1 load: 15ton on tandem dump,true,1601.55,-1.55,-0.10,below,true,1071.45,528.55,49.33,above
DFW,DFW Core (Dallas & Tarrant),Gravel,"Pea Gravel (3/8"")",ton,20,false,2140.00,107.00,1428.60,153.00,1581.60,496.04,23.18,false,1 load: 20ton on end dump,true,2135.40,4.60,0.22,above,true,1428.60,711.40,49.80,above
DFW,DFW Core (Dallas & Tarrant),Gravel,"Pea Gravel (3/8"")",ton,25,false,2705.00,108.20,1785.75,216.75,2002.50,623.75,23.06,false,2 loads: 24ton on end dump + 1ton on small dump,true,2669.25,35.75,1.34,above,true,1785.75,919.25,51.48,above
DFW,DFW Core (Dallas & Tarrant),Gravel,"Pea Gravel (3/8"")",ton,30,false,3190.00,106.33,2142.90,216.75,2359.65,737.54,23.12,false,2 loads: 24ton on end dump + 6ton on small dump,true,3203.10,-13.10,-0.41,below,true,2142.90,1047.10,48.86,above
DFW,DFW North (Collin & Denton),Gravel,"Pea Gravel (3/8"")",ton,3,false,585.00,195.00,214.29,100.00,314.29,253.44,43.32,true,1 load: 3ton on small dump,true,320.31,264.69,82.64,above,true,214.29,370.71,172.99,above
DFW,DFW North (Collin & Denton),Gravel,"Pea Gravel (3/8"")",ton,4,false,660.00,165.00,285.72,100.00,385.72,254.84,38.61,true,1 load: 4ton on small dump,true,427.08,232.92,54.54,above,true,285.72,374.28,131.00,above
DFW,DFW North (Collin & Denton),Gravel,"Pea Gravel (3/8"")",ton,5,false,730.00,146.00,357.15,100.00,457.15,251.38,34.44,true,1 load: 5ton on small dump,true,533.85,196.15,36.74,above,true,357.15,372.85,104.40,above
DFW,DFW North (Collin & Denton),Gravel,"Pea Gravel (3/8"")",ton,6,false,805.00,134.17,428.58,100.00,528.58,252.77,31.40,true,1 load: 6ton on small dump,true,640.62,164.38,25.66,above,true,428.58,376.42,87.83,above
DFW,DFW North (Collin & Denton),Gravel,"Pea Gravel (3/8"")",ton,8,false,985.00,123.13,571.44,130.00,701.44,254.69,25.86,true,1 load: 8ton on tandem dump,true,854.16,130.84,15.32,above,true,571.44,413.56,72.37,above
DFW,DFW North (Collin & Denton),Gravel,"Pea Gravel (3/8"")",ton,10,false,1140.00,114.00,714.30,130.00,844.30,262.34,23.01,false,1 load: 10ton on tandem dump,true,1067.70,72.30,6.77,above,true,714.30,425.70,59.60,above
DFW,DFW North (Collin & Denton),Gravel,"Pea Gravel (3/8"")",ton,12,false,1335.00,111.25,857.16,130.00,987.16,308.82,23.13,false,1 load: 12ton on tandem dump,true,1281.24,53.76,4.20,above,true,857.16,477.84,55.75,above
DFW,DFW North (Collin & Denton),Gravel,"Pea Gravel (3/8"")",ton,15,false,1625.00,108.33,1071.45,130.00,1201.45,376.12,23.15,false,1 load: 15ton on tandem dump,true,1601.55,23.45,1.46,above,true,1071.45,553.55,51.66,above
DFW,DFW North (Collin & Denton),Gravel,"Pea Gravel (3/8"")",ton,20,false,2175.00,108.75,1428.60,180.00,1608.60,503.02,23.13,false,1 load: 20ton on end dump,true,2135.40,39.60,1.85,above,true,1428.60,746.40,52.25,above
DFW,DFW North (Collin & Denton),Gravel,"Pea Gravel (3/8"")",ton,25,false,2760.00,110.40,1785.75,255.00,2040.75,638.91,23.15,false,2 loads: 24ton on end dump + 1ton on small dump,true,2669.25,90.75,3.40,above,true,1785.75,974.25,54.56,above
DFW,DFW North (Collin & Denton),Gravel,"Pea Gravel (3/8"")",ton,30,false,3240.00,108.00,2142.90,255.00,2397.90,747.84,23.08,false,2 loads: 24ton on end dump + 6ton on small dump,true,3203.10,36.90,1.15,above,true,2142.90,1097.10,51.20,above
DFW,"DFW Outer (Rockwall, Kaufman, Ellis & Johnson)",Gravel,"Pea Gravel (3/8"")",ton,3,false,615.00,205.00,214.29,130.00,344.29,252.57,41.07,true,1 load: 3ton on small dump,true,320.31,294.69,92.00,above,true,214.29,400.71,186.99,above
DFW,"DFW Outer (Rockwall, Kaufman, Ellis & Johnson)",Gravel,"Pea Gravel (3/8"")",ton,4,false,690.00,172.50,285.72,130.00,415.72,253.97,36.81,true,1 load: 4ton on small dump,true,427.08,262.92,61.56,above,true,285.72,404.28,141.50,above
DFW,"DFW Outer (Rockwall, Kaufman, Ellis & Johnson)",Gravel,"Pea Gravel (3/8"")",ton,5,false,760.00,152.00,357.15,130.00,487.15,250.51,32.96,true,1 load: 5ton on small dump,true,533.85,226.15,42.36,above,true,357.15,402.85,112.80,above
DFW,"DFW Outer (Rockwall, Kaufman, Ellis & Johnson)",Gravel,"Pea Gravel (3/8"")",ton,6,false,835.00,139.17,428.58,130.00,558.58,251.90,30.17,true,1 load: 6ton on small dump,true,640.62,194.38,30.34,above,true,428.58,406.42,94.83,above
DFW,"DFW Outer (Rockwall, Kaufman, Ellis & Johnson)",Gravel,"Pea Gravel (3/8"")",ton,8,false,1025.00,128.13,571.44,169.00,740.44,254.53,24.83,true,1 load: 8ton on tandem dump,true,854.16,170.84,20.00,above,true,571.44,453.56,79.37,above
DFW,"DFW Outer (Rockwall, Kaufman, Ellis & Johnson)",Gravel,"Pea Gravel (3/8"")",ton,10,false,1195.00,119.50,714.30,169.00,883.30,276.74,23.16,false,1 load: 10ton on tandem dump,true,1067.70,127.30,11.92,above,true,714.30,480.70,67.30,above
DFW,"DFW Outer (Rockwall, Kaufman, Ellis & Johnson)",Gravel,"Pea Gravel (3/8"")",ton,12,false,1390.00,115.83,857.16,169.00,1026.16,323.23,23.25,false,1 load: 12ton on tandem dump,true,1281.24,108.76,8.49,above,true,857.16,532.84,62.16,above
DFW,"DFW Outer (Rockwall, Kaufman, Ellis & Johnson)",Gravel,"Pea Gravel (3/8"")",ton,15,false,1675.00,111.67,1071.45,169.00,1240.45,385.67,23.03,false,1 load: 15ton on tandem dump,true,1601.55,73.45,4.59,above,true,1071.45,603.55,56.33,above
DFW,"DFW Outer (Rockwall, Kaufman, Ellis & Johnson)",Gravel,"Pea Gravel (3/8"")",ton,20,false,2245.00,112.25,1428.60,234.00,1662.60,516.99,23.03,false,1 load: 20ton on end dump,true,2135.40,109.60,5.13,above,true,1428.60,816.40,57.15,above
DFW,"DFW Outer (Rockwall, Kaufman, Ellis & Johnson)",Gravel,"Pea Gravel (3/8"")",ton,25,false,2860.00,114.40,1785.75,331.50,2117.25,659.51,23.06,false,2 loads: 24ton on end dump + 1ton on small dump,true,2669.25,190.75,7.15,above,true,1785.75,1074.25,60.16,above
DFW,"DFW Outer (Rockwall, Kaufman, Ellis & Johnson)",Gravel,"Pea Gravel (3/8"")",ton,30,false,3345.00,111.50,2142.90,331.50,2474.40,773.29,23.12,false,2 loads: 24ton on end dump + 6ton on small dump,true,3203.10,141.90,4.43,above,true,2142.90,1202.10,56.10,above
DFW,DFW Core (Dallas & Tarrant),Gravel,#57 Crushed Limestone,ton,3,false,545.00,181.67,192.87,85.00,277.87,251.03,46.06,true,1 load: 3ton on small dump,true,253.62,291.38,114.89,above,true,192.87,352.13,182.57,above
DFW,DFW Core (Dallas & Tarrant),Gravel,#57 Crushed Limestone,ton,4,false,615.00,153.75,257.16,85.00,342.16,254.70,41.42,true,1 load: 4ton on small dump,true,338.16,276.84,81.87,above,true,257.16,357.84,139.15,above
DFW,DFW Core (Dallas & Tarrant),Gravel,#57 Crushed Limestone,ton,5,false,680.00,136.00,321.45,85.00,406.45,253.53,37.28,true,1 load: 5ton on small dump,true,422.70,257.30,60.87,above,true,321.45,358.55,111.54,above
DFW,DFW Core (Dallas & Tarrant),Gravel,#57 Crushed Limestone,ton,6,false,745.00,124.17,385.74,85.00,470.74,252.35,33.87,true,1 load: 6ton on small dump,true,507.24,237.76,46.87,above,true,385.74,359.26,93.14,above
DFW,DFW Core (Dallas & Tarrant),Gravel,#57 Crushed Limestone,ton,8,false,905.00,113.13,514.32,110.50,624.82,253.63,28.03,true,1 load: 8ton on tandem dump,true,676.32,228.68,33.81,above,true,514.32,390.68,75.96,above
DFW,DFW Core (Dallas & Tarrant),Gravel,#57 Crushed Limestone,ton,10,false,1035.00,103.50,642.90,110.50,753.40,251.28,24.28,true,1 load: 10ton on tandem dump,true,845.40,189.60,22.43,above,true,642.90,392.10,60.99,above
DFW,DFW Core (Dallas & Tarrant),Gravel,#57 Crushed Limestone,ton,12,false,1170.00,97.50,771.48,110.50,881.98,253.79,21.69,true,1 load: 12ton on tandem dump,true,1014.48,155.52,15.33,above,true,771.48,398.52,51.66,above
DFW,DFW Core (Dallas & Tarrant),Gravel,#57 Crushed Limestone,ton,15,false,1365.00,91.00,964.35,110.50,1074.85,250.26,18.33,true,1 load: 15ton on tandem dump,true,1268.10,96.90,7.64,above,true,964.35,400.65,41.55,above
DFW,DFW Core (Dallas & Tarrant),Gravel,#57 Crushed Limestone,ton,20,false,1800.00,90.00,1285.80,153.00,1438.80,308.70,17.15,false,1 load: 20ton on end dump,true,1690.80,109.20,6.46,above,true,1285.80,514.20,39.99,above
DFW,DFW Core (Dallas & Tarrant),Gravel,#57 Crushed Limestone,ton,25,false,2285.00,91.40,1607.25,216.75,1824.00,394.43,17.26,false,2 loads: 24ton on end dump + 1ton on small dump,true,2113.50,171.50,8.11,above,true,1607.25,677.75,42.17,above
DFW,DFW Core (Dallas & Tarrant),Gravel,#57 Crushed Limestone,ton,30,false,2685.00,89.50,1928.70,216.75,2145.45,461.38,17.18,false,2 loads: 24ton on end dump + 6ton on small dump,true,2536.20,148.80,5.87,above,true,1928.70,756.30,39.21,above
DFW,DFW North (Collin & Denton),Gravel,#57 Crushed Limestone,ton,3,false,560.00,186.67,192.87,100.00,292.87,250.59,44.75,true,1 load: 3ton on small dump,true,253.62,306.38,120.80,above,true,192.87,367.13,190.35,above
DFW,DFW North (Collin & Denton),Gravel,#57 Crushed Limestone,ton,4,false,630.00,157.50,257.16,100.00,357.16,254.27,40.36,true,1 load: 4ton on small dump,true,338.16,291.84,86.30,above,true,257.16,372.84,144.98,above
DFW,DFW North (Collin & Denton),Gravel,#57 Crushed Limestone,ton,5,false,695.00,139.00,321.45,100.00,421.45,253.09,36.42,true,1 load: 5ton on small dump,true,422.70,272.30,64.42,above,true,321.45,373.55,116.21,above
DFW,DFW North (Collin & Denton),Gravel,#57 Crushed Limestone,ton,6,false,760.00,126.67,385.74,100.00,485.74,251.92,33.15,true,1 load: 6ton on small dump,true,507.24,252.76,49.83,above,true,385.74,374.26,97.02,above
DFW,DFW North (Collin & Denton),Gravel,#57 Crushed Limestone,ton,8,false,925.00,115.63,514.32,130.00,644.32,253.55,27.41,true,1 load: 8ton on tandem dump,true,676.32,248.68,36.77,above,true,514.32,410.68,79.85,above
DFW,DFW North (Collin & Denton),Gravel,#57 Crushed Limestone,ton,10,false,1055.00,105.50,642.90,130.00,772.90,251.20,23.81,true,1 load: 10ton on tandem dump,true,845.40,209.60,24.79,above,true,642.90,412.10,64.10,above
DFW,DFW North (Collin & Denton),Gravel,#57 Crushed Limestone,ton,12,false,1190.00,99.17,771.48,130.00,901.48,253.71,21.32,true,1 load: 12ton on tandem dump,true,1014.48,175.52,17.30,above,true,771.48,418.52,54.25,above
DFW,DFW North (Collin & Denton),Gravel,#57 Crushed Limestone,ton,15,false,1385.00,92.33,964.35,130.00,1094.35,250.18,18.06,true,1 load: 15ton on tandem dump,true,1268.10,116.90,9.22,above,true,964.35,420.65,43.62,above
DFW,DFW North (Collin & Denton),Gravel,#57 Crushed Limestone,ton,20,false,1835.00,91.75,1285.80,180.00,1465.80,315.68,17.20,false,1 load: 20ton on end dump,true,1690.80,144.20,8.53,above,true,1285.80,549.20,42.71,above
DFW,DFW North (Collin & Denton),Gravel,#57 Crushed Limestone,ton,25,false,2330.00,93.20,1607.25,255.00,1862.25,399.88,17.16,false,2 loads: 24ton on end dump + 1ton on small dump,true,2113.50,216.50,10.24,above,true,1607.25,722.75,44.97,above
DFW,DFW North (Collin & Denton),Gravel,#57 Crushed Limestone,ton,30,false,2730.00,91.00,1928.70,255.00,2183.70,466.83,17.10,false,2 loads: 24ton on end dump + 6ton on small dump,true,2536.20,193.80,7.64,above,true,1928.70,801.30,41.55,above
DFW,"DFW Outer (Rockwall, Kaufman, Ellis & Johnson)",Gravel,#57 Crushed Limestone,ton,3,false,595.00,198.33,192.87,130.00,322.87,254.57,42.79,true,1 load: 3ton on small dump,true,253.62,341.38,134.60,above,true,192.87,402.13,208.50,above
DFW,"DFW Outer (Rockwall, Kaufman, Ellis & Johnson)",Gravel,#57 Crushed Limestone,ton,4,false,660.00,165.00,257.16,130.00,387.16,253.40,38.39,true,1 load: 4ton on small dump,true,338.16,321.84,95.17,above,true,257.16,402.84,156.65,above
DFW,"DFW Outer (Rockwall, Kaufman, Ellis & Johnson)",Gravel,#57 Crushed Limestone,ton,5,false,725.00,145.00,321.45,130.00,451.45,252.22,34.79,true,1 load: 5ton on small dump,true,422.70,302.30,71.52,above,true,321.45,403.55,125.54,above
DFW,"DFW Outer (Rockwall, Kaufman, Ellis & Johnson)",Gravel,#57 Crushed Limestone,ton,6,false,790.00,131.67,385.74,130.00,515.74,251.05,31.78,true,1 load: 6ton on small dump,true,507.24,282.76,55.74,above,true,385.74,404.26,104.80,above
DFW,"DFW Outer (Rockwall, Kaufman, Ellis & Johnson)",Gravel,#57 Crushed Limestone,ton,8,false,965.00,120.63,514.32,169.00,683.32,253.39,26.26,true,1 load: 8ton on tandem dump,true,676.32,288.68,42.68,above,true,514.32,450.68,87.63,above
DFW,"DFW Outer (Rockwall, Kaufman, Ellis & Johnson)",Gravel,#57 Crushed Limestone,ton,10,false,1095.00,109.50,642.90,169.00,811.90,251.04,22.93,true,1 load: 10ton on tandem dump,true,845.40,249.60,29.52,above,true,642.90,452.10,70.32,above
DFW,"DFW Outer (Rockwall, Kaufman, Ellis & Johnson)",Gravel,#57 Crushed Limestone,ton,12,false,1230.00,102.50,771.48,169.00,940.48,253.55,20.61,true,1 load: 12ton on tandem dump,true,1014.48,215.52,21.24,above,true,771.48,458.52,59.43,above
DFW,"DFW Outer (Rockwall, Kaufman, Ellis & Johnson)",Gravel,#57 Crushed Limestone,ton,15,false,1425.00,95.00,964.35,169.00,1133.35,250.02,17.55,true,1 load: 15ton on tandem dump,true,1268.10,156.90,12.37,above,true,964.35,460.65,47.77,above
DFW,"DFW Outer (Rockwall, Kaufman, Ellis & Johnson)",Gravel,#57 Crushed Limestone,ton,20,false,1900.00,95.00,1285.80,234.00,1519.80,324.80,17.09,false,1 load: 20ton on end dump,true,1690.80,209.20,12.37,above,true,1285.80,614.20,47.77,above
DFW,"DFW Outer (Rockwall, Kaufman, Ellis & Johnson)",Gravel,#57 Crushed Limestone,ton,25,false,2425.00,97.00,1607.25,331.50,1938.75,415.62,17.14,false,2 loads: 24ton on end dump + 1ton on small dump,true,2113.50,311.50,14.74,above,true,1607.25,817.75,50.88,above
DFW,"DFW Outer (Rockwall, Kaufman, Ellis & Johnson)",Gravel,#57 Crushed Limestone,ton,30,false,2830.00,94.33,1928.70,331.50,2260.20,487.43,17.22,false,2 loads: 24ton on end dump + 6ton on small dump,true,2536.20,293.80,11.58,above,true,1928.70,901.30,46.73,above
DFW,DFW Core (Dallas & Tarrant),Gravel,Flex Base / Road Base,ton,3,false,490.00,163.33,139.29,85.00,224.29,251.20,51.27,true,1 load: 3ton on small dump,true,253.50,236.50,93.29,above,true,139.29,350.71,251.78,above
DFW,DFW Core (Dallas & Tarrant),Gravel,Flex Base / Road Base,ton,4,false,540.00,135.00,185.72,85.00,270.72,253.32,46.91,true,1 load: 4ton on small dump,true,338.00,202.00,59.76,above,true,185.72,354.28,190.76,above
DFW,DFW Core (Dallas & Tarrant),Gravel,Flex Base / Road Base,ton,5,false,585.00,117.00,232.15,85.00,317.15,250.59,42.84,true,1 load: 5ton on small dump,true,422.50,162.50,38.46,above,true,232.15,352.85,151.99,above
DFW,DFW Core (Dallas & Tarrant),Gravel,Flex Base / Road Base,ton,6,false,635.00,105.83,278.58,85.00,363.58,252.71,39.80,true,1 load: 6ton on small dump,true,507.00,128.00,25.25,above,true,278.58,356.42,127.94,above
DFW,DFW Core (Dallas & Tarrant),Gravel,Flex Base / Road Base,ton,8,false,755.00,94.38,371.44,110.50,481.94,250.87,33.23,true,1 load: 8ton on tandem dump,true,676.00,79.00,11.69,above,true,371.44,383.56,103.26,above
DFW,DFW Core (Dallas & Tarrant),Gravel,Flex Base / Road Base,ton,10,false,850.00,85.00,464.30,110.50,574.80,250.25,29.44,true,1 load: 10ton on tandem dump,true,845.00,5.00,0.59,above,true,464.30,385.70,83.07,above
DFW,DFW Core (Dallas & Tarrant),Gravel,Flex Base / Road Base,ton,12,false,950.00,79.17,557.16,110.50,667.66,254.49,26.79,true,1 load: 12ton on tandem dump,true,1014.00,-64.00,-6.31,below,true,557.16,392.84,70.51,above
DFW,DFW Core (Dallas & Tarrant),Gravel,Flex Base / Road Base,ton,15,false,1090.00,72.67,696.45,110.50,806.95,251.14,23.04,false,1 load: 15ton on tandem dump,true,1267.50,-177.50,-14.00,below,true,696.45,393.55,56.51,above
DFW,DFW Core (Dallas & Tarrant),Gravel,Flex Base / Road Base,ton,20,false,1465.00,73.25,928.60,153.00,1081.60,340.62,23.25,false,1 load: 20ton on end dump,true,1690.00,-225.00,-13.31,below,true,928.60,536.40,57.76,above
DFW,DFW Core (Dallas & Tarrant),Gravel,Flex Base / Road Base,ton,25,false,1860.00,74.40,1160.75,216.75,1377.50,428.26,23.02,false,2 loads: 24ton on end dump + 1ton on small dump,true,2112.50,-252.50,-11.95,below,true,1160.75,699.25,60.24,above
DFW,DFW Core (Dallas & Tarrant),Gravel,Flex Base / Road Base,ton,30,false,2175.00,72.50,1392.90,216.75,1609.65,501.97,23.08,false,2 loads: 24ton on end dump + 6ton on small dump,true,2535.00,-360.00,-14.20,below,true,1392.90,782.10,56.15,above
DFW,DFW North (Collin & Denton),Gravel,Flex Base / Road Base,ton,3,false,505.00,168.33,139.29,100.00,239.29,250.77,49.66,true,1 load: 3ton on small dump,true,253.50,251.50,99.21,above,true,139.29,365.71,262.55,above
DFW,DFW North (Collin & Denton),Gravel,Flex Base / Road Base,ton,4,false,555.00,138.75,185.72,100.00,285.72,252.88,45.56,true,1 load: 4ton on small dump,true,338.00,217.00,64.20,above,true,185.72,369.28,198.84,above
DFW,DFW North (Collin & Denton),Gravel,Flex Base / Road Base,ton,5,false,600.00,120.00,232.15,100.00,332.15,250.15,41.69,true,1 load: 5ton on small dump,true,422.50,177.50,42.01,above,true,232.15,367.85,158.45,above
DFW,DFW North (Collin & Denton),Gravel,Flex Base / Road Base,ton,6,false,650.00,108.33,278.58,100.00,378.58,252.27,38.81,true,1 load: 6ton on small dump,true,507.00,143.00,28.21,above,true,278.58,371.42,133.33,above
DFW,DFW North (Collin & Denton),Gravel,Flex Base / Road Base,ton,8,false,775.00,96.88,371.44,130.00,501.44,250.78,32.36,true,1 load: 8ton on tandem dump,true,676.00,99.00,14.64,above,true,371.44,403.56,108.65,above
DFW,DFW North (Collin & Denton),Gravel,Flex Base / Road Base,ton,10,false,870.00,87.00,464.30,130.00,594.30,250.17,28.76,true,1 load: 10ton on tandem dump,true,845.00,25.00,2.96,above,true,464.30,405.70,87.38,above
DFW,DFW North (Collin & Denton),Gravel,Flex Base / Road Base,ton,12,false,970.00,80.83,557.16,130.00,687.16,254.41,26.23,true,1 load: 12ton on tandem dump,true,1014.00,-44.00,-4.34,below,true,557.16,412.84,74.10,above
DFW,DFW North (Collin & Denton),Gravel,Flex Base / Road Base,ton,15,false,1120.00,74.67,696.45,130.00,826.45,260.77,23.28,false,1 load: 15ton on tandem dump,true,1267.50,-147.50,-11.64,below,true,696.45,423.55,60.82,above
DFW,DFW North (Collin & Denton),Gravel,Flex Base / Road Base,ton,20,false,1500.00,75.00,928.60,180.00,1108.60,347.60,23.17,false,1 load: 20ton on end dump,true,1690.00,-190.00,-11.24,below,true,928.60,571.40,61.53,above
DFW,DFW North (Collin & Denton),Gravel,Flex Base / Road Base,ton,25,false,1915.00,76.60,1160.75,255.00,1415.75,443.42,23.15,false,2 loads: 24ton on end dump + 1ton on small dump,true,2112.50,-197.50,-9.35,below,true,1160.75,754.25,64.98,above
DFW,DFW North (Collin & Denton),Gravel,Flex Base / Road Base,ton,30,false,2225.00,74.17,1392.90,255.00,1647.90,512.27,23.02,false,2 loads: 24ton on end dump + 6ton on small dump,true,2535.00,-310.00,-12.23,below,true,1392.90,832.10,59.74,above
DFW,"DFW Outer (Rockwall, Kaufman, Ellis & Johnson)",Gravel,Flex Base / Road Base,ton,3,false,540.00,180.00,139.29,130.00,269.29,254.75,47.18,true,1 load: 3ton on small dump,true,253.50,286.50,113.02,above,true,139.29,400.71,287.68,above
DFW,"DFW Outer (Rockwall, Kaufman, Ellis & Johnson)",Gravel,Flex Base / Road Base,ton,4,false,585.00,146.25,185.72,130.00,315.72,252.01,43.08,true,1 load: 4ton on small dump,true,338.00,247.00,73.08,above,true,185.72,399.28,214.99,above
DFW,"DFW Outer (Rockwall, Kaufman, Ellis & Johnson)",Gravel,Flex Base / Road Base,ton,5,false,635.00,127.00,232.15,130.00,362.15,254.14,40.02,true,1 load: 5ton on small dump,true,422.50,212.50,50.30,above,true,232.15,402.85,173.53,above
DFW,"DFW Outer (Rockwall, Kaufman, Ellis & Johnson)",Gravel,Flex Base / Road Base,ton,6,false,680.00,113.33,278.58,130.00,408.58,251.40,36.97,true,1 load: 6ton on small dump,true,507.00,173.00,34.12,above,true,278.58,401.42,144.10,above
DFW,"DFW Outer (Rockwall, Kaufman, Ellis & Johnson)",Gravel,Flex Base / Road Base,ton,8,false,815.00,101.88,371.44,169.00,540.44,250.62,30.75,true,1 load: 8ton on tandem dump,true,676.00,139.00,20.56,above,true,371.44,443.56,119.42,above
DFW,"DFW Outer (Rockwall, Kaufman, Ellis & Johnson)",Gravel,Flex Base / Road Base,ton,10,false,910.00,91.00,464.30,169.00,633.30,250.01,27.47,true,1 load: 10ton on tandem dump,true,845.00,65.00,7.69,above,true,464.30,445.70,95.99,above
DFW,"DFW Outer (Rockwall, Kaufman, Ellis & Johnson)",Gravel,Flex Base / Road Base,ton,12,false,1010.00,84.17,557.16,169.00,726.16,254.25,25.17,true,1 load: 12ton on tandem dump,true,1014.00,-4.00,-0.39,below,true,557.16,452.84,81.28,above
DFW,"DFW Outer (Rockwall, Kaufman, Ellis & Johnson)",Gravel,Flex Base / Road Base,ton,15,false,1170.00,78.00,696.45,169.00,865.45,270.32,23.10,false,1 load: 15ton on tandem dump,true,1267.50,-97.50,-7.69,below,true,696.45,473.55,67.99,above
DFW,"DFW Outer (Rockwall, Kaufman, Ellis & Johnson)",Gravel,Flex Base / Road Base,ton,20,false,1570.00,78.50,928.60,234.00,1162.60,361.57,23.03,false,1 load: 20ton on end dump,true,1690.00,-120.00,-7.10,below,true,928.60,641.40,69.07,above
DFW,"DFW Outer (Rockwall, Kaufman, Ellis & Johnson)",Gravel,Flex Base / Road Base,ton,25,false,2015.00,80.60,1160.75,331.50,1492.25,464.01,23.03,false,2 loads: 24ton on end dump + 1ton on small dump,true,2112.50,-97.50,-4.62,below,true,1160.75,854.25,73.59,above
DFW,"DFW Outer (Rockwall, Kaufman, Ellis & Johnson)",Gravel,Flex Base / Road Base,ton,30,false,2330.00,77.67,1392.90,331.50,1724.40,537.73,23.08,false,2 loads: 24ton on end dump + 6ton on small dump,true,2535.00,-205.00,-8.09,below,true,1392.90,937.10,67.28,above
DFW,DFW Core (Dallas & Tarrant),Gravel,Decomposed Granite,ton,3,false,660.00,220.00,302.16,85.00,387.16,253.40,38.39,true,1 load: 3ton on small dump,true,365.76,294.24,80.45,above,true,302.14,357.86,118.44,above
DFW,DFW Core (Dallas & Tarrant),Gravel,Decomposed Granite,ton,4,false,765.00,191.25,402.88,85.00,487.88,254.63,33.29,true,1 load: 4ton on small dump,true,487.68,277.32,56.87,above,true,402.86,362.14,89.89,above
DFW,DFW Core (Dallas & Tarrant),Gravel,Decomposed Granite,ton,5,false,865.00,173.00,503.60,85.00,588.60,251.01,29.02,true,1 load: 5ton on small dump,true,609.60,255.40,41.90,above,true,503.58,361.42,71.77,above
DFW,DFW Core (Dallas & Tarrant),Gravel,Decomposed Granite,ton,6,false,970.00,161.67,604.32,85.00,689.32,252.25,26.01,true,1 load: 6ton on small dump,true,731.52,238.48,32.60,above,true,604.29,365.71,60.52,above
DFW,DFW Core (Dallas & Tarrant),Gravel,Decomposed Granite,ton,8,false,1205.00,150.63,805.76,110.50,916.26,253.50,21.04,true,1 load: 8ton on tandem dump,true,975.36,229.64,23.54,above,true,805.72,399.28,49.56,above
DFW,DFW Core (Dallas & Tarrant),Gravel,Decomposed Granite,ton,10,false,1410.00,141.00,1007.20,110.50,1117.70,251.11,17.81,true,1 load: 10ton on tandem dump,true,1219.20,190.80,15.65,above,true,1007.15,402.85,40.00,above
DFW,DFW Core (Dallas & Tarrant),Gravel,Decomposed Granite,ton,12,false,1650.00,137.50,1208.64,110.50,1319.14,282.71,17.13,false,1 load: 12ton on tandem dump,true,1463.04,186.96,12.78,above,true,1208.58,441.42,36.52,above
DFW,DFW Core (Dallas & Tarrant),Gravel,Decomposed Granite,ton,15,false,2030.00,135.33,1510.80,110.50,1621.30,349.53,17.22,false,1 load: 15ton on tandem dump,true,1828.80,201.20,11.00,above,true,1510.73,519.27,34.37,above
DFW,DFW Core (Dallas & Tarrant),Gravel,Decomposed Granite,ton,20,false,2710.00,135.50,2014.40,153.00,2167.40,463.71,17.11,false,1 load: 20ton on end dump,true,2438.40,271.60,11.14,above,true,2014.30,695.70,34.54,above
DFW,DFW Core (Dallas & Tarrant),Gravel,Decomposed Granite,ton,25,false,3420.00,136.80,2518.00,216.75,2734.75,585.77,17.13,false,2 loads: 24ton on end dump + 1ton on small dump,true,3048.00,372.00,12.20,above,true,2517.88,902.13,35.83,above
DFW,DFW Core (Dallas & Tarrant),Gravel,Decomposed Granite,ton,30,false,4050.00,135.00,3021.60,216.75,3238.35,693.90,17.13,false,2 loads: 24ton on end dump + 6ton on small dump,true,3657.60,392.40,10.73,above,true,3021.45,1028.55,34.04,above
DFW,DFW North (Collin & Denton),Gravel,Decomposed Granite,ton,3,false,675.00,225.00,302.16,100.00,402.16,252.97,37.48,true,1 load: 3ton on small dump,true,365.76,309.24,84.55,above,true,302.14,372.86,123.40,above
DFW,DFW North (Collin & Denton),Gravel,Decomposed Granite,ton,4,false,780.00,195.00,402.88,100.00,502.88,254.20,32.59,true,1 load: 4ton on small dump,true,487.68,292.32,59.94,above,true,402.86,377.14,93.62,above
DFW,DFW North (Collin & Denton),Gravel,Decomposed Granite,ton,5,false,880.00,176.00,503.60,100.00,603.60,250.58,28.48,true,1 load: 5ton on small dump,true,609.60,270.40,44.36,above,true,503.58,376.42,74.75,above
DFW,DFW North (Collin & Denton),Gravel,Decomposed Granite,ton,6,false,985.00,164.17,604.32,100.00,704.32,251.82,25.56,true,1 load: 6ton on small dump,true,731.52,253.48,34.65,above,true,604.29,380.71,63.00,above
DFW,DFW North (Collin & Denton),Gravel,Decomposed Granite,ton,8,false,1225.00,153.13,805.76,130.00,935.76,253.42,20.69,true,1 load: 8ton on tandem dump,true,975.36,249.64,25.59,above,true,805.72,419.28,52.04,above
DFW,DFW North (Collin & Denton),Gravel,Decomposed Granite,ton,10,false,1430.00,143.00,1007.20,130.00,1137.20,251.03,17.55,true,1 load: 10ton on tandem dump,true,1219.20,210.80,17.29,above,true,1007.15,422.85,41.98,above
DFW,DFW North (Collin & Denton),Gravel,Decomposed Granite,ton,12,false,1675.00,139.58,1208.64,130.00,1338.64,287.49,17.16,false,1 load: 12ton on tandem dump,true,1463.04,211.96,14.49,above,true,1208.58,466.42,38.59,above
DFW,DFW North (Collin & Denton),Gravel,Decomposed Granite,ton,15,false,2055.00,137.00,1510.80,130.00,1640.80,354.31,17.24,false,1 load: 15ton on tandem dump,true,1828.80,226.20,12.37,above,true,1510.73,544.27,36.03,above
DFW,DFW North (Collin & Denton),Gravel,Decomposed Granite,ton,20,false,2745.00,137.25,2014.40,180.00,2194.40,470.69,17.15,false,1 load: 20ton on end dump,true,2438.40,306.60,12.57,above,true,2014.30,730.70,36.28,above
DFW,DFW North (Collin & Denton),Gravel,Decomposed Granite,ton,25,false,3470.00,138.80,2518.00,255.00,2773.00,596.07,17.18,false,2 loads: 24ton on end dump + 1ton on small dump,true,3048.00,422.00,13.85,above,true,2517.88,952.13,37.81,above
DFW,DFW North (Collin & Denton),Gravel,Decomposed Granite,ton,30,false,4100.00,136.67,3021.60,255.00,3276.60,704.20,17.18,false,2 loads: 24ton on end dump + 6ton on small dump,true,3657.60,442.40,12.10,above,true,3021.45,1078.55,35.70,above
DFW,"DFW Outer (Rockwall, Kaufman, Ellis & Johnson)",Gravel,Decomposed Granite,ton,3,false,705.00,235.00,302.16,130.00,432.16,252.10,35.76,true,1 load: 3ton on small dump,true,365.76,339.24,92.75,above,true,302.14,402.86,133.33,above
DFW,"DFW Outer (Rockwall, Kaufman, Ellis & Johnson)",Gravel,Decomposed Granite,ton,4,false,810.00,202.50,402.88,130.00,532.88,253.33,31.28,true,1 load: 4ton on small dump,true,487.68,322.32,66.09,above,true,402.86,407.14,101.06,above
DFW,"DFW Outer (Rockwall, Kaufman, Ellis & Johnson)",Gravel,Decomposed Granite,ton,5,false,915.00,183.00,503.60,130.00,633.60,254.56,27.82,true,1 load: 5ton on small dump,true,609.60,305.40,50.10,above,true,503.58,411.42,81.70,above
DFW,"DFW Outer (Rockwall, Kaufman, Ellis & Johnson)",Gravel,Decomposed Granite,ton,6,false,1015.00,169.17,604.32,130.00,734.32,250.95,24.72,true,1 load: 6ton on small dump,true,731.52,283.48,38.75,above,true,604.29,410.71,67.97,above
DFW,"DFW Outer (Rockwall, Kaufman, Ellis & Johnson)",Gravel,Decomposed Granite,ton,8,false,1265.00,158.13,805.76,169.00,974.76,253.25,20.02,true,1 load: 8ton on tandem dump,true,975.36,289.64,29.70,above,true,805.72,459.28,57.00,above
DFW,"DFW Outer (Rockwall, Kaufman, Ellis & Johnson)",Gravel,Decomposed Granite,ton,10,false,1475.00,147.50,1007.20,169.00,1176.20,255.72,17.34,false,1 load: 10ton on tandem dump,true,1219.20,255.80,20.98,above,true,1007.15,467.85,46.45,above
DFW,"DFW Outer (Rockwall, Kaufman, Ellis & Johnson)",Gravel,Decomposed Granite,ton,12,false,1725.00,143.75,1208.64,169.00,1377.64,297.04,17.22,false,1 load: 12ton on tandem dump,true,1463.04,261.96,17.91,above,true,1208.58,516.42,42.73,above
DFW,"DFW Outer (Rockwall, Kaufman, Ellis & Johnson)",Gravel,Decomposed Granite,ton,15,false,2100.00,140.00,1510.80,169.00,1679.80,359.00,17.10,false,1 load: 15ton on tandem dump,true,1828.80,271.20,14.83,above,true,1510.73,589.27,39.01,above
DFW,"DFW Outer (Rockwall, Kaufman, Ellis & Johnson)",Gravel,Decomposed Granite,ton,20,false,2815.00,140.75,2014.40,234.00,2248.40,484.66,17.22,false,1 load: 20ton on end dump,true,2438.40,376.60,15.44,above,true,2014.30,800.70,39.75,above
DFW,"DFW Outer (Rockwall, Kaufman, Ellis & Johnson)",Gravel,Decomposed Granite,ton,25,false,3565.00,142.60,2518.00,331.50,2849.50,611.82,17.16,false,2 loads: 24ton on end dump + 1ton on small dump,true,3048.00,517.00,16.96,above,true,2517.88,1047.13,41.59,above
DFW,"DFW Outer (Rockwall, Kaufman, Ellis & Johnson)",Gravel,Decomposed Granite,ton,30,false,4195.00,139.83,3021.60,331.50,3353.10,719.95,17.16,false,2 loads: 24ton on end dump + 6ton on small dump,true,3657.60,537.40,14.69,above,true,3021.45,1173.55,38.84,above
DFW,DFW Core (Dallas & Tarrant),Gravel,Rip Rap,ton,3,false,555.00,185.00,203.58,85.00,288.58,250.03,45.05,true,1 load: 3ton on small dump,true,344.13,210.87,61.28,above,true,203.58,351.42,172.62,above
DFW,DFW Core (Dallas & Tarrant),Gravel,Rip Rap,ton,4,false,625.00,156.25,271.44,85.00,356.44,250.13,40.02,true,1 load: 4ton on small dump,true,458.84,166.16,36.21,above,true,271.44,353.56,130.25,above
DFW,DFW Core (Dallas & Tarrant),Gravel,Rip Rap,ton,5,false,695.00,139.00,339.30,85.00,424.30,250.24,36.01,true,1 load: 5ton on small dump,true,573.55,121.45,21.18,above,true,339.30,355.70,104.83,above
DFW,DFW Core (Dallas & Tarrant),Gravel,Rip Rap,ton,6,false,765.00,127.50,407.16,85.00,492.16,250.36,32.73,true,1 load: 6ton on small dump,true,688.26,76.74,11.15,above,true,407.16,357.84,87.89,above
DFW,DFW Core (Dallas & Tarrant),Gravel,Rip Rap,ton,8,false,935.00,116.88,542.88,110.50,653.38,254.21,27.19,true,1 load: 8ton on tandem dump,true,917.68,17.32,1.89,above,true,542.88,392.12,72.23,above
DFW,DFW Core (Dallas & Tarrant),Gravel,Rip Rap,ton,10,false,1075.00,107.50,678.60,110.50,789.10,254.42,23.67,true,1 load: 10ton on tandem dump,true,1147.10,-72.10,-6.29,below,true,678.60,396.40,58.41,above
DFW,DFW Core (Dallas & Tarrant),Gravel,Rip Rap,ton,12,false,1250.00,104.17,814.32,110.50,924.82,288.63,23.09,false,1 load: 12ton on tandem dump,true,1376.52,-126.52,-9.19,below,true,814.32,435.68,53.50,above
DFW,DFW Core (Dallas & Tarrant),Gravel,Rip Rap,ton,15,false,1525.00,101.67,1017.90,110.50,1128.40,352.07,23.09,false,1 load: 15ton on tandem dump,true,1720.65,-195.65,-11.37,below,true,1017.90,507.10,49.82,above
DFW,DFW Core (Dallas & Tarrant),Gravel,Rip Rap,ton,20,false,2040.00,102.00,1357.20,153.00,1510.20,470.34,23.06,false,1 load: 20ton on end dump,true,2294.20,-254.20,-11.08,below,true,1357.20,682.80,50.31,above
DFW,DFW Core (Dallas & Tarrant),Gravel,Rip Rap,ton,25,false,2585.00,103.40,1696.50,216.75,1913.25,596.49,23.07,false,2 loads: 24ton on end dump + 1ton on small dump,true,2867.75,-282.75,-9.86,below,true,1696.50,888.50,52.37,above
DFW,DFW Core (Dallas & Tarrant),Gravel,Rip Rap,ton,30,false,3045.00,101.50,2035.80,216.75,2252.55,703.84,23.11,false,2 loads: 24ton on end dump + 6ton on small dump,true,3441.30,-396.30,-11.52,below,true,2035.80,1009.20,49.57,above
DFW,DFW North (Collin & Denton),Gravel,Rip Rap,ton,3,false,575.00,191.67,203.58,100.00,303.58,254.45,44.25,true,1 load: 3ton on small dump,true,344.13,230.87,67.09,above,true,203.58,371.42,182.44,above
DFW,DFW North (Collin & Denton),Gravel,Rip Rap,ton,4,false,645.00,161.25,271.44,100.00,371.44,254.56,39.47,true,1 load: 4ton on small dump,true,458.84,186.16,40.57,above,true,271.44,373.56,137.62,above
DFW,DFW North (Collin & Denton),Gravel,Rip Rap,ton,5,false,715.00,143.00,339.30,100.00,439.30,254.66,35.62,true,1 load: 5ton on small dump,true,573.55,141.45,24.66,above,true,339.30,375.70,110.73,above
DFW,DFW North (Collin & Denton),Gravel,Rip Rap,ton,6,false,785.00,130.83,407.16,100.00,507.16,254.78,32.46,true,1 load: 6ton on small dump,true,688.26,96.74,14.06,above,true,407.16,377.84,92.80,above
DFW,DFW North (Collin & Denton),Gravel,Rip Rap,ton,8,false,955.00,119.38,542.88,130.00,672.88,254.13,26.61,true,1 load: 8ton on tandem dump,true,917.68,37.32,4.07,above,true,542.88,412.12,75.91,above
DFW,DFW North (Collin & Denton),Gravel,Rip Rap,ton,10,false,1095.00,109.50,678.60,130.00,808.60,254.34,23.23,false,1 load: 10ton on tandem dump,true,1147.10,-52.10,-4.54,below,true,678.60,416.40,61.36,above
DFW,DFW North (Collin & Denton),Gravel,Rip Rap,ton,12,false,1275.00,106.25,814.32,130.00,944.32,293.41,23.01,false,1 load: 12ton on tandem dump,true,1376.52,-101.52,-7.38,below,true,814.32,460.68,56.57,above
DFW,DFW North (Collin & Denton),Gravel,Rip Rap,ton,15,false,1550.00,103.33,1017.90,130.00,1147.90,356.85,23.02,false,1 load: 15ton on tandem dump,true,1720.65,-170.65,-9.92,below,true,1017.90,532.10,52.27,above
DFW,DFW North (Collin & Denton),Gravel,Rip Rap,ton,20,false,2080.00,104.00,1357.20,180.00,1537.20,482.18,23.18,false,1 load: 20ton on end dump,true,2294.20,-214.20,-9.34,below,true,1357.20,722.80,53.26,above
DFW,DFW North (Collin & Denton),Gravel,Rip Rap,ton,25,false,2635.00,105.40,1696.50,255.00,1951.50,606.78,23.03,false,2 loads: 24ton on end dump + 1ton on small dump,true,2867.75,-232.75,-8.12,below,true,1696.50,938.50,55.32,above
DFW,DFW North (Collin & Denton),Gravel,Rip Rap,ton,30,false,3095.00,103.17,2035.80,255.00,2290.80,714.14,23.07,false,2 loads: 24ton on end dump + 6ton on small dump,true,3441.30,-346.30,-10.06,below,true,2035.80,1059.20,52.03,above
DFW,"DFW Outer (Rockwall, Kaufman, Ellis & Johnson)",Gravel,Rip Rap,ton,3,false,605.00,201.67,203.58,130.00,333.58,253.58,41.91,true,1 load: 3ton on small dump,true,344.13,260.87,75.81,above,true,203.58,401.42,197.18,above
DFW,"DFW Outer (Rockwall, Kaufman, Ellis & Johnson)",Gravel,Rip Rap,ton,4,false,675.00,168.75,271.44,130.00,401.44,253.69,37.58,true,1 load: 4ton on small dump,true,458.84,216.16,47.11,above,true,271.44,403.56,148.67,above
DFW,"DFW Outer (Rockwall, Kaufman, Ellis & Johnson)",Gravel,Rip Rap,ton,5,false,745.00,149.00,339.30,130.00,469.30,253.79,34.07,true,1 load: 5ton on small dump,true,573.55,171.45,29.89,above,true,339.30,405.70,119.57,above
DFW,"DFW Outer (Rockwall, Kaufman, Ellis & Johnson)",Gravel,Rip Rap,ton,6,false,815.00,135.83,407.16,130.00,537.16,253.91,31.15,true,1 load: 6ton on small dump,true,688.26,126.74,18.41,above,true,407.16,407.84,100.17,above
DFW,"DFW Outer (Rockwall, Kaufman, Ellis & Johnson)",Gravel,Rip Rap,ton,8,false,995.00,124.38,542.88,169.00,711.88,253.97,25.52,true,1 load: 8ton on tandem dump,true,917.68,77.32,8.43,above,true,542.88,452.12,83.28,above
DFW,"DFW Outer (Rockwall, Kaufman, Ellis & Johnson)",Gravel,Rip Rap,ton,10,false,1145.00,114.50,678.60,169.00,847.60,263.89,23.05,false,1 load: 10ton on tandem dump,true,1147.10,-2.10,-0.18,below,true,678.60,466.40,68.73,above
DFW,"DFW Outer (Rockwall, Kaufman, Ellis & Johnson)",Gravel,Rip Rap,ton,12,false,1330.00,110.83,814.32,169.00,983.32,307.81,23.14,false,1 load: 12ton on tandem dump,true,1376.52,-46.52,-3.38,below,true,814.32,515.68,63.33,above
DFW,"DFW Outer (Rockwall, Kaufman, Ellis & Johnson)",Gravel,Rip Rap,ton,15,false,1605.00,107.00,1017.90,169.00,1186.90,371.25,23.13,false,1 load: 15ton on tandem dump,true,1720.65,-115.65,-6.72,below,true,1017.90,587.10,57.68,above
DFW,"DFW Outer (Rockwall, Kaufman, Ellis & Johnson)",Gravel,Rip Rap,ton,20,false,2150.00,107.50,1357.20,234.00,1591.20,496.15,23.08,false,1 load: 20ton on end dump,true,2294.20,-144.20,-6.29,below,true,1357.20,792.80,58.41,above
DFW,"DFW Outer (Rockwall, Kaufman, Ellis & Johnson)",Gravel,Rip Rap,ton,25,false,2740.00,109.60,1696.50,331.50,2028.00,632.24,23.07,false,2 loads: 24ton on end dump + 1ton on small dump,true,2867.75,-127.75,-4.45,below,true,1696.50,1043.50,61.51,above
DFW,"DFW Outer (Rockwall, Kaufman, Ellis & Johnson)",Gravel,Rip Rap,ton,30,false,3200.00,106.67,2035.80,331.50,2367.30,739.60,23.11,false,2 loads: 24ton on end dump + 6ton on small dump,true,3441.30,-241.30,-7.01,below,true,2035.80,1164.20,57.19,above
DFW,DFW Core (Dallas & Tarrant),Gravel,"River Rock 1-3""",ton,3,false,665.00,221.67,307.50,85.00,392.50,252.91,38.03,true,1 load: 3ton on small dump,true,700.08,-35.08,-5.01,below,true,307.50,357.50,116.26,above
DFW,DFW Core (Dallas & Tarrant),Gravel,"River Rock 1-3""",ton,4,false,770.00,192.50,410.00,85.00,495.00,252.37,32.78,true,1 load: 4ton on small dump,true,933.44,-163.44,-17.51,below,true,410.00,360.00,87.80,above
DFW,DFW Core (Dallas & Tarrant),Gravel,"River Rock 1-3""",ton,5,false,875.00,175.00,512.50,85.00,597.50,251.82,28.78,true,1 load: 5ton on small dump,true,1166.80,-291.80,-25.01,below,true,512.50,362.50,70.73,above
DFW,DFW Core (Dallas & Tarrant),Gravel,"River Rock 1-3""",ton,6,false,1015.00,169.17,615.00,85.00,700.00,285.26,28.10,false,1 load: 6ton on small dump,true,1400.16,-385.16,-27.51,below,true,615.00,400.00,65.04,above
DFW,DFW Core (Dallas & Tarrant),Gravel,"River Rock 1-3""",ton,8,false,1350.00,168.75,820.00,110.50,930.50,380.05,28.15,false,1 load: 8ton on tandem dump,true,1866.88,-516.88,-27.69,below,true,820.00,530.00,64.63,above
DFW,DFW Core (Dallas & Tarrant),Gravel,"River Rock 1-3""",ton,10,false,1650.00,165.00,1025.00,110.50,1135.50,466.35,28.26,false,1 load: 10ton on tandem dump,true,2333.60,-683.60,-29.29,below,true,1025.00,625.00,60.98,above
DFW,DFW Core (Dallas & Tarrant),Gravel,"River Rock 1-3""",ton,12,false,1945.00,162.08,1230.00,110.50,1340.50,547.79,28.16,false,1 load: 12ton on tandem dump,true,2800.32,-855.32,-30.54,below,true,1230.00,715.00,58.13,above
DFW,DFW Core (Dallas & Tarrant),Gravel,"River Rock 1-3""",ton,15,false,2390.00,159.33,1537.50,110.50,1648.00,672.39,28.13,false,1 load: 15ton on tandem dump,true,3500.40,-1110.40,-31.72,below,true,1537.50,852.50,55.45,above
DFW,DFW Core (Dallas & Tarrant),Gravel,"River Rock 1-3""",ton,20,false,3195.00,159.75,2050.00,153.00,2203.00,899.04,28.14,false,1 load: 20ton on end dump,true,4667.20,-1472.20,-31.54,below,true,2050.00,1145.00,55.85,above
DFW,DFW Core (Dallas & Tarrant),Gravel,"River Rock 1-3""",ton,25,false,4030.00,161.20,2562.50,216.75,2779.25,1133.58,28.13,false,2 loads: 24ton on end dump + 1ton on small dump,true,5834.00,-1804.00,-30.92,below,true,2562.50,1467.50,57.27,above
DFW,DFW Core (Dallas & Tarrant),Gravel,"River Rock 1-3""",ton,30,false,4775.00,159.17,3075.00,216.75,3291.75,1344.47,28.16,false,2 loads: 24ton on end dump + 6ton on small dump,true,7000.80,-2225.80,-31.79,below,true,3075.00,1700.00,55.28,above
DFW,DFW North (Collin & Denton),Gravel,"River Rock 1-3""",ton,3,false,680.00,226.67,307.50,100.00,407.50,252.48,37.13,true,1 load: 3ton on small dump,true,700.08,-20.08,-2.87,below,true,307.50,372.50,121.14,above
DFW,DFW North (Collin & Denton),Gravel,"River Rock 1-3""",ton,4,false,785.00,196.25,410.00,100.00,510.00,251.94,32.09,true,1 load: 4ton on small dump,true,933.44,-148.44,-15.90,below,true,410.00,375.00,91.46,above
DFW,DFW North (Collin & Denton),Gravel,"River Rock 1-3""",ton,5,false,890.00,178.00,512.50,100.00,612.50,251.39,28.25,true,1 load: 5ton on small dump,true,1166.80,-276.80,-23.72,below,true,512.50,377.50,73.66,above
DFW,DFW North (Collin & Denton),Gravel,"River Rock 1-3""",ton,6,false,1040.00,173.33,615.00,100.00,715.00,294.54,28.32,false,1 load: 6ton on small dump,true,1400.16,-360.16,-25.72,below,true,615.00,425.00,69.11,above
DFW,DFW North (Collin & Denton),Gravel,"River Rock 1-3""",ton,8,false,1380.00,172.50,820.00,130.00,950.00,389.68,28.24,false,1 load: 8ton on tandem dump,true,1866.88,-486.88,-26.08,below,true,820.00,560.00,68.29,above
DFW,DFW North (Collin & Denton),Gravel,"River Rock 1-3""",ton,10,false,1675.00,167.50,1025.00,130.00,1155.00,471.13,28.13,false,1 load: 10ton on tandem dump,true,2333.60,-658.60,-28.22,below,true,1025.00,650.00,63.41,above
DFW,DFW North (Collin & Denton),Gravel,"River Rock 1-3""",ton,12,false,1975.00,164.58,1230.00,130.00,1360.00,557.42,28.22,false,1 load: 12ton on tandem dump,true,2800.32,-825.32,-29.47,below,true,1230.00,745.00,60.57,above
DFW,DFW North (Collin & Denton),Gravel,"River Rock 1-3""",ton,15,false,2420.00,161.33,1537.50,130.00,1667.50,682.02,28.18,false,1 load: 15ton on tandem dump,true,3500.40,-1080.40,-30.87,below,true,1537.50,882.50,57.40,above
DFW,DFW North (Collin & Denton),Gravel,"River Rock 1-3""",ton,20,false,3235.00,161.75,2050.00,180.00,2230.00,910.88,28.16,false,1 load: 20ton on end dump,true,4667.20,-1432.20,-30.69,below,true,2050.00,1185.00,57.80,above
DFW,DFW North (Collin & Denton),Gravel,"River Rock 1-3""",ton,25,false,4090.00,163.60,2562.50,255.00,2817.50,1153.59,28.21,false,2 loads: 24ton on end dump + 1ton on small dump,true,5834.00,-1744.00,-29.89,below,true,2562.50,1527.50,59.61,above
DFW,DFW North (Collin & Denton),Gravel,"River Rock 1-3""",ton,30,false,4830.00,161.00,3075.00,255.00,3330.00,1359.63,28.15,false,2 loads: 24ton on end dump + 6ton on small dump,true,7000.80,-2170.80,-31.01,below,true,3075.00,1755.00,57.07,above
DFW,"DFW Outer (Rockwall, Kaufman, Ellis & Johnson)",Gravel,"River Rock 1-3""",ton,3,false,710.00,236.67,307.50,130.00,437.50,251.61,35.44,true,1 load: 3ton on small dump,true,700.08,9.92,1.42,above,true,307.50,402.50,130.89,above
DFW,"DFW Outer (Rockwall, Kaufman, Ellis & Johnson)",Gravel,"River Rock 1-3""",ton,4,false,815.00,203.75,410.00,130.00,540.00,251.06,30.81,true,1 load: 4ton on small dump,true,933.44,-118.44,-12.69,below,true,410.00,405.00,98.78,above
DFW,"DFW Outer (Rockwall, Kaufman, Ellis & Johnson)",Gravel,"River Rock 1-3""",ton,5,false,935.00,187.00,512.50,130.00,642.50,265.08,28.35,false,1 load: 5ton on small dump,true,1166.80,-231.80,-19.87,below,true,512.50,422.50,82.44,above
DFW,"DFW Outer (Rockwall, Kaufman, Ellis & Johnson)",Gravel,"River Rock 1-3""",ton,6,false,1085.00,180.83,615.00,130.00,745.00,308.24,28.41,false,1 load: 6ton on small dump,true,1400.16,-315.16,-22.51,below,true,615.00,470.00,76.42,above
DFW,"DFW Outer (Rockwall, Kaufman, Ellis & Johnson)",Gravel,"River Rock 1-3""",ton,8,false,1435.00,179.38,820.00,169.00,989.00,404.08,28.16,false,1 load: 8ton on tandem dump,true,1866.88,-431.88,-23.13,below,true,820.00,615.00,75.00,above
DFW,"DFW Outer (Rockwall, Kaufman, Ellis & Johnson)",Gravel,"River Rock 1-3""",ton,10,false,1735.00,173.50,1025.00,169.00,1194.00,490.38,28.26,false,1 load: 10ton on tandem dump,true,2333.60,-598.60,-25.65,below,true,1025.00,710.00,69.27,above
DFW,"DFW Outer (Rockwall, Kaufman, Ellis & Johnson)",Gravel,"River Rock 1-3""",ton,12,false,2030.00,169.17,1230.00,169.00,1399.00,571.83,28.17,false,1 load: 12ton on tandem dump,true,2800.32,-770.32,-27.51,below,true,1230.00,800.00,65.04,above
DFW,"DFW Outer (Rockwall, Kaufman, Ellis & Johnson)",Gravel,"River Rock 1-3""",ton,15,false,2475.00,165.00,1537.50,169.00,1706.50,696.42,28.14,false,1 load: 15ton on tandem dump,true,3500.40,-1025.40,-29.29,below,true,1537.50,937.50,60.98,above
DFW,"DFW Outer (Rockwall, Kaufman, Ellis & Johnson)",Gravel,"River Rock 1-3""",ton,20,false,3315.00,165.75,2050.00,234.00,2284.00,934.57,28.19,false,1 load: 20ton on end dump,true,4667.20,-1352.20,-28.97,below,true,2050.00,1265.00,61.71,above
DFW,"DFW Outer (Rockwall, Kaufman, Ellis & Johnson)",Gravel,"River Rock 1-3""",ton,25,false,4200.00,168.00,2562.50,331.50,2894.00,1183.90,28.19,false,2 loads: 24ton on end dump + 1ton on small dump,true,5834.00,-1634.00,-28.01,below,true,2562.50,1637.50,63.90,above
DFW,"DFW Outer (Rockwall, Kaufman, Ellis & Johnson)",Gravel,"River Rock 1-3""",ton,30,false,4940.00,164.67,3075.00,331.50,3406.50,1389.94,28.14,false,2 loads: 24ton on end dump + 6ton on small dump,true,7000.80,-2060.80,-29.44,below,true,3075.00,1865.00,60.65,above
DFW,DFW Core (Dallas & Tarrant),Sand,Mason Sand,ton,3,false,525.00,175.00,172.23,85.00,257.23,252.24,48.05,true,1 load: 3ton on small dump,true,258.60,266.40,103.02,above,true,172.23,352.77,204.82,above
DFW,DFW Core (Dallas & Tarrant),Sand,Mason Sand,ton,4,false,585.00,146.25,229.64,85.00,314.64,253.10,43.26,true,1 load: 4ton on small dump,true,344.80,240.20,69.66,above,true,229.64,355.36,154.75,above
DFW,DFW Core (Dallas & Tarrant),Sand,Mason Sand,ton,5,false,645.00,129.00,287.05,85.00,372.05,253.95,39.37,true,1 load: 5ton on small dump,true,431.00,214.00,49.65,above,true,287.05,357.95,124.70,above
DFW,DFW Core (Dallas & Tarrant),Sand,Mason Sand,ton,6,false,705.00,117.50,344.46,85.00,429.46,254.80,36.14,true,1 load: 6ton on small dump,true,517.20,187.80,36.31,above,true,344.46,360.54,104.67,above
DFW,DFW Core (Dallas & Tarrant),Sand,Mason Sand,ton,8,false,845.00,105.63,459.28,110.50,569.78,250.42,29.63,true,1 load: 8ton on tandem dump,true,689.60,155.40,22.53,above,true,459.28,385.72,83.98,above
DFW,DFW Core (Dallas & Tarrant),Sand,Mason Sand,ton,10,false,965.00,96.50,574.10,110.50,684.60,252.12,26.13,true,1 load: 10ton on tandem dump,true,862.00,103.00,11.95,above,true,574.10,390.90,68.09,above
DFW,DFW Core (Dallas & Tarrant),Sand,Mason Sand,ton,12,false,1085.00,90.42,688.92,110.50,799.42,253.82,23.39,true,1 load: 12ton on tandem dump,true,1034.40,50.60,4.89,above,true,688.92,396.08,57.49,above
DFW,DFW Core (Dallas & Tarrant),Sand,Mason Sand,ton,15,false,1315.00,87.67,861.15,110.50,971.65,304.92,23.19,false,1 load: 15ton on tandem dump,true,1293.00,22.00,1.70,above,true,861.15,453.85,52.70,above
DFW,DFW Core (Dallas & Tarrant),Sand,Mason Sand,ton,20,false,1760.00,88.00,1148.20,153.00,1301.20,407.46,23.15,false,1 load: 20ton on end dump,true,1724.00,36.00,2.09,above,true,1148.20,611.80,53.28,above
DFW,DFW Core (Dallas & Tarrant),Sand,Mason Sand,ton,25,false,2235.00,89.40,1435.25,216.75,1652.00,517.88,23.17,false,2 loads: 24ton on end dump + 1ton on small dump,true,2155.00,80.00,3.71,above,true,1435.25,799.75,55.72,above
DFW,DFW Core (Dallas & Tarrant),Sand,Mason Sand,ton,30,false,2620.00,87.33,1722.30,216.75,1939.05,604.67,23.08,false,2 loads: 24ton on end dump + 6ton on small dump,true,2586.00,34.00,1.31,above,true,1722.30,897.70,52.12,above
DFW,DFW North (Collin & Denton),Sand,Mason Sand,ton,3,false,540.00,180.00,172.23,100.00,272.23,251.81,46.63,true,1 load: 3ton on small dump,true,258.60,281.40,108.82,above,true,172.23,367.77,213.53,above
DFW,DFW North (Collin & Denton),Sand,Mason Sand,ton,4,false,600.00,150.00,229.64,100.00,329.64,252.66,42.11,true,1 load: 4ton on small dump,true,344.80,255.20,74.01,above,true,229.64,370.36,161.28,above
DFW,DFW North (Collin & Denton),Sand,Mason Sand,ton,5,false,660.00,132.00,287.05,100.00,387.05,253.51,38.41,true,1 load: 5ton on small dump,true,431.00,229.00,53.13,above,true,287.05,372.95,129.93,above
DFW,DFW North (Collin & Denton),Sand,Mason Sand,ton,6,false,720.00,120.00,344.46,100.00,444.46,254.36,35.33,true,1 load: 6ton on small dump,true,517.20,202.80,39.21,above,true,344.46,375.54,109.02,above
DFW,DFW North (Collin & Denton),Sand,Mason Sand,ton,8,false,865.00,108.13,459.28,130.00,589.28,250.34,28.94,true,1 load: 8ton on tandem dump,true,689.60,175.40,25.44,above,true,459.28,405.72,88.34,above
DFW,DFW North (Collin & Denton),Sand,Mason Sand,ton,10,false,985.00,98.50,574.10,130.00,704.10,252.04,25.59,true,1 load: 10ton on tandem dump,true,862.00,123.00,14.27,above,true,574.10,410.90,71.57,above
DFW,DFW North (Collin & Denton),Sand,Mason Sand,ton,12,false,1110.00,92.50,688.92,130.00,818.92,258.59,23.30,false,1 load: 12ton on tandem dump,true,1034.40,75.60,7.31,above,true,688.92,421.08,61.12,above
DFW,DFW North (Collin & Denton),Sand,Mason Sand,ton,15,false,1340.00,89.33,861.15,130.00,991.15,309.69,23.11,false,1 load: 15ton on tandem dump,true,1293.00,47.00,3.63,above,true,861.15,478.85,55.61,above
DFW,DFW North (Collin & Denton),Sand,Mason Sand,ton,20,false,1795.00,89.75,1148.20,180.00,1328.20,414.45,23.09,false,1 load: 20ton on end dump,true,1724.00,71.00,4.12,above,true,1148.20,646.80,56.33,above
DFW,DFW North (Collin & Denton),Sand,Mason Sand,ton,25,false,2285.00,91.40,1435.25,255.00,1690.25,528.18,23.12,false,2 loads: 24ton on end dump + 1ton on small dump,true,2155.00,130.00,6.03,above,true,1435.25,849.75,59.21,above
DFW,DFW North (Collin & Denton),Sand,Mason Sand,ton,30,false,2670.00,89.00,1722.30,255.00,1977.30,614.97,23.03,false,2 loads: 24ton on end dump + 6ton on small dump,true,2586.00,84.00,3.25,above,true,1722.30,947.70,55.03,above
DFW,"DFW Outer (Rockwall, Kaufman, Ellis & Johnson)",Sand,Mason Sand,ton,3,false,570.00,190.00,172.23,130.00,302.23,250.94,44.02,true,1 load: 3ton on small dump,true,258.60,311.40,120.42,above,true,172.23,397.77,230.95,above
DFW,"DFW Outer (Rockwall, Kaufman, Ellis & Johnson)",Sand,Mason Sand,ton,4,false,630.00,157.50,229.64,130.00,359.64,251.79,39.97,true,1 load: 4ton on small dump,true,344.80,285.20,82.71,above,true,229.64,400.36,174.34,above
DFW,"DFW Outer (Rockwall, Kaufman, Ellis & Johnson)",Sand,Mason Sand,ton,5,false,690.00,138.00,287.05,130.00,417.05,252.64,36.61,true,1 load: 5ton on small dump,true,431.00,259.00,60.09,above,true,287.05,402.95,140.38,above
DFW,"DFW Outer (Rockwall, Kaufman, Ellis & Johnson)",Sand,Mason Sand,ton,6,false,750.00,125.00,344.46,130.00,474.46,253.49,33.80,true,1 load: 6ton on small dump,true,517.20,232.80,45.01,above,true,344.46,405.54,117.73,above
DFW,"DFW Outer (Rockwall, Kaufman, Ellis & Johnson)",Sand,Mason Sand,ton,8,false,905.00,113.13,459.28,169.00,628.28,250.18,27.64,true,1 load: 8ton on tandem dump,true,689.60,215.40,31.24,above,true,459.28,445.72,97.05,above
DFW,"DFW Outer (Rockwall, Kaufman, Ellis & Johnson)",Sand,Mason Sand,ton,10,false,1025.00,102.50,574.10,169.00,743.10,251.88,24.57,true,1 load: 10ton on tandem dump,true,862.00,163.00,18.91,above,true,574.10,450.90,78.54,above
DFW,"DFW Outer (Rockwall, Kaufman, Ellis & Johnson)",Sand,Mason Sand,ton,12,false,1160.00,96.67,688.92,169.00,857.92,268.14,23.12,false,1 load: 12ton on tandem dump,true,1034.40,125.60,12.14,above,true,688.92,471.08,68.38,above
DFW,"DFW Outer (Rockwall, Kaufman, Ellis & Johnson)",Sand,Mason Sand,ton,15,false,1395.00,93.00,861.15,169.00,1030.15,324.09,23.23,false,1 load: 15ton on tandem dump,true,1293.00,102.00,7.89,above,true,861.15,533.85,61.99,above
DFW,"DFW Outer (Rockwall, Kaufman, Ellis & Johnson)",Sand,Mason Sand,ton,20,false,1870.00,93.50,1148.20,234.00,1382.20,433.27,23.17,false,1 load: 20ton on end dump,true,1724.00,146.00,8.47,above,true,1148.20,721.80,62.86,above
DFW,"DFW Outer (Rockwall, Kaufman, Ellis & Johnson)",Sand,Mason Sand,ton,25,false,2390.00,95.60,1435.25,331.50,1766.75,553.64,23.16,false,2 loads: 24ton on end dump + 1ton on small dump,true,2155.00,235.00,10.90,above,true,1435.25,954.75,66.52,above
DFW,"DFW Outer (Rockwall, Kaufman, Ellis & Johnson)",Sand,Mason Sand,ton,30,false,2775.00,92.50,1722.30,331.50,2053.80,640.42,23.08,false,2 loads: 24ton on end dump + 6ton on small dump,true,2586.00,189.00,7.31,above,true,1722.30,1052.70,61.12,above
DFW,DFW Core (Dallas & Tarrant),Sand,Bank Sand (fill),ton,3,false,505.00,168.33,153.33,85.00,238.33,251.73,49.85,true,1 load: 3ton on small dump,true,216.12,288.88,133.67,above,true,153.33,351.67,229.35,above
DFW,DFW Core (Dallas & Tarrant),Sand,Bank Sand (fill),ton,4,false,560.00,140.00,204.44,85.00,289.44,254.02,45.36,true,1 load: 4ton on small dump,true,288.16,271.84,94.34,above,true,204.44,355.56,173.92,above
DFW,DFW Core (Dallas & Tarrant),Sand,Bank Sand (fill),ton,5,false,610.00,122.00,255.55,85.00,340.55,251.46,41.22,true,1 load: 5ton on small dump,true,360.20,249.80,69.35,above,true,255.55,354.45,138.70,above
DFW,DFW Core (Dallas & Tarrant),Sand,Bank Sand (fill),ton,6,false,665.00,110.83,306.66,85.00,391.66,253.76,38.16,true,1 load: 6ton on small dump,true,432.24,232.76,53.85,above,true,306.66,358.34,116.85,above
DFW,DFW Core (Dallas & Tarrant),Sand,Bank Sand (fill),ton,8,false,795.00,99.38,408.88,110.50,519.38,252.27,31.73,true,1 load: 8ton on tandem dump,true,576.32,218.68,37.94,above,true,408.88,386.12,94.43,above
DFW,DFW Core (Dallas & Tarrant),Sand,Bank Sand (fill),ton,10,false,900.00,90.00,511.10,110.50,621.60,252.00,28.00,true,1 load: 10ton on tandem dump,true,720.40,179.60,24.93,above,true,511.10,388.90,76.09,above
DFW,DFW Core (Dallas & Tarrant),Sand,Bank Sand (fill),ton,12,false,1005.00,83.75,613.32,110.50,723.82,251.74,25.05,true,1 load: 12ton on tandem dump,true,864.48,140.52,16.25,above,true,613.32,391.68,63.86,above
DFW,DFW Core (Dallas & Tarrant),Sand,Bank Sand (fill),ton,15,false,1165.00,77.67,766.65,110.50,877.15,253.77,21.78,true,1 load: 15ton on tandem dump,true,1080.60,84.40,7.81,above,true,766.65,398.35,51.96,above
DFW,DFW Core (Dallas & Tarrant),Sand,Bank Sand (fill),ton,20,false,1470.00,73.50,1022.20,153.00,1175.20,251.87,17.13,false,1 load: 20ton on end dump,true,1440.80,29.20,2.03,above,true,1022.20,447.80,43.81,above
DFW,DFW Core (Dallas & Tarrant),Sand,Bank Sand (fill),ton,25,false,1870.00,74.80,1277.75,216.75,1494.50,320.97,17.16,false,2 loads: 24ton on end dump + 1ton on small dump,true,1801.00,69.00,3.83,above,true,1277.75,592.25,46.35,above
DFW,DFW Core (Dallas & Tarrant),Sand,Bank Sand (fill),ton,30,false,2190.00,73.00,1533.30,216.75,1750.05,376.14,17.18,false,2 loads: 24ton on end dump + 6ton on small dump,true,2161.20,28.80,1.33,above,true,1533.30,656.70,42.83,above
DFW,DFW North (Collin & Denton),Sand,Bank Sand (fill),ton,3,false,520.00,173.33,153.33,100.00,253.33,251.29,48.33,true,1 load: 3ton on small dump,true,216.12,303.88,140.61,above,true,153.33,366.67,239.14,above
DFW,DFW North (Collin & Denton),Sand,Bank Sand (fill),ton,4,false,575.00,143.75,204.44,100.00,304.44,253.59,44.10,true,1 load: 4ton on small dump,true,288.16,286.84,99.54,above,true,204.44,370.56,181.26,above
DFW,DFW North (Collin & Denton),Sand,Bank Sand (fill),ton,5,false,625.00,125.00,255.55,100.00,355.55,251.02,40.16,true,1 load: 5ton on small dump,true,360.20,264.80,73.51,above,true,255.55,369.45,144.57,above
DFW,DFW North (Collin & Denton),Sand,Bank Sand (fill),ton,6,false,680.00,113.33,306.66,100.00,406.66,253.32,37.25,true,1 load: 6ton on small dump,true,432.24,247.76,57.32,above,true,306.66,373.34,121.74,above
DFW,DFW North (Collin & Denton),Sand,Bank Sand (fill),ton,8,false,815.00,101.88,408.88,130.00,538.88,252.19,30.94,true,1 load: 8ton on tandem dump,true,576.32,238.68,41.41,above,true,408.88,406.12,99.32,above
DFW,DFW North (Collin & Denton),Sand,Bank Sand (fill),ton,10,false,920.00,92.00,511.10,130.00,641.10,251.92,27.38,true,1 load: 10ton on tandem dump,true,720.40,199.60,27.71,above,true,511.10,408.90,80.00,above
DFW,DFW North (Collin & Denton),Sand,Bank Sand (fill),ton,12,false,1025.00,85.42,613.32,130.00,743.32,251.66,24.55,true,1 load: 12ton on tandem dump,true,864.48,160.52,18.57,above,true,613.32,411.68,67.12,above
DFW,DFW North (Collin & Denton),Sand,Bank Sand (fill),ton,15,false,1185.00,79.00,766.65,130.00,896.65,253.69,21.41,true,1 load: 15ton on tandem dump,true,1080.60,104.40,9.66,above,true,766.65,418.35,54.57,above
DFW,DFW North (Collin & Denton),Sand,Bank Sand (fill),ton,20,false,1505.00,75.25,1022.20,180.00,1202.20,258.85,17.20,false,1 load: 20ton on end dump,true,1440.80,64.20,4.46,above,true,1022.20,482.80,47.23,above
DFW,DFW North (Collin & Denton),Sand,Bank Sand (fill),ton,25,false,1920.00,76.80,1277.75,255.00,1532.75,331.27,17.25,false,2 loads: 24ton on end dump + 1ton on small dump,true,1801.00,119.00,6.61,above,true,1277.75,642.25,50.26,above
DFW,DFW North (Collin & Denton),Sand,Bank Sand (fill),ton,30,false,2240.00,74.67,1533.30,255.00,1788.30,386.44,17.25,false,2 loads: 24ton on end dump + 6ton on small dump,true,2161.20,78.80,3.65,above,true,1533.30,706.70,46.09,above
DFW,"DFW Outer (Rockwall, Kaufman, Ellis & Johnson)",Sand,Bank Sand (fill),ton,3,false,550.00,183.33,153.33,130.00,283.33,250.42,45.53,true,1 load: 3ton on small dump,true,216.12,333.88,154.49,above,true,153.33,396.67,258.70,above
DFW,"DFW Outer (Rockwall, Kaufman, Ellis & Johnson)",Sand,Bank Sand (fill),ton,4,false,605.00,151.25,204.44,130.00,334.44,252.72,41.77,true,1 load: 4ton on small dump,true,288.16,316.84,109.95,above,true,204.44,400.56,195.93,above
DFW,"DFW Outer (Rockwall, Kaufman, Ellis & Johnson)",Sand,Bank Sand (fill),ton,5,false,655.00,131.00,255.55,130.00,385.55,250.15,38.19,true,1 load: 5ton on small dump,true,360.20,294.80,81.84,above,true,255.55,399.45,156.31,above
DFW,"DFW Outer (Rockwall, Kaufman, Ellis & Johnson)",Sand,Bank Sand (fill),ton,6,false,710.00,118.33,306.66,130.00,436.66,252.45,35.56,true,1 load: 6ton on small dump,true,432.24,277.76,64.26,above,true,306.66,403.34,131.53,above
DFW,"DFW Outer (Rockwall, Kaufman, Ellis & Johnson)",Sand,Bank Sand (fill),ton,8,false,855.00,106.88,408.88,169.00,577.88,252.03,29.48,true,1 load: 8ton on tandem dump,true,576.32,278.68,48.36,above,true,408.88,446.12,109.11,above
DFW,"DFW Outer (Rockwall, Kaufman, Ellis & Johnson)",Sand,Bank Sand (fill),ton,10,false,960.00,96.00,511.10,169.00,680.10,251.76,26.22,true,1 load: 10ton on tandem dump,true,720.40,239.60,33.26,above,true,511.10,448.90,87.83,above
DFW,"DFW Outer (Rockwall, Kaufman, Ellis & Johnson)",Sand,Bank Sand (fill),ton,12,false,1065.00,88.75,613.32,169.00,782.32,251.50,23.61,true,1 load: 12ton on tandem dump,true,864.48,200.52,23.20,above,true,613.32,451.68,73.65,above
DFW,"DFW Outer (Rockwall, Kaufman, Ellis & Johnson)",Sand,Bank Sand (fill),ton,15,false,1225.00,81.67,766.65,169.00,935.65,253.53,20.70,true,1 load: 15ton on tandem dump,true,1080.60,144.40,13.36,above,true,766.65,458.35,59.79,above
DFW,"DFW Outer (Rockwall, Kaufman, Ellis & Johnson)",Sand,Bank Sand (fill),ton,20,false,1575.00,78.75,1022.20,234.00,1256.20,272.82,17.32,false,1 load: 20ton on end dump,true,1440.80,134.20,9.31,above,true,1022.20,552.80,54.08,above
DFW,"DFW Outer (Rockwall, Kaufman, Ellis & Johnson)",Sand,Bank Sand (fill),ton,25,false,2015.00,80.60,1277.75,331.50,1609.25,347.01,17.22,false,2 loads: 24ton on end dump + 1ton on small dump,true,1801.00,214.00,11.88,above,true,1277.75,737.25,57.70,above
DFW,"DFW Outer (Rockwall, Kaufman, Ellis & Johnson)",Sand,Bank Sand (fill),ton,30,false,2335.00,77.83,1533.30,331.50,1864.80,402.19,17.22,false,2 loads: 24ton on end dump + 6ton on small dump,true,2161.20,173.80,8.04,above,true,1533.30,801.70,52.29,above
DFW,DFW Core (Dallas & Tarrant),Sand,Concrete Sand,ton,3,false,530.00,176.67,177.78,85.00,262.78,251.55,47.46,true,1 load: 3ton on small dump,true,207.83,322.17,155.02,above,true,177.78,352.22,198.12,above
DFW,DFW Core (Dallas & Tarrant),Sand,Concrete Sand,ton,4,false,590.00,147.50,237.04,85.00,322.04,250.55,42.47,true,1 load: 4ton on small dump,true,277.10,312.90,112.92,above,true,237.04,352.96,148.90,above
DFW,DFW Core (Dallas & Tarrant),Sand,Concrete Sand,ton,5,false,655.00,131.00,296.30,85.00,381.30,254.40,38.84,true,1 load: 5ton on small dump,true,346.38,308.63,89.10,above,true,296.30,358.70,121.06,above
DFW,DFW Core (Dallas & Tarrant),Sand,Concrete Sand,ton,6,false,715.00,119.17,355.56,85.00,440.56,253.41,35.44,true,1 load: 6ton on small dump,true,415.65,299.35,72.02,above,true,355.56,359.44,101.09,above
DFW,DFW Core (Dallas & Tarrant),Sand,Concrete Sand,ton,8,false,860.00,107.50,474.08,110.50,584.58,250.18,29.09,true,1 load: 8ton on tandem dump,true,554.20,305.80,55.18,above,true,474.08,385.92,81.40,above
DFW,DFW Core (Dallas & Tarrant),Sand,Concrete Sand,ton,10,false,985.00,98.50,592.60,110.50,703.10,253.03,25.69,true,1 load: 10ton on tandem dump,true,692.75,292.25,42.19,above,true,592.60,392.40,66.22,above
DFW,DFW Core (Dallas & Tarrant),Sand,Concrete Sand,ton,12,false,1105.00,92.08,711.12,110.50,821.62,251.03,22.72,true,1 load: 12ton on tandem dump,true,831.30,273.70,32.92,above,true,711.12,393.88,55.39,above
DFW,DFW Core (Dallas & Tarrant),Sand,Concrete Sand,ton,15,false,1290.00,86.00,888.90,110.50,999.40,252.89,19.60,true,1 load: 15ton on tandem dump,true,1039.13,250.88,24.14,above,true,888.90,401.10,45.12,above
DFW,DFW Core (Dallas & Tarrant),Sand,Concrete Sand,ton,20,false,1675.00,83.75,1185.20,153.00,1338.20,287.92,17.19,false,1 load: 20ton on end dump,true,1385.50,289.50,20.89,above,true,1185.20,489.80,41.33,above
DFW,DFW Core (Dallas & Tarrant),Sand,Concrete Sand,ton,25,false,2125.00,85.00,1481.50,216.75,1698.25,364.82,17.17,false,2 loads: 24ton on end dump + 1ton on small dump,true,1731.88,393.12,22.70,above,true,1481.50,643.50,43.44,above
DFW,DFW Core (Dallas & Tarrant),Sand,Concrete Sand,ton,30,false,2495.00,83.17,1777.80,216.75,1994.55,427.80,17.15,false,2 loads: 24ton on end dump + 6ton on small dump,true,2078.25,416.75,20.05,above,true,1777.80,717.20,40.34,above
DFW,DFW North (Collin & Denton),Sand,Concrete Sand,ton,3,false,545.00,181.67,177.78,100.00,277.78,251.12,46.08,true,1 load: 3ton on small dump,true,207.83,337.17,162.24,above,true,177.78,367.22,206.56,above
DFW,DFW North (Collin & Denton),Sand,Concrete Sand,ton,4,false,605.00,151.25,237.04,100.00,337.04,250.12,41.34,true,1 load: 4ton on small dump,true,277.10,327.90,118.33,above,true,237.04,367.96,155.23,above
DFW,DFW North (Collin & Denton),Sand,Concrete Sand,ton,5,false,670.00,134.00,296.30,100.00,396.30,253.97,37.91,true,1 load: 5ton on small dump,true,346.38,323.63,93.43,above,true,296.30,373.70,126.12,above
DFW,DFW North (Collin & Denton),Sand,Concrete Sand,ton,6,false,730.00,121.67,355.56,100.00,455.56,252.97,34.65,true,1 load: 6ton on small dump,true,415.65,314.35,75.63,above,true,355.56,374.44,105.31,above
DFW,DFW North (Collin & Denton),Sand,Concrete Sand,ton,8,false,880.00,110.00,474.08,130.00,604.08,250.10,28.42,true,1 load: 8ton on tandem dump,true,554.20,325.80,58.79,above,true,474.08,405.92,85.62,above
DFW,DFW North (Collin & Denton),Sand,Concrete Sand,ton,10,false,1005.00,100.50,592.60,130.00,722.60,252.95,25.17,true,1 load: 10ton on tandem dump,true,692.75,312.25,45.07,above,true,592.60,412.40,69.59,above
DFW,DFW North (Collin & Denton),Sand,Concrete Sand,ton,12,false,1125.00,93.75,711.12,130.00,841.12,250.95,22.31,true,1 load: 12ton on tandem dump,true,831.30,293.70,35.33,above,true,711.12,413.88,58.20,above
DFW,DFW North (Collin & Denton),Sand,Concrete Sand,ton,15,false,1310.00,87.33,888.90,130.00,1018.90,252.81,19.30,true,1 load: 15ton on tandem dump,true,1039.13,270.88,26.07,above,true,888.90,421.10,47.37,above
DFW,DFW North (Collin & Denton),Sand,Concrete Sand,ton,20,false,1710.00,85.50,1185.20,180.00,1365.20,294.91,17.25,false,1 load: 20ton on end dump,true,1385.50,324.50,23.42,above,true,1185.20,524.80,44.28,above
DFW,DFW North (Collin & Denton),Sand,Concrete Sand,ton,25,false,2175.00,87.00,1481.50,255.00,1736.50,375.13,17.25,false,2 loads: 24ton on end dump + 1ton on small dump,true,1731.88,443.12,25.59,above,true,1481.50,693.50,46.81,above
DFW,DFW North (Collin & Denton),Sand,Concrete Sand,ton,30,false,2545.00,84.83,1777.80,255.00,2032.80,438.10,17.21,false,2 loads: 24ton on end dump + 6ton on small dump,true,2078.25,466.75,22.46,above,true,1777.80,767.20,43.15,above
DFW,"DFW Outer (Rockwall, Kaufman, Ellis & Johnson)",Sand,Concrete Sand,ton,3,false,575.00,191.67,177.78,130.00,307.78,250.25,43.52,true,1 load: 3ton on small dump,true,207.83,367.17,176.68,above,true,177.78,397.22,223.43,above
DFW,"DFW Outer (Rockwall, Kaufman, Ellis & Johnson)",Sand,Concrete Sand,ton,4,false,640.00,160.00,237.04,130.00,367.04,254.10,39.70,true,1 load: 4ton on small dump,true,277.10,362.90,130.96,above,true,237.04,402.96,170.00,above
DFW,"DFW Outer (Rockwall, Kaufman, Ellis & Johnson)",Sand,Concrete Sand,ton,5,false,700.00,140.00,296.30,130.00,426.30,253.10,36.16,true,1 load: 5ton on small dump,true,346.38,353.63,102.09,above,true,296.30,403.70,136.25,above
DFW,"DFW Outer (Rockwall, Kaufman, Ellis & Johnson)",Sand,Concrete Sand,ton,6,false,760.00,126.67,355.56,130.00,485.56,252.10,33.17,true,1 load: 6ton on small dump,true,415.65,344.35,82.85,above,true,355.56,404.44,113.75,above
DFW,"DFW Outer (Rockwall, Kaufman, Ellis & Johnson)",Sand,Concrete Sand,ton,8,false,925.00,115.63,474.08,169.00,643.08,254.80,27.55,true,1 load: 8ton on tandem dump,true,554.20,370.80,66.91,above,true,474.08,450.92,95.11,above
DFW,"DFW Outer (Rockwall, Kaufman, Ellis & Johnson)",Sand,Concrete Sand,ton,10,false,1045.00,104.50,592.60,169.00,761.60,252.79,24.19,true,1 load: 10ton on tandem dump,true,692.75,352.25,50.85,above,true,592.60,452.40,76.34,above
DFW,"DFW Outer (Rockwall, Kaufman, Ellis & Johnson)",Sand,Concrete Sand,ton,12,false,1165.00,97.08,711.12,169.00,880.12,250.79,21.53,true,1 load: 12ton on tandem dump,true,831.30,333.70,40.14,above,true,711.12,453.88,63.83,above
DFW,"DFW Outer (Rockwall, Kaufman, Ellis & Johnson)",Sand,Concrete Sand,ton,15,false,1350.00,90.00,888.90,169.00,1057.90,252.65,18.71,true,1 load: 15ton on tandem dump,true,1039.13,310.88,29.92,above,true,888.90,461.10,51.87,above
DFW,"DFW Outer (Rockwall, Kaufman, Ellis & Johnson)",Sand,Concrete Sand,ton,20,false,1775.00,88.75,1185.20,234.00,1419.20,304.02,17.13,false,1 load: 20ton on end dump,true,1385.50,389.50,28.11,above,true,1185.20,589.80,49.76,above
DFW,"DFW Outer (Rockwall, Kaufman, Ellis & Johnson)",Sand,Concrete Sand,ton,25,false,2270.00,90.80,1481.50,331.50,1813.00,390.87,17.22,false,2 loads: 24ton on end dump + 1ton on small dump,true,1731.88,538.12,31.07,above,true,1481.50,788.50,53.22,above
DFW,"DFW Outer (Rockwall, Kaufman, Ellis & Johnson)",Sand,Concrete Sand,ton,30,false,2640.00,88.00,1777.80,331.50,2109.30,453.84,17.19,false,2 loads: 24ton on end dump + 6ton on small dump,true,2078.25,561.75,27.03,above,true,1777.80,862.20,48.50,above
DFW,DFW Core (Dallas & Tarrant),Sand,Play / Playground Sand,ton,3,false,570.00,190.00,215.55,85.00,300.55,252.62,44.32,true,1 load: 3ton on small dump,true,284.22,285.78,100.55,above,true,215.55,354.45,164.44,above
DFW,DFW Core (Dallas & Tarrant),Sand,Play / Playground Sand,ton,4,false,645.00,161.25,287.40,85.00,372.40,253.60,39.32,true,1 load: 4ton on small dump,true,378.96,266.04,70.20,above,true,287.40,357.60,124.43,above
DFW,DFW Core (Dallas & Tarrant),Sand,Play / Playground Sand,ton,5,false,720.00,144.00,359.25,85.00,444.25,254.57,35.36,true,1 load: 5ton on small dump,true,473.70,246.30,51.99,above,true,359.25,360.75,100.42,above
DFW,DFW Core (Dallas & Tarrant),Sand,Play / Playground Sand,ton,6,false,790.00,131.67,431.10,85.00,516.10,250.69,31.73,true,1 load: 6ton on small dump,true,568.44,221.56,38.98,above,true,431.10,358.90,83.25,above
DFW,DFW Core (Dallas & Tarrant),Sand,Play / Playground Sand,ton,8,false,965.00,120.63,574.80,110.50,685.30,251.42,26.05,true,1 load: 8ton on tandem dump,true,757.92,207.08,27.32,above,true,574.80,390.20,67.88,above
DFW,DFW Core (Dallas & Tarrant),Sand,Play / Playground Sand,ton,10,false,1115.00,111.50,718.50,110.50,829.00,253.37,22.72,true,1 load: 10ton on tandem dump,true,947.40,167.60,17.69,above,true,718.50,396.50,55.18,above
DFW,DFW Core (Dallas & Tarrant),Sand,Play / Playground Sand,ton,12,false,1260.00,105.00,862.20,110.50,972.70,250.46,19.88,true,1 load: 12ton on tandem dump,true,1136.88,123.12,10.83,above,true,862.20,397.80,46.14,above
DFW,DFW Core (Dallas & Tarrant),Sand,Play / Playground Sand,ton,15,false,1490.00,99.33,1077.75,110.50,1188.25,258.24,17.33,false,1 load: 15ton on tandem dump,true,1421.10,68.90,4.85,above,true,1077.75,412.25,38.25,above
DFW,DFW Core (Dallas & Tarrant),Sand,Play / Playground Sand,ton,20,false,1990.00,99.50,1437.00,153.00,1590.00,341.99,17.19,false,1 load: 20ton on end dump,true,1894.80,95.20,5.02,above,true,1437.00,553.00,38.48,above
DFW,DFW Core (Dallas & Tarrant),Sand,Play / Playground Sand,ton,25,false,2520.00,100.80,1796.25,216.75,2013.00,433.62,17.21,false,2 loads: 24ton on end dump + 1ton on small dump,true,2368.50,151.50,6.40,above,true,1796.25,723.75,40.29,above
DFW,DFW Core (Dallas & Tarrant),Sand,Play / Playground Sand,ton,30,false,2970.00,99.00,2155.50,216.75,2372.25,511.32,17.22,false,2 loads: 24ton on end dump + 6ton on small dump,true,2842.20,127.80,4.50,above,true,2155.50,814.50,37.79,above
DFW,DFW North (Collin & Denton),Sand,Play / Playground Sand,ton,3,false,585.00,195.00,215.55,100.00,315.55,252.19,43.11,true,1 load: 3ton on small dump,true,284.22,300.78,105.83,above,true,215.55,369.45,171.40,above
DFW,DFW North (Collin & Denton),Sand,Play / Playground Sand,ton,4,false,660.00,165.00,287.40,100.00,387.40,253.16,38.36,true,1 load: 4ton on small dump,true,378.96,281.04,74.16,above,true,287.40,372.60,129.65,above
DFW,DFW North (Collin & Denton),Sand,Play / Playground Sand,ton,5,false,735.00,147.00,359.25,100.00,459.25,254.13,34.58,true,1 load: 5ton on small dump,true,473.70,261.30,55.16,above,true,359.25,375.75,104.59,above
DFW,DFW North (Collin & Denton),Sand,Play / Playground Sand,ton,6,false,805.00,134.17,431.10,100.00,531.10,250.26,31.09,true,1 load: 6ton on small dump,true,568.44,236.56,41.62,above,true,431.10,373.90,86.73,above
DFW,DFW North (Collin & Denton),Sand,Play / Playground Sand,ton,8,false,985.00,123.13,574.80,130.00,704.80,251.34,25.52,true,1 load: 8ton on tandem dump,true,757.92,227.08,29.96,above,true,574.80,410.20,71.36,above
DFW,DFW North (Collin & Denton),Sand,Play / Playground Sand,ton,10,false,1135.00,113.50,718.50,130.00,848.50,253.28,22.32,true,1 load: 10ton on tandem dump,true,947.40,187.60,19.80,above,true,718.50,416.50,57.97,above
DFW,DFW North (Collin & Denton),Sand,Play / Playground Sand,ton,12,false,1280.00,106.67,862.20,130.00,992.20,250.38,19.56,true,1 load: 12ton on tandem dump,true,1136.88,143.12,12.59,above,true,862.20,417.80,48.46,above
DFW,DFW North (Collin & Denton),Sand,Play / Playground Sand,ton,15,false,1510.00,100.67,1077.75,130.00,1207.75,258.16,17.10,false,1 load: 15ton on tandem dump,true,1421.10,88.90,6.26,above,true,1077.75,432.25,40.11,above
DFW,DFW North (Collin & Denton),Sand,Play / Playground Sand,ton,20,false,2025.00,101.25,1437.00,180.00,1617.00,348.98,17.23,false,1 load: 20ton on end dump,true,1894.80,130.20,6.87,above,true,1437.00,588.00,40.92,above
DFW,DFW North (Collin & Denton),Sand,Play / Playground Sand,ton,25,false,2565.00,102.60,1796.25,255.00,2051.25,439.06,17.12,false,2 loads: 24ton on end dump + 1ton on small dump,true,2368.50,196.50,8.30,above,true,1796.25,768.75,42.80,above
DFW,DFW North (Collin & Denton),Sand,Play / Playground Sand,ton,30,false,3015.00,100.50,2155.50,255.00,2410.50,516.76,17.14,false,2 loads: 24ton on end dump + 6ton on small dump,true,2842.20,172.80,6.08,above,true,2155.50,859.50,39.87,above
DFW,"DFW Outer (Rockwall, Kaufman, Ellis & Johnson)",Sand,Play / Playground Sand,ton,3,false,615.00,205.00,215.55,130.00,345.55,251.32,40.86,true,1 load: 3ton on small dump,true,284.22,330.78,116.38,above,true,215.55,399.45,185.32,above
DFW,"DFW Outer (Rockwall, Kaufman, Ellis & Johnson)",Sand,Play / Playground Sand,ton,4,false,690.00,172.50,287.40,130.00,417.40,252.29,36.56,true,1 load: 4ton on small dump,true,378.96,311.04,82.08,above,true,287.40,402.60,140.08,above
DFW,"DFW Outer (Rockwall, Kaufman, Ellis & Johnson)",Sand,Play / Playground Sand,ton,5,false,765.00,153.00,359.25,130.00,489.25,253.26,33.11,true,1 load: 5ton on small dump,true,473.70,291.30,61.49,above,true,359.25,405.75,112.94,above
DFW,"DFW Outer (Rockwall, Kaufman, Ellis & Johnson)",Sand,Play / Playground Sand,ton,6,false,840.00,140.00,431.10,130.00,561.10,254.24,30.27,true,1 load: 6ton on small dump,true,568.44,271.56,47.77,above,true,431.10,408.90,94.85,above
DFW,"DFW Outer (Rockwall, Kaufman, Ellis & Johnson)",Sand,Play / Playground Sand,ton,8,false,1025.00,128.13,574.80,169.00,743.80,251.18,24.50,true,1 load: 8ton on tandem dump,true,757.92,267.08,35.24,above,true,574.80,450.20,78.32,above
DFW,"DFW Outer (Rockwall, Kaufman, Ellis & Johnson)",Sand,Play / Playground Sand,ton,10,false,1175.00,117.50,718.50,169.00,887.50,253.13,21.54,true,1 load: 10ton on tandem dump,true,947.40,227.60,24.02,above,true,718.50,456.50,63.54,above
DFW,"DFW Outer (Rockwall, Kaufman, Ellis & Johnson)",Sand,Play / Playground Sand,ton,12,false,1320.00,110.00,862.20,169.00,1031.20,250.22,18.96,true,1 load: 12ton on tandem dump,true,1136.88,183.12,16.11,above,true,862.20,457.80,53.10,above
DFW,"DFW Outer (Rockwall, Kaufman, Ellis & Johnson)",Sand,Play / Playground Sand,ton,15,false,1560.00,104.00,1077.75,169.00,1246.75,267.71,17.16,false,1 load: 15ton on tandem dump,true,1421.10,138.90,9.77,above,true,1077.75,482.25,44.75,above
DFW,"DFW Outer (Rockwall, Kaufman, Ellis & Johnson)",Sand,Play / Playground Sand,ton,20,false,2090.00,104.50,1437.00,234.00,1671.00,358.09,17.13,false,1 load: 20ton on end dump,true,1894.80,195.20,10.30,above,true,1437.00,653.00,45.44,above
DFW,"DFW Outer (Rockwall, Kaufman, Ellis & Johnson)",Sand,Play / Playground Sand,ton,25,false,2660.00,106.40,1796.25,331.50,2127.75,454.81,17.10,false,2 loads: 24ton on end dump + 1ton on small dump,true,2368.50,291.50,12.31,above,true,1796.25,863.75,48.09,above
DFW,"DFW Outer (Rockwall, Kaufman, Ellis & Johnson)",Sand,Play / Playground Sand,ton,30,false,3110.00,103.67,2155.50,331.50,2487.00,532.51,17.12,false,2 loads: 24ton on end dump + 6ton on small dump,true,2842.20,267.80,9.42,above,true,2155.50,954.50,44.28,above
DFW,DFW Core (Dallas & Tarrant),Sand,Washed Sand,ton,3,false,530.00,176.67,175.02,85.00,260.02,254.31,47.98,true,1 load: 3ton on small dump,true,255.63,274.37,107.33,above,true,175.00,355.00,202.85,above
DFW,DFW Core (Dallas & Tarrant),Sand,Washed Sand,ton,4,false,590.00,147.50,233.36,85.00,318.36,254.23,43.09,true,1 load: 4ton on small dump,true,340.84,249.16,73.10,above,true,233.34,356.66,152.85,above
DFW,DFW Core (Dallas & Tarrant),Sand,Washed Sand,ton,5,false,650.00,130.00,291.70,85.00,376.70,254.15,39.10,true,1 load: 5ton on small dump,true,426.05,223.95,52.56,above,true,291.68,358.32,122.85,above
DFW,DFW Core (Dallas & Tarrant),Sand,Washed Sand,ton,6,false,710.00,118.33,350.04,85.00,435.04,254.07,35.78,true,1 load: 6ton on small dump,true,511.26,198.74,38.87,above,true,350.01,359.99,102.85,above
DFW,DFW Core (Dallas & Tarrant),Sand,Washed Sand,ton,8,false,855.00,106.88,466.72,110.50,577.22,252.68,29.55,true,1 load: 8ton on tandem dump,true,681.68,173.32,25.43,above,true,466.68,388.32,83.21,above
DFW,DFW Core (Dallas & Tarrant),Sand,Washed Sand,ton,10,false,975.00,97.50,583.40,110.50,693.90,252.52,25.90,true,1 load: 10ton on tandem dump,true,852.10,122.90,14.42,above,true,583.35,391.65,67.14,above
DFW,DFW Core (Dallas & Tarrant),Sand,Washed Sand,ton,12,false,1095.00,91.25,700.08,110.50,810.58,252.36,23.05,false,1 load: 12ton on tandem dump,true,1022.52,72.48,7.09,above,true,700.02,394.98,56.42,above
DFW,DFW Core (Dallas & Tarrant),Sand,Washed Sand,ton,15,false,1335.00,89.00,875.10,110.50,985.60,310.38,23.25,false,1 load: 15ton on tandem dump,true,1278.15,56.85,4.45,above,true,875.02,459.98,52.57,above
DFW,DFW Core (Dallas & Tarrant),Sand,Washed Sand,ton,20,false,1785.00,89.25,1166.80,153.00,1319.80,413.13,23.14,false,1 load: 20ton on end dump,true,1704.20,80.80,4.74,above,true,1166.70,618.30,53.00,above
DFW,DFW Core (Dallas & Tarrant),Sand,Washed Sand,ton,25,false,2265.00,90.60,1458.50,216.75,1675.25,523.76,23.12,false,2 loads: 24ton on end dump + 1ton on small dump,true,2130.25,134.75,6.33,above,true,1458.38,806.63,55.31,above
DFW,DFW Core (Dallas & Tarrant),Sand,Washed Sand,ton,30,false,2660.00,88.67,1750.20,216.75,1966.95,615.61,23.14,false,2 loads: 24ton on end dump + 6ton on small dump,true,2556.30,103.70,4.06,above,true,1750.05,909.95,52.00,above
DFW,DFW North (Collin & Denton),Sand,Washed Sand,ton,3,false,545.00,181.67,175.02,100.00,275.02,253.88,46.58,true,1 load: 3ton on small dump,true,255.63,289.37,113.20,above,true,175.00,370.00,211.42,above
DFW,DFW North (Collin & Denton),Sand,Washed Sand,ton,4,false,605.00,151.25,233.36,100.00,333.36,253.79,41.95,true,1 load: 4ton on small dump,true,340.84,264.16,77.50,above,true,233.34,371.66,159.28,above
DFW,DFW North (Collin & Denton),Sand,Washed Sand,ton,5,false,665.00,133.00,291.70,100.00,391.70,253.71,38.15,true,1 load: 5ton on small dump,true,426.05,238.95,56.08,above,true,291.68,373.32,127.99,above
DFW,DFW North (Collin & Denton),Sand,Washed Sand,ton,6,false,725.00,120.83,350.04,100.00,450.04,253.63,34.98,true,1 load: 6ton on small dump,true,511.26,213.74,41.81,above,true,350.01,374.99,107.14,above
DFW,DFW North (Collin & Denton),Sand,Washed Sand,ton,8,false,875.00,109.38,466.72,130.00,596.72,252.60,28.87,true,1 load: 8ton on tandem dump,true,681.68,193.32,28.36,above,true,466.68,408.32,87.49,above
DFW,DFW North (Collin & Denton),Sand,Washed Sand,ton,10,false,995.00,99.50,583.40,130.00,713.40,252.44,25.37,true,1 load: 10ton on tandem dump,true,852.10,142.90,16.77,above,true,583.35,411.65,70.57,above
DFW,DFW North (Collin & Denton),Sand,Washed Sand,ton,12,false,1125.00,93.75,700.08,130.00,830.08,261.99,23.29,false,1 load: 12ton on tandem dump,true,1022.52,102.48,10.02,above,true,700.02,424.98,60.71,above
DFW,DFW North (Collin & Denton),Sand,Washed Sand,ton,15,false,1360.00,90.67,875.10,130.00,1005.10,315.16,23.17,false,1 load: 15ton on tandem dump,true,1278.15,81.85,6.40,above,true,875.02,484.98,55.42,above
DFW,DFW North (Collin & Denton),Sand,Washed Sand,ton,20,false,1820.00,91.00,1166.80,180.00,1346.80,420.12,23.08,false,1 load: 20ton on end dump,true,1704.20,115.80,6.79,above,true,1166.70,653.30,56.00,above
DFW,DFW North (Collin & Denton),Sand,Washed Sand,ton,25,false,2315.00,92.60,1458.50,255.00,1713.50,534.07,23.07,false,2 loads: 24ton on end dump + 1ton on small dump,true,2130.25,184.75,8.67,above,true,1458.38,856.63,58.74,above
DFW,DFW North (Collin & Denton),Sand,Washed Sand,ton,30,false,2710.00,90.33,1750.20,255.00,2005.20,625.91,23.10,false,2 loads: 24ton on end dump + 6ton on small dump,true,2556.30,153.70,6.01,above,true,1750.05,959.95,54.85,above
DFW,"DFW Outer (Rockwall, Kaufman, Ellis & Johnson)",Sand,Washed Sand,ton,3,false,575.00,191.67,175.02,130.00,305.02,253.01,44.00,true,1 load: 3ton on small dump,true,255.63,319.37,124.93,above,true,175.00,400.00,228.56,above
DFW,"DFW Outer (Rockwall, Kaufman, Ellis & Johnson)",Sand,Washed Sand,ton,4,false,635.00,158.75,233.36,130.00,363.36,252.92,39.83,true,1 load: 4ton on small dump,true,340.84,294.16,86.30,above,true,233.34,401.66,172.14,above
DFW,"DFW Outer (Rockwall, Kaufman, Ellis & Johnson)",Sand,Washed Sand,ton,5,false,695.00,139.00,291.70,130.00,421.70,252.84,36.38,true,1 load: 5ton on small dump,true,426.05,268.95,63.13,above,true,291.68,403.32,138.28,above
DFW,"DFW Outer (Rockwall, Kaufman, Ellis & Johnson)",Sand,Washed Sand,ton,6,false,755.00,125.83,350.04,130.00,480.04,252.76,33.48,true,1 load: 6ton on small dump,true,511.26,243.74,47.67,above,true,350.01,404.99,115.71,above
DFW,"DFW Outer (Rockwall, Kaufman, Ellis & Johnson)",Sand,Washed Sand,ton,8,false,915.00,114.38,466.72,169.00,635.72,252.44,27.59,true,1 load: 8ton on tandem dump,true,681.68,233.32,34.23,above,true,466.68,448.32,96.07,above
DFW,"DFW Outer (Rockwall, Kaufman, Ellis & Johnson)",Sand,Washed Sand,ton,10,false,1035.00,103.50,583.40,169.00,752.40,252.28,24.38,true,1 load: 10ton on tandem dump,true,852.10,182.90,21.46,above,true,583.35,451.65,77.42,above
DFW,"DFW Outer (Rockwall, Kaufman, Ellis & Johnson)",Sand,Washed Sand,ton,12,false,1175.00,97.92,700.08,169.00,869.08,271.54,23.11,false,1 load: 12ton on tandem dump,true,1022.52,152.48,14.91,above,true,700.02,474.98,67.85,above
DFW,"DFW Outer (Rockwall, Kaufman, Ellis & Johnson)",Sand,Washed Sand,ton,15,false,1410.00,94.00,875.10,169.00,1044.10,324.71,23.03,false,1 load: 15ton on tandem dump,true,1278.15,131.85,10.32,above,true,875.02,534.98,61.14,above
DFW,"DFW Outer (Rockwall, Kaufman, Ellis & Johnson)",Sand,Washed Sand,ton,20,false,1895.00,94.75,1166.80,234.00,1400.80,438.94,23.16,false,1 load: 20ton on end dump,true,1704.20,190.80,11.20,above,true,1166.70,728.30,62.42,above
DFW,"DFW Outer (Rockwall, Kaufman, Ellis & Johnson)",Sand,Washed Sand,ton,25,false,2420.00,96.80,1458.50,331.50,1790.00,559.52,23.12,false,2 loads: 24ton on end dump + 1ton on small dump,true,2130.25,289.75,13.60,above,true,1458.38,961.63,65.94,above
DFW,"DFW Outer (Rockwall, Kaufman, Ellis & Johnson)",Sand,Washed Sand,ton,30,false,2815.00,93.83,1750.20,331.50,2081.70,651.37,23.14,false,2 loads: 24ton on end dump + 6ton on small dump,true,2556.30,258.70,10.12,above,true,1750.05,1064.95,60.85,above
DFW,DFW Core (Dallas & Tarrant),Mulch,Double-Shred Native Hardwood,yd,3,false,475.00,158.33,123.00,85.00,208.00,252.93,53.25,true,1 load: 3yd on small dump,true,282.30,192.70,68.26,above,true,122.99,352.01,286.23,above
DFW,DFW Core (Dallas & Tarrant),Mulch,Double-Shred Native Hardwood,yd,4,false,515.00,128.75,164.00,85.00,249.00,250.76,48.69,true,1 load: 4yd on small dump,true,376.40,138.60,36.82,above,true,163.98,351.02,214.06,above
DFW,DFW Core (Dallas & Tarrant),Mulch,Double-Shred Native Hardwood,yd,5,false,560.00,112.00,205.00,85.00,290.00,253.46,45.26,true,1 load: 5yd on small dump,true,470.50,89.50,19.02,above,true,204.98,355.02,173.20,above
DFW,DFW Core (Dallas & Tarrant),Mulch,Double-Shred Native Hardwood,yd,6,false,600.00,100.00,246.00,85.00,331.00,251.30,41.88,true,1 load: 6yd on small dump,true,564.60,35.40,6.27,above,true,245.97,354.03,143.93,above
DFW,DFW Core (Dallas & Tarrant),Mulch,Double-Shred Native Hardwood,yd,8,false,685.00,85.63,328.00,85.00,413.00,251.84,36.76,true,1 load: 8yd on small dump,true,752.80,-67.80,-9.01,below,true,327.96,357.04,108.87,above
DFW,DFW Core (Dallas & Tarrant),Mulch,Double-Shred Native Hardwood,yd,10,false,795.00,79.50,410.00,110.50,520.50,251.15,31.59,true,1 load: 10yd on tandem dump,true,941.00,-146.00,-15.52,below,true,409.95,385.05,93.93,above
DFW,DFW Core (Dallas & Tarrant),Mulch,Double-Shred Native Hardwood,yd,12,false,880.00,73.33,492.00,110.50,602.50,251.68,28.60,true,1 load: 12yd on tandem dump,true,1129.20,-249.20,-22.07,below,true,491.94,388.06,78.88,above
DFW,DFW Core (Dallas & Tarrant),Mulch,Double-Shred Native Hardwood,yd,15,false,1115.00,74.33,615.00,153.00,768.00,314.37,28.19,false,1 load: 15yd on end dump,true,1411.50,-296.50,-21.01,below,true,614.93,500.07,81.32,above
DFW,DFW Core (Dallas & Tarrant),Mulch,Double-Shred Native Hardwood,yd,20,false,1415.00,70.75,820.00,153.00,973.00,400.67,28.32,false,1 load: 20yd on end dump,true,1882.00,-467.00,-24.81,below,true,819.90,595.10,72.58,above
DFW,DFW Core (Dallas & Tarrant),Mulch,Double-Shred Native Hardwood,yd,25,false,1805.00,72.20,1025.00,216.75,1241.75,510.61,28.29,false,2 loads: 20yd on end dump + 5yd on small dump,true,2352.50,-547.50,-23.27,below,true,1024.88,780.13,76.12,above
DFW,DFW Core (Dallas & Tarrant),Mulch,Double-Shred Native Hardwood,yd,30,false,2130.00,71.00,1230.00,235.88,1465.88,602.05,28.27,false,2 loads: 20yd on end dump + 10yd on tandem dump,true,2823.00,-693.00,-24.55,below,true,1229.85,900.15,73.19,above
DFW,DFW North (Collin & Denton),Mulch,Double-Shred Native Hardwood,yd,3,false,490.00,163.33,123.00,100.00,223.00,252.49,51.53,true,1 load: 3yd on small dump,true,282.30,207.70,73.57,above,true,122.99,367.01,298.42,above
DFW,DFW North (Collin & Denton),Mulch,Double-Shred Native Hardwood,yd,4,false,530.00,132.50,164.00,100.00,264.00,250.33,47.23,true,1 load: 4yd on small dump,true,376.40,153.60,40.81,above,true,163.98,366.02,223.21,above
DFW,DFW North (Collin & Denton),Mulch,Double-Shred Native Hardwood,yd,5,false,575.00,115.00,205.00,100.00,305.00,253.03,44.00,true,1 load: 5yd on small dump,true,470.50,104.50,22.21,above,true,204.98,370.02,180.52,above
DFW,DFW North (Collin & Denton),Mulch,Double-Shred Native Hardwood,yd,6,false,615.00,102.50,246.00,100.00,346.00,250.87,40.79,true,1 load: 6yd on small dump,true,564.60,50.40,8.93,above,true,245.97,369.03,150.03,above
DFW,DFW North (Collin & Denton),Mulch,Double-Shred Native Hardwood,yd,8,false,700.00,87.50,328.00,100.00,428.00,251.40,35.91,true,1 load: 8yd on small dump,true,752.80,-52.80,-7.01,below,true,327.96,372.04,113.44,above
DFW,DFW North (Collin & Denton),Mulch,Double-Shred Native Hardwood,yd,10,false,815.00,81.50,410.00,130.00,540.00,251.06,30.81,true,1 load: 10yd on tandem dump,true,941.00,-126.00,-13.39,below,true,409.95,405.05,98.80,above
DFW,DFW North (Collin & Denton),Mulch,Double-Shred Native Hardwood,yd,12,false,905.00,75.42,492.00,130.00,622.00,256.45,28.34,false,1 load: 12yd on tandem dump,true,1129.20,-224.20,-19.85,below,true,491.94,413.06,83.97,above
DFW,DFW North (Collin & Denton),Mulch,Double-Shred Native Hardwood,yd,15,false,1155.00,77.00,615.00,180.00,795.00,326.20,28.24,false,1 load: 15yd on end dump,true,1411.50,-256.50,-18.17,below,true,614.93,540.07,87.83,above
DFW,DFW North (Collin & Denton),Mulch,Double-Shred Native Hardwood,yd,20,false,1450.00,72.50,820.00,180.00,1000.00,407.65,28.11,false,1 load: 20yd on end dump,true,1882.00,-432.00,-22.95,below,true,819.90,630.10,76.85,above
DFW,DFW North (Collin & Denton),Mulch,Double-Shred Native Hardwood,yd,25,false,1860.00,74.40,1025.00,255.00,1280.00,525.76,28.27,false,2 loads: 20yd on end dump + 5yd on small dump,true,2352.50,-492.50,-20.94,below,true,1024.88,835.13,81.49,above
DFW,DFW North (Collin & Denton),Mulch,Double-Shred Native Hardwood,yd,30,false,2190.00,73.00,1230.00,277.50,1507.50,618.69,28.25,false,2 loads: 20yd on end dump + 10yd on tandem dump,true,2823.00,-633.00,-22.42,below,true,1229.85,960.15,78.07,above
DFW,"DFW Outer (Rockwall, Kaufman, Ellis & Johnson)",Mulch,Double-Shred Native Hardwood,yd,3,false,520.00,173.33,123.00,130.00,253.00,251.62,48.39,true,1 load: 3yd on small dump,true,282.30,237.70,84.20,above,true,122.99,397.01,322.82,above
DFW,"DFW Outer (Rockwall, Kaufman, Ellis & Johnson)",Mulch,Double-Shred Native Hardwood,yd,4,false,565.00,141.25,164.00,130.00,294.00,254.31,45.01,true,1 load: 4yd on small dump,true,376.40,188.60,50.11,above,true,163.98,401.02,244.55,above
DFW,"DFW Outer (Rockwall, Kaufman, Ellis & Johnson)",Mulch,Double-Shred Native Hardwood,yd,5,false,605.00,121.00,205.00,130.00,335.00,252.16,41.68,true,1 load: 5yd on small dump,true,470.50,134.50,28.59,above,true,204.98,400.02,195.16,above
DFW,"DFW Outer (Rockwall, Kaufman, Ellis & Johnson)",Mulch,Double-Shred Native Hardwood,yd,6,false,650.00,108.33,246.00,130.00,376.00,254.85,39.21,true,1 load: 6yd on small dump,true,564.60,85.40,15.13,above,true,245.97,404.03,164.26,above
DFW,"DFW Outer (Rockwall, Kaufman, Ellis & Johnson)",Mulch,Double-Shred Native Hardwood,yd,8,false,730.00,91.25,328.00,130.00,458.00,250.53,34.32,true,1 load: 8yd on small dump,true,752.80,-22.80,-3.03,below,true,327.96,402.04,122.59,above
DFW,"DFW Outer (Rockwall, Kaufman, Ellis & Johnson)",Mulch,Double-Shred Native Hardwood,yd,10,false,855.00,85.50,410.00,169.00,579.00,250.91,29.35,true,1 load: 10yd on tandem dump,true,941.00,-86.00,-9.14,below,true,409.95,445.05,108.56,above
DFW,"DFW Outer (Rockwall, Kaufman, Ellis & Johnson)",Mulch,Double-Shred Native Hardwood,yd,12,false,960.00,80.00,492.00,169.00,661.00,270.86,28.21,false,1 load: 12yd on tandem dump,true,1129.20,-169.20,-14.98,below,true,491.94,468.06,95.15,above
DFW,"DFW Outer (Rockwall, Kaufman, Ellis & Johnson)",Mulch,Double-Shred Native Hardwood,yd,15,false,1235.00,82.33,615.00,234.00,849.00,349.88,28.33,false,1 load: 15yd on end dump,true,1411.50,-176.50,-12.50,below,true,614.93,620.07,100.84,above
DFW,"DFW Outer (Rockwall, Kaufman, Ellis & Johnson)",Mulch,Double-Shred Native Hardwood,yd,20,false,1530.00,76.50,820.00,234.00,1054.00,431.33,28.19,false,1 load: 20yd on end dump,true,1882.00,-352.00,-18.70,below,true,819.90,710.10,86.61,above
DFW,"DFW Outer (Rockwall, Kaufman, Ellis & Johnson)",Mulch,Double-Shred Native Hardwood,yd,25,false,1970.00,78.80,1025.00,331.50,1356.50,556.07,28.23,false,2 loads: 20yd on end dump + 5yd on small dump,true,2352.50,-382.50,-16.26,below,true,1024.88,945.13,92.22,above
DFW,"DFW Outer (Rockwall, Kaufman, Ellis & Johnson)",Mulch,Double-Shred Native Hardwood,yd,30,false,2310.00,77.00,1230.00,360.75,1590.75,651.96,28.22,false,2 loads: 20yd on end dump + 10yd on tandem dump,true,2823.00,-513.00,-18.17,below,true,1229.85,1080.15,87.83,above
DFW,DFW Core (Dallas & Tarrant),Mulch,Black Dyed Mulch,yd,3,false,485.00,161.67,135.00,85.00,220.00,250.63,51.68,true,1 load: 3yd on small dump,true,324.87,160.13,49.29,above,true,135.00,350.00,259.26,above
DFW,DFW Core (Dallas & Tarrant),Mulch,Black Dyed Mulch,yd,4,false,535.00,133.75,180.00,85.00,265.00,254.19,47.51,true,1 load: 4yd on small dump,true,433.16,101.84,23.51,above,true,180.00,355.00,197.22,above
DFW,DFW Core (Dallas & Tarrant),Mulch,Black Dyed Mulch,yd,5,false,580.00,116.00,225.00,85.00,310.00,252.88,43.60,true,1 load: 5yd on small dump,true,541.45,38.55,7.12,above,true,225.00,355.00,157.78,above
DFW,DFW Core (Dallas & Tarrant),Mulch,Black Dyed Mulch,yd,6,false,625.00,104.17,270.00,85.00,355.00,251.57,40.25,true,1 load: 6yd on small dump,true,649.74,-24.74,-3.81,below,true,270.00,355.00,131.48,above
DFW,DFW Core (Dallas & Tarrant),Mulch,Black Dyed Mulch,yd,8,false,720.00,90.00,360.00,85.00,445.00,253.82,35.25,true,1 load: 8yd on small dump,true,866.32,-146.32,-16.89,below,true,360.00,360.00,100.00,above
DFW,DFW Core (Dallas & Tarrant),Mulch,Black Dyed Mulch,yd,10,false,840.00,84.00,450.00,110.50,560.50,254.84,30.34,true,1 load: 10yd on tandem dump,true,1082.90,-242.90,-22.43,below,true,450.00,390.00,86.67,above
DFW,DFW Core (Dallas & Tarrant),Mulch,Black Dyed Mulch,yd,12,false,945.00,78.75,540.00,110.50,650.50,266.80,28.23,false,1 load: 12yd on tandem dump,true,1299.48,-354.48,-27.28,below,true,540.00,405.00,75.00,above
DFW,DFW Core (Dallas & Tarrant),Mulch,Black Dyed Mulch,yd,15,false,1205.00,80.33,675.00,153.00,828.00,341.75,28.36,false,1 load: 15yd on end dump,true,1624.35,-419.35,-25.82,below,true,675.00,530.00,78.52,above
DFW,DFW Core (Dallas & Tarrant),Mulch,Black Dyed Mulch,yd,20,false,1530.00,76.50,900.00,153.00,1053.00,432.33,28.26,false,1 load: 20yd on end dump,true,2165.80,-635.80,-29.36,below,true,900.00,630.00,70.00,above
DFW,DFW Core (Dallas & Tarrant),Mulch,Black Dyed Mulch,yd,25,false,1950.00,78.00,1125.00,216.75,1341.75,551.40,28.28,false,2 loads: 20yd on end dump + 5yd on small dump,true,2707.25,-757.25,-27.97,below,true,1125.00,825.00,73.33,above
DFW,DFW Core (Dallas & Tarrant),Mulch,Black Dyed Mulch,yd,30,false,2300.00,76.67,1350.00,235.88,1585.88,647.13,28.14,false,2 loads: 20yd on end dump + 10yd on tandem dump,true,3248.70,-948.70,-29.20,below,true,1350.00,950.00,70.37,above
DFW,DFW North (Collin & Denton),Mulch,Black Dyed Mulch,yd,3,false,500.00,166.67,135.00,100.00,235.00,250.20,50.04,true,1 load: 3yd on small dump,true,324.87,175.13,53.91,above,true,135.00,365.00,270.37,above
DFW,DFW North (Collin & Denton),Mulch,Black Dyed Mulch,yd,4,false,550.00,137.50,180.00,100.00,280.00,253.75,46.14,true,1 load: 4yd on small dump,true,433.16,116.84,26.97,above,true,180.00,370.00,205.56,above
DFW,DFW North (Collin & Denton),Mulch,Black Dyed Mulch,yd,5,false,595.00,119.00,225.00,100.00,325.00,252.44,42.43,true,1 load: 5yd on small dump,true,541.45,53.55,9.89,above,true,225.00,370.00,164.44,above
DFW,DFW North (Collin & Denton),Mulch,Black Dyed Mulch,yd,6,false,640.00,106.67,270.00,100.00,370.00,251.14,39.24,true,1 load: 6yd on small dump,true,649.74,-9.74,-1.50,below,true,270.00,370.00,137.04,above
DFW,DFW North (Collin & Denton),Mulch,Black Dyed Mulch,yd,8,false,735.00,91.88,360.00,100.00,460.00,253.38,34.47,true,1 load: 8yd on small dump,true,866.32,-131.32,-15.16,below,true,360.00,375.00,104.17,above
DFW,DFW North (Collin & Denton),Mulch,Black Dyed Mulch,yd,10,false,860.00,86.00,450.00,130.00,580.00,254.76,29.62,true,1 load: 10yd on tandem dump,true,1082.90,-222.90,-20.58,below,true,450.00,410.00,91.11,above
DFW,DFW North (Collin & Denton),Mulch,Black Dyed Mulch,yd,12,false,975.00,81.25,540.00,130.00,670.00,276.43,28.35,false,1 load: 12yd on tandem dump,true,1299.48,-324.48,-24.97,below,true,540.00,435.00,80.56,above
DFW,DFW North (Collin & Denton),Mulch,Black Dyed Mulch,yd,15,false,1240.00,82.67,675.00,180.00,855.00,348.74,28.12,false,1 load: 15yd on end dump,true,1624.35,-384.35,-23.66,below,true,675.00,565.00,83.70,above
DFW,DFW North (Collin & Denton),Mulch,Black Dyed Mulch,yd,20,false,1570.00,78.50,900.00,180.00,1080.00,444.17,28.29,false,1 load: 20yd on end dump,true,2165.80,-595.80,-27.51,below,true,900.00,670.00,74.44,above
DFW,DFW North (Collin & Denton),Mulch,Black Dyed Mulch,yd,25,false,2005.00,80.20,1125.00,255.00,1380.00,566.55,28.26,false,2 loads: 20yd on end dump + 5yd on small dump,true,2707.25,-702.25,-25.94,below,true,1125.00,880.00,78.22,above
DFW,DFW North (Collin & Denton),Mulch,Black Dyed Mulch,yd,30,false,2360.00,78.67,1350.00,277.50,1627.50,663.76,28.13,false,2 loads: 20yd on end dump + 10yd on tandem dump,true,3248.70,-888.70,-27.36,below,true,1350.00,1010.00,74.81,above
DFW,"DFW Outer (Rockwall, Kaufman, Ellis & Johnson)",Mulch,Black Dyed Mulch,yd,3,false,535.00,178.33,135.00,130.00,265.00,254.19,47.51,true,1 load: 3yd on small dump,true,324.87,210.13,64.68,above,true,135.00,400.00,296.30,above
DFW,"DFW Outer (Rockwall, Kaufman, Ellis & Johnson)",Mulch,Black Dyed Mulch,yd,4,false,580.00,145.00,180.00,130.00,310.00,252.88,43.60,true,1 load: 4yd on small dump,true,433.16,146.84,33.90,above,true,180.00,400.00,222.22,above
DFW,"DFW Outer (Rockwall, Kaufman, Ellis & Johnson)",Mulch,Black Dyed Mulch,yd,5,false,625.00,125.00,225.00,130.00,355.00,251.57,40.25,true,1 load: 5yd on small dump,true,541.45,83.55,15.43,above,true,225.00,400.00,177.78,above
DFW,"DFW Outer (Rockwall, Kaufman, Ellis & Johnson)",Mulch,Black Dyed Mulch,yd,6,false,670.00,111.67,270.00,130.00,400.00,250.27,37.35,true,1 load: 6yd on small dump,true,649.74,20.26,3.12,above,true,270.00,400.00,148.15,above
DFW,"DFW Outer (Rockwall, Kaufman, Ellis & Johnson)",Mulch,Black Dyed Mulch,yd,8,false,765.00,95.63,360.00,130.00,490.00,252.51,33.01,true,1 load: 8yd on small dump,true,866.32,-101.32,-11.70,below,true,360.00,405.00,112.50,above
DFW,"DFW Outer (Rockwall, Kaufman, Ellis & Johnson)",Mulch,Black Dyed Mulch,yd,10,false,900.00,90.00,450.00,169.00,619.00,254.60,28.29,false,1 load: 10yd on tandem dump,true,1082.90,-182.90,-16.89,below,true,450.00,450.00,100.00,above
DFW,"DFW Outer (Rockwall, Kaufman, Ellis & Johnson)",Mulch,Black Dyed Mulch,yd,12,false,1030.00,85.83,540.00,169.00,709.00,290.83,28.24,false,1 load: 12yd on tandem dump,true,1299.48,-269.48,-20.74,below,true,540.00,490.00,90.74,above
DFW,"DFW Outer (Rockwall, Kaufman, Ellis & Johnson)",Mulch,Black Dyed Mulch,yd,15,false,1320.00,88.00,675.00,234.00,909.00,372.42,28.21,false,1 load: 15yd on end dump,true,1624.35,-304.35,-18.74,below,true,675.00,645.00,95.56,above
DFW,"DFW Outer (Rockwall, Kaufman, Ellis & Johnson)",Mulch,Black Dyed Mulch,yd,20,false,1645.00,82.25,900.00,234.00,1134.00,463.00,28.15,false,1 load: 20yd on end dump,true,2165.80,-520.80,-24.05,below,true,900.00,745.00,82.78,above
DFW,"DFW Outer (Rockwall, Kaufman, Ellis & Johnson)",Mulch,Black Dyed Mulch,yd,25,false,2115.00,84.60,1125.00,331.50,1456.50,596.87,28.22,false,2 loads: 20yd on end dump + 5yd on small dump,true,2707.25,-592.25,-21.88,below,true,1125.00,990.00,88.00,above
DFW,"DFW Outer (Rockwall, Kaufman, Ellis & Johnson)",Mulch,Black Dyed Mulch,yd,30,false,2485.00,82.83,1350.00,360.75,1710.75,701.88,28.24,false,2 loads: 20yd on end dump + 10yd on tandem dump,true,3248.70,-763.70,-23.51,below,true,1350.00,1135.00,84.07,above
DFW,DFW Core (Dallas & Tarrant),Mulch,Brown Dyed Mulch,yd,3,false,495.00,165.00,144.00,85.00,229.00,251.34,50.78,true,1 load: 3yd on small dump,false,,,,no broker data,true,144.00,351.00,243.75,above
DFW,DFW Core (Dallas & Tarrant),Mulch,Brown Dyed Mulch,yd,4,false,545.00,136.25,192.00,85.00,277.00,251.90,46.22,true,1 load: 4yd on small dump,false,,,,no broker data,true,192.00,353.00,183.85,above
DFW,DFW Core (Dallas & Tarrant),Mulch,Brown Dyed Mulch,yd,5,false,595.00,119.00,240.00,85.00,325.00,252.44,42.43,true,1 load: 5yd on small dump,false,,,,no broker data,true,240.00,355.00,147.92,above
DFW,DFW Core (Dallas & Tarrant),Mulch,Brown Dyed Mulch,yd,6,false,645.00,107.50,288.00,85.00,373.00,253.00,39.22,true,1 load: 6yd on small dump,false,,,,no broker data,true,288.00,357.00,123.96,above
DFW,DFW Core (Dallas & Tarrant),Mulch,Brown Dyed Mulch,yd,8,false,745.00,93.13,384.00,85.00,469.00,254.09,34.11,true,1 load: 8yd on small dump,false,,,,no broker data,true,384.00,361.00,94.01,above
DFW,DFW Core (Dallas & Tarrant),Mulch,Brown Dyed Mulch,yd,10,false,870.00,87.00,480.00,110.50,590.50,253.97,29.19,true,1 load: 10yd on tandem dump,false,,,,no broker data,true,480.00,390.00,81.25,above
DFW,DFW Core (Dallas & Tarrant),Mulch,Brown Dyed Mulch,yd,12,false,965.00,80.42,576.00,110.50,686.50,250.22,25.93,true,1 load: 12yd on tandem dump,false,,,,no broker data,true,576.00,389.00,67.53,above
DFW,DFW Core (Dallas & Tarrant),Mulch,Brown Dyed Mulch,yd,15,false,1180.00,78.67,720.00,153.00,873.00,272.48,23.09,false,1 load: 15yd on end dump,false,,,,no broker data,true,720.00,460.00,63.89,above
DFW,DFW Core (Dallas & Tarrant),Mulch,Brown Dyed Mulch,yd,20,false,1505.00,75.25,960.00,153.00,1113.00,348.06,23.13,false,1 load: 20yd on end dump,false,,,,no broker data,true,960.00,545.00,56.77,above
DFW,DFW Core (Dallas & Tarrant),Mulch,Brown Dyed Mulch,yd,25,false,1915.00,76.60,1200.00,216.75,1416.75,442.42,23.10,false,2 loads: 20yd on end dump + 5yd on small dump,false,,,,no broker data,true,1200.00,715.00,59.58,above
DFW,DFW Core (Dallas & Tarrant),Mulch,Brown Dyed Mulch,yd,30,false,2265.00,75.50,1440.00,235.88,1675.88,523.14,23.10,false,2 loads: 20yd on end dump + 10yd on tandem dump,false,,,,no broker data,true,1440.00,825.00,57.29,above
DFW,DFW North (Collin & Denton),Mulch,Brown Dyed Mulch,yd,3,false,510.00,170.00,144.00,100.00,244.00,250.91,49.20,true,1 load: 3yd on small dump,false,,,,no broker data,true,144.00,366.00,254.17,above
DFW,DFW North (Collin & Denton),Mulch,Brown Dyed Mulch,yd,4,false,560.00,140.00,192.00,100.00,292.00,251.46,44.90,true,1 load: 4yd on small dump,false,,,,no broker data,true,192.00,368.00,191.67,above
DFW,DFW North (Collin & Denton),Mulch,Brown Dyed Mulch,yd,5,false,610.00,122.00,240.00,100.00,340.00,252.01,41.31,true,1 load: 5yd on small dump,false,,,,no broker data,true,240.00,370.00,154.17,above
DFW,DFW North (Collin & Denton),Mulch,Brown Dyed Mulch,yd,6,false,660.00,110.00,288.00,100.00,388.00,252.56,38.27,true,1 load: 6yd on small dump,false,,,,no broker data,true,288.00,372.00,129.17,above
DFW,DFW North (Collin & Denton),Mulch,Brown Dyed Mulch,yd,8,false,760.00,95.00,384.00,100.00,484.00,253.66,33.38,true,1 load: 8yd on small dump,false,,,,no broker data,true,384.00,376.00,97.92,above
DFW,DFW North (Collin & Denton),Mulch,Brown Dyed Mulch,yd,10,false,890.00,89.00,480.00,130.00,610.00,253.89,28.53,true,1 load: 10yd on tandem dump,false,,,,no broker data,true,480.00,410.00,85.42,above
DFW,DFW North (Collin & Denton),Mulch,Brown Dyed Mulch,yd,12,false,985.00,82.08,576.00,130.00,706.00,250.13,25.39,true,1 load: 12yd on tandem dump,false,,,,no broker data,true,576.00,409.00,71.01,above
DFW,DFW North (Collin & Denton),Mulch,Brown Dyed Mulch,yd,15,false,1215.00,81.00,720.00,180.00,900.00,279.47,23.00,false,1 load: 15yd on end dump,false,,,,no broker data,true,720.00,495.00,68.75,above
DFW,DFW North (Collin & Denton),Mulch,Brown Dyed Mulch,yd,20,false,1540.00,77.00,960.00,180.00,1140.00,355.04,23.05,false,1 load: 20yd on end dump,false,,,,no broker data,true,960.00,580.00,60.42,above
DFW,DFW North (Collin & Denton),Mulch,Brown Dyed Mulch,yd,25,false,1965.00,78.60,1200.00,255.00,1455.00,452.72,23.04,false,2 loads: 20yd on end dump + 5yd on small dump,false,,,,no broker data,true,1200.00,765.00,63.75,above
DFW,DFW North (Collin & Denton),Mulch,Brown Dyed Mulch,yd,30,false,2320.00,77.33,1440.00,277.50,1717.50,534.92,23.06,false,2 loads: 20yd on end dump + 10yd on tandem dump,false,,,,no broker data,true,1440.00,880.00,61.11,above
DFW,"DFW Outer (Rockwall, Kaufman, Ellis & Johnson)",Mulch,Brown Dyed Mulch,yd,3,false,540.00,180.00,144.00,130.00,274.00,250.04,46.30,true,1 load: 3yd on small dump,false,,,,no broker data,true,144.00,396.00,275.00,above
DFW,"DFW Outer (Rockwall, Kaufman, Ellis & Johnson)",Mulch,Brown Dyed Mulch,yd,4,false,590.00,147.50,192.00,130.00,322.00,250.59,42.47,true,1 load: 4yd on small dump,false,,,,no broker data,true,192.00,398.00,207.29,above
DFW,"DFW Outer (Rockwall, Kaufman, Ellis & Johnson)",Mulch,Brown Dyed Mulch,yd,5,false,640.00,128.00,240.00,130.00,370.00,251.14,39.24,true,1 load: 5yd on small dump,false,,,,no broker data,true,240.00,400.00,166.67,above
DFW,"DFW Outer (Rockwall, Kaufman, Ellis & Johnson)",Mulch,Brown Dyed Mulch,yd,6,false,690.00,115.00,288.00,130.00,418.00,251.69,36.48,true,1 load: 6yd on small dump,false,,,,no broker data,true,288.00,402.00,139.58,above
DFW,"DFW Outer (Rockwall, Kaufman, Ellis & Johnson)",Mulch,Brown Dyed Mulch,yd,8,false,790.00,98.75,384.00,130.00,514.00,252.79,32.00,true,1 load: 8yd on small dump,false,,,,no broker data,true,384.00,406.00,105.73,above
DFW,"DFW Outer (Rockwall, Kaufman, Ellis & Johnson)",Mulch,Brown Dyed Mulch,yd,10,false,930.00,93.00,480.00,169.00,649.00,253.73,27.28,true,1 load: 10yd on tandem dump,false,,,,no broker data,true,480.00,450.00,93.75,above
DFW,"DFW Outer (Rockwall, Kaufman, Ellis & Johnson)",Mulch,Brown Dyed Mulch,yd,12,false,1030.00,85.83,576.00,169.00,745.00,254.83,24.74,true,1 load: 12yd on tandem dump,false,,,,no broker data,true,576.00,454.00,78.82,above
DFW,"DFW Outer (Rockwall, Kaufman, Ellis & Johnson)",Mulch,Brown Dyed Mulch,yd,15,false,1290.00,86.00,720.00,234.00,954.00,298.29,23.12,false,1 load: 15yd on end dump,false,,,,no broker data,true,720.00,570.00,79.17,above
DFW,"DFW Outer (Rockwall, Kaufman, Ellis & Johnson)",Mulch,Brown Dyed Mulch,yd,20,false,1615.00,80.75,960.00,234.00,1194.00,373.87,23.15,false,1 load: 20yd on end dump,false,,,,no broker data,true,960.00,655.00,68.23,above
DFW,"DFW Outer (Rockwall, Kaufman, Ellis & Johnson)",Mulch,Brown Dyed Mulch,yd,25,false,2070.00,82.80,1200.00,331.50,1531.50,478.17,23.10,false,2 loads: 20yd on end dump + 5yd on small dump,false,,,,no broker data,true,1200.00,870.00,72.50,above
DFW,"DFW Outer (Rockwall, Kaufman, Ellis & Johnson)",Mulch,Brown Dyed Mulch,yd,30,false,2435.00,81.17,1440.00,360.75,1800.75,563.34,23.13,false,2 loads: 20yd on end dump + 10yd on tandem dump,false,,,,no broker data,true,1440.00,995.00,69.10,above
DFW,DFW Core (Dallas & Tarrant),Mulch,Red Dyed Mulch,yd,3,false,490.00,163.33,138.00,85.00,223.00,252.49,51.53,true,1 load: 3yd on small dump,true,299.13,190.87,63.81,above,true,138.00,352.00,255.07,above
DFW,DFW Core (Dallas & Tarrant),Mulch,Red Dyed Mulch,yd,4,false,535.00,133.75,184.00,85.00,269.00,250.19,46.76,true,1 load: 4yd on small dump,true,398.84,136.16,34.14,above,true,184.00,351.00,190.76,above
DFW,DFW Core (Dallas & Tarrant),Mulch,Red Dyed Mulch,yd,5,false,585.00,117.00,230.00,85.00,315.00,252.74,43.20,true,1 load: 5yd on small dump,true,498.55,86.45,17.34,above,true,230.00,355.00,154.35,above
DFW,DFW Core (Dallas & Tarrant),Mulch,Red Dyed Mulch,yd,6,false,630.00,105.00,276.00,85.00,361.00,250.43,39.75,true,1 load: 6yd on small dump,true,598.26,31.74,5.31,above,true,276.00,354.00,128.26,above
DFW,DFW Core (Dallas & Tarrant),Mulch,Red Dyed Mulch,yd,8,false,725.00,90.63,368.00,85.00,453.00,250.68,34.58,true,1 load: 8yd on small dump,true,797.68,-72.68,-9.11,below,true,368.00,357.00,97.01,above
DFW,DFW Core (Dallas & Tarrant),Mulch,Red Dyed Mulch,yd,10,false,850.00,85.00,460.00,110.50,570.50,254.55,29.95,true,1 load: 10yd on tandem dump,true,997.10,-147.10,-14.75,below,true,460.00,390.00,84.78,above
DFW,DFW Core (Dallas & Tarrant),Mulch,Red Dyed Mulch,yd,12,false,965.00,80.42,552.00,110.50,662.50,274.21,28.42,false,1 load: 12yd on tandem dump,true,1196.52,-231.52,-19.35,below,true,552.00,413.00,74.82,above
DFW,DFW Core (Dallas & Tarrant),Mulch,Red Dyed Mulch,yd,15,false,1225.00,81.67,690.00,153.00,843.00,346.18,28.26,false,1 load: 15yd on end dump,true,1495.65,-270.65,-18.10,below,true,690.00,535.00,77.54,above
DFW,DFW Core (Dallas & Tarrant),Mulch,Red Dyed Mulch,yd,20,false,1560.00,78.00,920.00,153.00,1073.00,441.46,28.30,false,1 load: 20yd on end dump,true,1994.20,-434.20,-21.77,below,true,920.00,640.00,69.57,above
DFW,DFW Core (Dallas & Tarrant),Mulch,Red Dyed Mulch,yd,25,false,1985.00,79.40,1150.00,216.75,1366.75,560.38,28.23,false,2 loads: 20yd on end dump + 5yd on small dump,true,2492.75,-507.75,-20.37,below,true,1150.00,835.00,72.61,above
DFW,DFW Core (Dallas & Tarrant),Mulch,Red Dyed Mulch,yd,30,false,2345.00,78.17,1380.00,235.88,1615.88,660.82,28.18,false,2 loads: 20yd on end dump + 10yd on tandem dump,true,2991.30,-646.30,-21.61,below,true,1380.00,965.00,69.93,above
DFW,DFW North (Collin & Denton),Mulch,Red Dyed Mulch,yd,3,false,505.00,168.33,138.00,100.00,238.00,252.06,49.91,true,1 load: 3yd on small dump,true,299.13,205.87,68.82,above,true,138.00,367.00,265.94,above
DFW,DFW North (Collin & Denton),Mulch,Red Dyed Mulch,yd,4,false,555.00,138.75,184.00,100.00,284.00,254.60,45.87,true,1 load: 4yd on small dump,true,398.84,156.16,39.15,above,true,184.00,371.00,201.63,above
DFW,DFW North (Collin & Denton),Mulch,Red Dyed Mulch,yd,5,false,600.00,120.00,230.00,100.00,330.00,252.30,42.05,true,1 load: 5yd on small dump,true,498.55,101.45,20.35,above,true,230.00,370.00,160.87,above
DFW,DFW North (Collin & Denton),Mulch,Red Dyed Mulch,yd,6,false,650.00,108.33,276.00,100.00,376.00,254.85,39.21,true,1 load: 6yd on small dump,true,598.26,51.74,8.65,above,true,276.00,374.00,135.51,above
DFW,DFW North (Collin & Denton),Mulch,Red Dyed Mulch,yd,8,false,740.00,92.50,368.00,100.00,468.00,250.24,33.82,true,1 load: 8yd on small dump,true,797.68,-57.68,-7.23,below,true,368.00,372.00,101.09,above
DFW,DFW North (Collin & Denton),Mulch,Red Dyed Mulch,yd,10,false,870.00,87.00,460.00,130.00,590.00,254.47,29.25,true,1 load: 10yd on tandem dump,true,997.10,-127.10,-12.75,below,true,460.00,410.00,89.13,above
DFW,DFW North (Collin & Denton),Mulch,Red Dyed Mulch,yd,12,false,990.00,82.50,552.00,130.00,682.00,278.99,28.18,false,1 load: 12yd on tandem dump,true,1196.52,-206.52,-17.26,below,true,552.00,438.00,79.35,above
DFW,DFW North (Collin & Denton),Mulch,Red Dyed Mulch,yd,15,false,1265.00,84.33,690.00,180.00,870.00,358.01,28.30,false,1 load: 15yd on end dump,true,1495.65,-230.65,-15.42,below,true,690.00,575.00,83.33,above
DFW,DFW North (Collin & Denton),Mulch,Red Dyed Mulch,yd,20,false,1595.00,79.75,920.00,180.00,1100.00,448.44,28.12,false,1 load: 20yd on end dump,true,1994.20,-399.20,-20.02,below,true,920.00,675.00,73.37,above
DFW,DFW North (Collin & Denton),Mulch,Red Dyed Mulch,yd,25,false,2040.00,81.60,1150.00,255.00,1405.00,575.54,28.21,false,2 loads: 20yd on end dump + 5yd on small dump,true,2492.75,-452.75,-18.16,below,true,1150.00,890.00,77.39,above
DFW,DFW North (Collin & Denton),Mulch,Red Dyed Mulch,yd,30,false,2405.00,80.17,1380.00,277.50,1657.50,677.46,28.17,false,2 loads: 20yd on end dump + 10yd on tandem dump,true,2991.30,-586.30,-19.60,below,true,1380.00,1025.00,74.28,above
DFW,"DFW Outer (Rockwall, Kaufman, Ellis & Johnson)",Mulch,Red Dyed Mulch,yd,3,false,535.00,178.33,138.00,130.00,268.00,251.19,46.95,true,1 load: 3yd on small dump,true,299.13,235.87,78.85,above,true,138.00,397.00,287.68,above
DFW,"DFW Outer (Rockwall, Kaufman, Ellis & Johnson)",Mulch,Red Dyed Mulch,yd,4,false,585.00,146.25,184.00,130.00,314.00,253.74,43.37,true,1 load: 4yd on small dump,true,398.84,186.16,46.68,above,true,184.00,401.00,217.93,above
DFW,"DFW Outer (Rockwall, Kaufman, Ellis & Johnson)",Mulch,Red Dyed Mulch,yd,5,false,630.00,126.00,230.00,130.00,360.00,251.43,39.91,true,1 load: 5yd on small dump,true,498.55,131.45,26.37,above,true,230.00,400.00,173.91,above
DFW,"DFW Outer (Rockwall, Kaufman, Ellis & Johnson)",Mulch,Red Dyed Mulch,yd,6,false,680.00,113.33,276.00,130.00,406.00,253.98,37.35,true,1 load: 6yd on small dump,true,598.26,81.74,13.66,above,true,276.00,404.00,146.38,above
DFW,"DFW Outer (Rockwall, Kaufman, Ellis & Johnson)",Mulch,Red Dyed Mulch,yd,8,false,775.00,96.88,368.00,130.00,498.00,254.22,32.80,true,1 load: 8yd on small dump,true,797.68,-22.68,-2.84,below,true,368.00,407.00,110.60,above
DFW,"DFW Outer (Rockwall, Kaufman, Ellis & Johnson)",Mulch,Red Dyed Mulch,yd,10,false,915.00,91.50,460.00,169.00,629.00,259.17,28.32,false,1 load: 10yd on tandem dump,true,997.10,-82.10,-8.23,below,true,460.00,455.00,98.91,above
DFW,"DFW Outer (Rockwall, Kaufman, Ellis & Johnson)",Mulch,Red Dyed Mulch,yd,12,false,1050.00,87.50,552.00,169.00,721.00,298.25,28.40,false,1 load: 12yd on tandem dump,true,1196.52,-146.52,-12.25,below,true,552.00,498.00,90.22,above
DFW,"DFW Outer (Rockwall, Kaufman, Ellis & Johnson)",Mulch,Red Dyed Mulch,yd,15,false,1340.00,89.33,690.00,234.00,924.00,376.84,28.12,false,1 load: 15yd on end dump,true,1495.65,-155.65,-10.41,below,true,690.00,650.00,94.20,above
DFW,"DFW Outer (Rockwall, Kaufman, Ellis & Johnson)",Mulch,Red Dyed Mulch,yd,20,false,1675.00,83.75,920.00,234.00,1154.00,472.13,28.19,false,1 load: 20yd on end dump,true,1994.20,-319.20,-16.01,below,true,920.00,755.00,82.07,above
DFW,"DFW Outer (Rockwall, Kaufman, Ellis & Johnson)",Mulch,Red Dyed Mulch,yd,25,false,2150.00,86.00,1150.00,331.50,1481.50,605.85,28.18,false,2 loads: 20yd on end dump + 5yd on small dump,true,2492.75,-342.75,-13.75,below,true,1150.00,1000.00,86.96,above
DFW,"DFW Outer (Rockwall, Kaufman, Ellis & Johnson)",Mulch,Red Dyed Mulch,yd,30,false,2525.00,84.17,1380.00,360.75,1740.75,710.73,28.15,false,2 loads: 20yd on end dump + 10yd on tandem dump,true,2991.30,-466.30,-15.59,below,true,1380.00,1145.00,82.97,above
DFW,DFW Core (Dallas & Tarrant),Mulch,Cedar Mulch,yd,3,false,530.00,176.67,177.00,85.00,262.00,252.33,47.61,true,1 load: 3yd on small dump,true,234.90,295.10,125.63,above,true,177.00,353.00,199.44,above
DFW,DFW Core (Dallas & Tarrant),Mulch,Cedar Mulch,yd,4,false,590.00,147.50,236.00,85.00,321.00,251.59,42.64,true,1 load: 4yd on small dump,true,313.20,276.80,88.38,above,true,236.00,354.00,150.00,above
DFW,DFW Core (Dallas & Tarrant),Mulch,Cedar Mulch,yd,5,false,650.00,130.00,295.00,85.00,380.00,250.85,38.59,true,1 load: 5yd on small dump,true,391.50,258.50,66.03,above,true,295.00,355.00,120.34,above
DFW,DFW Core (Dallas & Tarrant),Mulch,Cedar Mulch,yd,6,false,710.00,118.33,354.00,85.00,439.00,250.11,35.23,true,1 load: 6yd on small dump,true,469.80,240.20,51.13,above,true,354.00,356.00,100.56,above
DFW,DFW Core (Dallas & Tarrant),Mulch,Cedar Mulch,yd,8,false,835.00,104.38,472.00,85.00,557.00,253.49,30.36,true,1 load: 8yd on small dump,true,626.40,208.60,33.30,above,true,472.00,363.00,76.91,above
DFW,DFW Core (Dallas & Tarrant),Mulch,Cedar Mulch,yd,10,false,980.00,98.00,590.00,110.50,700.50,250.78,25.59,true,1 load: 10yd on tandem dump,true,783.00,197.00,25.16,above,true,590.00,390.00,66.10,above
DFW,DFW Core (Dallas & Tarrant),Mulch,Cedar Mulch,yd,12,false,1105.00,92.08,708.00,110.50,818.50,254.16,23.00,true,1 load: 12yd on tandem dump,true,939.60,165.40,17.60,above,true,708.00,397.00,56.07,above
DFW,DFW Core (Dallas & Tarrant),Mulch,Cedar Mulch,yd,15,false,1330.00,88.67,885.00,153.00,1038.00,253.13,19.03,true,1 load: 15yd on end dump,true,1174.50,155.50,13.24,above,true,885.00,445.00,50.28,above
DFW,DFW Core (Dallas & Tarrant),Mulch,Cedar Mulch,yd,20,false,1670.00,83.50,1180.00,153.00,1333.00,288.27,17.26,false,1 load: 20yd on end dump,true,1566.00,104.00,6.64,above,true,1180.00,490.00,41.53,above
DFW,DFW Core (Dallas & Tarrant),Mulch,Cedar Mulch,yd,25,false,2115.00,84.60,1475.00,216.75,1691.75,361.62,17.10,false,2 loads: 20yd on end dump + 5yd on small dump,true,1957.50,157.50,8.05,above,true,1475.00,640.00,43.39,above
DFW,DFW Core (Dallas & Tarrant),Mulch,Cedar Mulch,yd,30,false,2510.00,83.67,1770.00,235.88,2005.88,431.03,17.17,false,2 loads: 20yd on end dump + 10yd on tandem dump,true,2349.00,161.00,6.85,above,true,1770.00,740.00,41.81,above
DFW,DFW North (Collin & Denton),Mulch,Cedar Mulch,yd,3,false,545.00,181.67,177.00,100.00,277.00,251.90,46.22,true,1 load: 3yd on small dump,true,234.90,310.10,132.01,above,true,177.00,368.00,207.91,above
DFW,DFW North (Collin & Denton),Mulch,Cedar Mulch,yd,4,false,605.00,151.25,236.00,100.00,336.00,251.16,41.51,true,1 load: 4yd on small dump,true,313.20,291.80,93.17,above,true,236.00,369.00,156.36,above
DFW,DFW North (Collin & Denton),Mulch,Cedar Mulch,yd,5,false,665.00,133.00,295.00,100.00,395.00,250.41,37.66,true,1 load: 5yd on small dump,true,391.50,273.50,69.86,above,true,295.00,370.00,125.42,above
DFW,DFW North (Collin & Denton),Mulch,Cedar Mulch,yd,6,false,730.00,121.67,354.00,100.00,454.00,254.53,34.87,true,1 load: 6yd on small dump,true,469.80,260.20,55.39,above,true,354.00,376.00,106.21,above
DFW,DFW North (Collin & Denton),Mulch,Cedar Mulch,yd,8,false,850.00,106.25,472.00,100.00,572.00,253.05,29.77,true,1 load: 8yd on small dump,true,626.40,223.60,35.70,above,true,472.00,378.00,80.08,above
DFW,DFW North (Collin & Denton),Mulch,Cedar Mulch,yd,10,false,1000.00,100.00,590.00,130.00,720.00,250.70,25.07,true,1 load: 10yd on tandem dump,true,783.00,217.00,27.71,above,true,590.00,410.00,69.49,above
DFW,DFW North (Collin & Denton),Mulch,Cedar Mulch,yd,12,false,1125.00,93.75,708.00,130.00,838.00,254.07,22.58,true,1 load: 12yd on tandem dump,true,939.60,185.40,19.73,above,true,708.00,417.00,58.90,above
DFW,DFW North (Collin & Denton),Mulch,Cedar Mulch,yd,15,false,1355.00,90.33,885.00,180.00,1065.00,250.41,18.48,true,1 load: 15yd on end dump,true,1174.50,180.50,15.37,above,true,885.00,470.00,53.11,above
DFW,DFW North (Collin & Denton),Mulch,Cedar Mulch,yd,20,false,1700.00,85.00,1180.00,180.00,1360.00,290.40,17.08,false,1 load: 20yd on end dump,true,1566.00,134.00,8.56,above,true,1180.00,520.00,44.07,above
DFW,DFW North (Collin & Denton),Mulch,Cedar Mulch,yd,25,false,2165.00,86.60,1475.00,255.00,1730.00,371.92,17.18,false,2 loads: 20yd on end dump + 5yd on small dump,true,1957.50,207.50,10.60,above,true,1475.00,690.00,46.78,above
DFW,DFW North (Collin & Denton),Mulch,Cedar Mulch,yd,30,false,2560.00,85.33,1770.00,277.50,2047.50,437.96,17.11,false,2 loads: 20yd on end dump + 10yd on tandem dump,true,2349.00,211.00,8.98,above,true,1770.00,790.00,44.63,above
DFW,"DFW Outer (Rockwall, Kaufman, Ellis & Johnson)",Mulch,Cedar Mulch,yd,3,false,575.00,191.67,177.00,130.00,307.00,251.03,43.66,true,1 load: 3yd on small dump,true,234.90,340.10,144.79,above,true,177.00,398.00,224.86,above
DFW,"DFW Outer (Rockwall, Kaufman, Ellis & Johnson)",Mulch,Cedar Mulch,yd,4,false,635.00,158.75,236.00,130.00,366.00,250.28,39.41,true,1 load: 4yd on small dump,true,313.20,321.80,102.75,above,true,236.00,399.00,169.07,above
DFW,"DFW Outer (Rockwall, Kaufman, Ellis & Johnson)",Mulch,Cedar Mulch,yd,5,false,700.00,140.00,295.00,130.00,425.00,254.40,36.34,true,1 load: 5yd on small dump,true,391.50,308.50,78.80,above,true,295.00,405.00,137.29,above
DFW,"DFW Outer (Rockwall, Kaufman, Ellis & Johnson)",Mulch,Cedar Mulch,yd,6,false,760.00,126.67,354.00,130.00,484.00,253.66,33.38,true,1 load: 6yd on small dump,true,469.80,290.20,61.77,above,true,354.00,406.00,114.69,above
DFW,"DFW Outer (Rockwall, Kaufman, Ellis & Johnson)",Mulch,Cedar Mulch,yd,8,false,880.00,110.00,472.00,130.00,602.00,252.18,28.66,true,1 load: 8yd on small dump,true,626.40,253.60,40.49,above,true,472.00,408.00,86.44,above
DFW,"DFW Outer (Rockwall, Kaufman, Ellis & Johnson)",Mulch,Cedar Mulch,yd,10,false,1040.00,104.00,590.00,169.00,759.00,250.54,24.09,true,1 load: 10yd on tandem dump,true,783.00,257.00,32.82,above,true,590.00,450.00,76.27,above
DFW,"DFW Outer (Rockwall, Kaufman, Ellis & Johnson)",Mulch,Cedar Mulch,yd,12,false,1165.00,97.08,708.00,169.00,877.00,253.91,21.80,true,1 load: 12yd on tandem dump,true,939.60,225.40,23.99,above,true,708.00,457.00,64.55,above
DFW,"DFW Outer (Rockwall, Kaufman, Ellis & Johnson)",Mulch,Cedar Mulch,yd,15,false,1415.00,94.33,885.00,234.00,1119.00,254.66,18.00,true,1 load: 15yd on end dump,true,1174.50,240.50,20.48,above,true,885.00,530.00,59.89,above
DFW,"DFW Outer (Rockwall, Kaufman, Ellis & Johnson)",Mulch,Cedar Mulch,yd,20,false,1770.00,88.50,1180.00,234.00,1414.00,304.37,17.20,false,1 load: 20yd on end dump,true,1566.00,204.00,13.03,above,true,1180.00,590.00,50.00,above
DFW,"DFW Outer (Rockwall, Kaufman, Ellis & Johnson)",Mulch,Cedar Mulch,yd,25,false,2260.00,90.40,1475.00,331.50,1806.50,387.66,17.15,false,2 loads: 20yd on end dump + 5yd on small dump,true,1957.50,302.50,15.45,above,true,1475.00,785.00,53.22,above
DFW,"DFW Outer (Rockwall, Kaufman, Ellis & Johnson)",Mulch,Cedar Mulch,yd,30,false,2665.00,88.83,1770.00,360.75,2130.75,456.66,17.14,false,2 loads: 20yd on end dump + 10yd on tandem dump,true,2349.00,316.00,13.45,above,true,1770.00,895.00,50.56,above
DFW,DFW Core (Dallas & Tarrant),Mulch,Pine Bark Mulch,yd,3,false,520.00,173.33,165.00,85.00,250.00,254.62,48.97,true,1 load: 3yd on small dump,true,234.90,285.10,121.37,above,true,165.00,355.00,215.15,above
DFW,DFW Core (Dallas & Tarrant),Mulch,Pine Bark Mulch,yd,4,false,575.00,143.75,220.00,85.00,305.00,253.03,44.00,true,1 load: 4yd on small dump,true,313.20,261.80,83.59,above,true,220.00,355.00,161.36,above
DFW,DFW Core (Dallas & Tarrant),Mulch,Pine Bark Mulch,yd,5,false,630.00,126.00,275.00,85.00,360.00,251.43,39.91,true,1 load: 5yd on small dump,true,391.50,238.50,60.92,above,true,275.00,355.00,129.09,above
DFW,DFW Core (Dallas & Tarrant),Mulch,Pine Bark Mulch,yd,6,false,690.00,115.00,330.00,85.00,415.00,254.69,36.91,true,1 load: 6yd on small dump,true,469.80,220.20,46.87,above,true,330.00,360.00,109.09,above
DFW,DFW Core (Dallas & Tarrant),Mulch,Pine Bark Mulch,yd,8,false,800.00,100.00,440.00,85.00,525.00,251.50,31.44,true,1 load: 8yd on small dump,true,626.40,173.60,27.71,above,true,440.00,360.00,81.82,above
DFW,DFW Core (Dallas & Tarrant),Mulch,Pine Bark Mulch,yd,10,false,940.00,94.00,550.00,110.50,660.50,251.94,26.80,true,1 load: 10yd on tandem dump,true,783.00,157.00,20.05,above,true,550.00,390.00,70.91,above
DFW,DFW Core (Dallas & Tarrant),Mulch,Pine Bark Mulch,yd,12,false,1055.00,87.92,660.00,110.50,770.50,253.60,24.04,true,1 load: 12yd on tandem dump,true,939.60,115.40,12.28,above,true,660.00,395.00,59.85,above
DFW,DFW Core (Dallas & Tarrant),Mulch,Pine Bark Mulch,yd,15,false,1325.00,88.33,825.00,153.00,978.00,308.27,23.27,false,1 load: 15yd on end dump,true,1174.50,150.50,12.81,above,true,825.00,500.00,60.61,above
DFW,DFW Core (Dallas & Tarrant),Mulch,Pine Bark Mulch,yd,20,false,1695.00,84.75,1100.00,153.00,1253.00,392.55,23.16,false,1 load: 20yd on end dump,true,1566.00,129.00,8.24,above,true,1100.00,595.00,54.09,above
DFW,DFW Core (Dallas & Tarrant),Mulch,Pine Bark Mulch,yd,25,false,2150.00,86.00,1375.00,216.75,1591.75,495.60,23.05,false,2 loads: 20yd on end dump + 5yd on small dump,true,1957.50,192.50,9.83,above,true,1375.00,775.00,56.36,above
DFW,DFW Core (Dallas & Tarrant),Mulch,Pine Bark Mulch,yd,30,false,2550.00,85.00,1650.00,235.88,1885.88,589.88,23.13,false,2 loads: 20yd on end dump + 10yd on tandem dump,true,2349.00,201.00,8.56,above,true,1650.00,900.00,54.55,above
DFW,DFW North (Collin & Denton),Mulch,Pine Bark Mulch,yd,3,false,535.00,178.33,165.00,100.00,265.00,254.19,47.51,true,1 load: 3yd on small dump,true,234.90,300.10,127.76,above,true,165.00,370.00,224.24,above
DFW,DFW North (Collin & Denton),Mulch,Pine Bark Mulch,yd,4,false,590.00,147.50,220.00,100.00,320.00,252.59,42.81,true,1 load: 4yd on small dump,true,313.20,276.80,88.38,above,true,220.00,370.00,168.18,above
DFW,DFW North (Collin & Denton),Mulch,Pine Bark Mulch,yd,5,false,645.00,129.00,275.00,100.00,375.00,251.00,38.91,true,1 load: 5yd on small dump,true,391.50,253.50,64.75,above,true,275.00,370.00,134.55,above
DFW,DFW North (Collin & Denton),Mulch,Pine Bark Mulch,yd,6,false,705.00,117.50,330.00,100.00,430.00,254.25,36.06,true,1 load: 6yd on small dump,true,469.80,235.20,50.06,above,true,330.00,375.00,113.64,above
DFW,DFW North (Collin & Denton),Mulch,Pine Bark Mulch,yd,8,false,815.00,101.88,440.00,100.00,540.00,251.06,30.81,true,1 load: 8yd on small dump,true,626.40,188.60,30.11,above,true,440.00,375.00,85.23,above
DFW,DFW North (Collin & Denton),Mulch,Pine Bark Mulch,yd,10,false,960.00,96.00,550.00,130.00,680.00,251.86,26.24,true,1 load: 10yd on tandem dump,true,783.00,177.00,22.61,above,true,550.00,410.00,74.55,above
DFW,DFW North (Collin & Denton),Mulch,Pine Bark Mulch,yd,12,false,1075.00,89.58,660.00,130.00,790.00,253.53,23.58,true,1 load: 12yd on tandem dump,true,939.60,135.40,14.41,above,true,660.00,415.00,62.88,above
DFW,DFW North (Collin & Denton),Mulch,Pine Bark Mulch,yd,15,false,1360.00,90.67,825.00,180.00,1005.00,315.26,23.18,false,1 load: 15yd on end dump,true,1174.50,185.50,15.79,above,true,825.00,535.00,64.85,above
DFW,DFW North (Collin & Denton),Mulch,Pine Bark Mulch,yd,20,false,1730.00,86.50,1100.00,180.00,1280.00,399.53,23.09,false,1 load: 20yd on end dump,true,1566.00,164.00,10.47,above,true,1100.00,630.00,57.27,above
DFW,DFW North (Collin & Denton),Mulch,Pine Bark Mulch,yd,25,false,2205.00,88.20,1375.00,255.00,1630.00,510.75,23.16,false,2 loads: 20yd on end dump + 5yd on small dump,true,1957.50,247.50,12.64,above,true,1375.00,830.00,60.36,above
DFW,DFW North (Collin & Denton),Mulch,Pine Bark Mulch,yd,30,false,2605.00,86.83,1650.00,277.50,1927.50,601.65,23.10,false,2 loads: 20yd on end dump + 10yd on tandem dump,true,2349.00,256.00,10.90,above,true,1650.00,955.00,57.88,above
DFW,"DFW Outer (Rockwall, Kaufman, Ellis & Johnson)",Mulch,Pine Bark Mulch,yd,3,false,565.00,188.33,165.00,130.00,295.00,253.31,44.83,true,1 load: 3yd on small dump,true,234.90,330.10,140.53,above,true,165.00,400.00,242.42,above
DFW,"DFW Outer (Rockwall, Kaufman, Ellis & Johnson)",Mulch,Pine Bark Mulch,yd,4,false,620.00,155.00,220.00,130.00,350.00,251.72,40.60,true,1 load: 4yd on small dump,true,313.20,306.80,97.96,above,true,220.00,400.00,181.82,above
DFW,"DFW Outer (Rockwall, Kaufman, Ellis & Johnson)",Mulch,Pine Bark Mulch,yd,5,false,675.00,135.00,275.00,130.00,405.00,250.13,37.06,true,1 load: 5yd on small dump,true,391.50,283.50,72.41,above,true,275.00,400.00,145.45,above
DFW,"DFW Outer (Rockwall, Kaufman, Ellis & Johnson)",Mulch,Pine Bark Mulch,yd,6,false,735.00,122.50,330.00,130.00,460.00,253.38,34.47,true,1 load: 6yd on small dump,true,469.80,265.20,56.45,above,true,330.00,405.00,122.73,above
DFW,"DFW Outer (Rockwall, Kaufman, Ellis & Johnson)",Mulch,Pine Bark Mulch,yd,8,false,845.00,105.63,440.00,130.00,570.00,250.19,29.61,true,1 load: 8yd on small dump,true,626.40,218.60,34.90,above,true,440.00,405.00,92.05,above
DFW,"DFW Outer (Rockwall, Kaufman, Ellis & Johnson)",Mulch,Pine Bark Mulch,yd,10,false,1000.00,100.00,550.00,169.00,719.00,251.70,25.17,true,1 load: 10yd on tandem dump,true,783.00,217.00,27.71,above,true,550.00,450.00,81.82,above
DFW,"DFW Outer (Rockwall, Kaufman, Ellis & Johnson)",Mulch,Pine Bark Mulch,yd,12,false,1120.00,93.33,660.00,169.00,829.00,258.22,23.06,false,1 load: 12yd on tandem dump,true,939.60,180.40,19.20,above,true,660.00,460.00,69.70,above
DFW,"DFW Outer (Rockwall, Kaufman, Ellis & Johnson)",Mulch,Pine Bark Mulch,yd,15,false,1430.00,95.33,825.00,234.00,1059.00,329.23,23.02,false,1 load: 15yd on end dump,true,1174.50,255.50,21.75,above,true,825.00,605.00,73.33,above
DFW,"DFW Outer (Rockwall, Kaufman, Ellis & Johnson)",Mulch,Pine Bark Mulch,yd,20,false,1805.00,90.25,1100.00,234.00,1334.00,418.36,23.18,false,1 load: 20yd on end dump,true,1566.00,239.00,15.26,above,true,1100.00,705.00,64.09,above
DFW,"DFW Outer (Rockwall, Kaufman, Ellis & Johnson)",Mulch,Pine Bark Mulch,yd,25,false,2305.00,92.20,1375.00,331.50,1706.50,531.36,23.05,false,2 loads: 20yd on end dump + 5yd on small dump,true,1957.50,347.50,17.75,above,true,1375.00,930.00,67.64,above
DFW,"DFW Outer (Rockwall, Kaufman, Ellis & Johnson)",Mulch,Pine Bark Mulch,yd,30,false,2715.00,90.50,1650.00,360.75,2010.75,625.22,23.03,false,2 loads: 20yd on end dump + 10yd on tandem dump,true,2349.00,366.00,15.58,above,true,1650.00,1065.00,64.55,above
DFW,DFW Core (Dallas & Tarrant),Mulch,Playground Mulch,yd,3,false,485.00,161.67,134.97,85.00,219.97,250.66,51.68,true,1 load: 3yd on small dump,true,419.69,65.31,15.56,above,true,134.97,350.03,259.34,above
DFW,DFW Core (Dallas & Tarrant),Mulch,Playground Mulch,yd,4,false,535.00,133.75,179.96,85.00,264.96,254.22,47.52,true,1 load: 4yd on small dump,true,559.58,-24.58,-4.39,below,true,179.96,355.04,197.29,above
DFW,DFW Core (Dallas & Tarrant),Mulch,Playground Mulch,yd,5,false,580.00,116.00,224.95,85.00,309.95,252.93,43.61,true,1 load: 5yd on small dump,true,699.48,-119.48,-17.08,below,true,224.95,355.05,157.84,above
DFW,DFW Core (Dallas & Tarrant),Mulch,Playground Mulch,yd,6,false,625.00,104.17,269.94,85.00,354.94,251.63,40.26,true,1 load: 6yd on small dump,true,839.37,-214.37,-25.54,below,true,269.94,355.06,131.53,above
DFW,DFW Core (Dallas & Tarrant),Mulch,Playground Mulch,yd,8,false,720.00,90.00,359.92,85.00,444.92,253.90,35.26,true,1 load: 8yd on small dump,true,1119.16,-399.16,-35.67,below,true,359.92,360.08,100.04,above
DFW,DFW Core (Dallas & Tarrant),Mulch,Playground Mulch,yd,10,false,835.00,83.50,449.90,110.50,560.40,250.08,29.95,true,1 load: 10yd on tandem dump,true,1398.95,-563.95,-40.31,below,true,449.90,385.10,85.60,above
DFW,DFW Core (Dallas & Tarrant),Mulch,Playground Mulch,yd,12,false,945.00,78.75,539.88,110.50,650.38,266.92,28.24,false,1 load: 12yd on tandem dump,true,1678.74,-733.74,-43.71,below,true,539.88,405.12,75.04,above
DFW,DFW Core (Dallas & Tarrant),Mulch,Playground Mulch,yd,15,false,1205.00,80.33,674.85,153.00,827.85,341.90,28.37,false,1 load: 15yd on end dump,true,2098.43,-893.43,-42.58,below,true,674.85,530.15,78.56,above
DFW,DFW Core (Dallas & Tarrant),Mulch,Playground Mulch,yd,20,false,1530.00,76.50,899.80,153.00,1052.80,432.53,28.27,false,1 load: 20yd on end dump,true,2797.90,-1267.90,-45.32,below,true,899.80,630.20,70.04,above
DFW,DFW Core (Dallas & Tarrant),Mulch,Playground Mulch,yd,25,false,1950.00,78.00,1124.75,216.75,1341.50,551.65,28.29,false,2 loads: 20yd on end dump + 5yd on small dump,true,3497.38,-1547.38,-44.24,below,true,1124.75,825.25,73.37,above
DFW,DFW Core (Dallas & Tarrant),Mulch,Playground Mulch,yd,30,false,2300.00,76.67,1349.70,235.88,1585.58,647.42,28.15,false,2 loads: 20yd on end dump + 10yd on tandem dump,true,4196.85,-1896.85,-45.20,below,true,1349.70,950.30,70.41,above
DFW,DFW North (Collin & Denton),Mulch,Playground Mulch,yd,3,false,500.00,166.67,134.97,100.00,234.97,250.23,50.05,true,1 load: 3yd on small dump,true,419.69,80.31,19.14,above,true,134.97,365.03,270.45,above
DFW,DFW North (Collin & Denton),Mulch,Playground Mulch,yd,4,false,550.00,137.50,179.96,100.00,279.96,253.79,46.14,true,1 load: 4yd on small dump,true,559.58,-9.58,-1.71,below,true,179.96,370.04,205.62,above
DFW,DFW North (Collin & Denton),Mulch,Playground Mulch,yd,5,false,595.00,119.00,224.95,100.00,324.95,252.49,42.44,true,1 load: 5yd on small dump,true,699.48,-104.48,-14.94,below,true,224.95,370.05,164.50,above
DFW,DFW North (Collin & Denton),Mulch,Playground Mulch,yd,6,false,640.00,106.67,269.94,100.00,369.94,251.20,39.25,true,1 load: 6yd on small dump,true,839.37,-199.37,-23.75,below,true,269.94,370.06,137.09,above
DFW,DFW North (Collin & Denton),Mulch,Playground Mulch,yd,8,false,735.00,91.88,359.92,100.00,459.92,253.46,34.49,true,1 load: 8yd on small dump,true,1119.16,-384.16,-34.33,below,true,359.92,375.08,104.21,above
DFW,DFW North (Collin & Denton),Mulch,Playground Mulch,yd,10,false,855.00,85.50,449.90,130.00,579.90,250.00,29.24,true,1 load: 10yd on tandem dump,true,1398.95,-543.95,-38.88,below,true,449.90,405.10,90.04,above
DFW,DFW North (Collin & Denton),Mulch,Playground Mulch,yd,12,false,975.00,81.25,539.88,130.00,669.88,276.55,28.36,false,1 load: 12yd on tandem dump,true,1678.74,-703.74,-41.92,below,true,539.88,435.12,80.60,above
DFW,DFW North (Collin & Denton),Mulch,Playground Mulch,yd,15,false,1240.00,82.67,674.85,180.00,854.85,348.89,28.14,false,1 load: 15yd on end dump,true,2098.43,-858.43,-40.91,below,true,674.85,565.15,83.74,above
DFW,DFW North (Collin & Denton),Mulch,Playground Mulch,yd,20,false,1570.00,78.50,899.80,180.00,1079.80,444.37,28.30,false,1 load: 20yd on end dump,true,2797.90,-1227.90,-43.89,below,true,899.80,670.20,74.48,above
DFW,DFW North (Collin & Denton),Mulch,Playground Mulch,yd,25,false,2005.00,80.20,1124.75,255.00,1379.75,566.80,28.27,false,2 loads: 20yd on end dump + 5yd on small dump,true,3497.38,-1492.38,-42.67,below,true,1124.75,880.25,78.26,above
DFW,DFW North (Collin & Denton),Mulch,Playground Mulch,yd,30,false,2360.00,78.67,1349.70,277.50,1627.20,664.06,28.14,false,2 loads: 20yd on end dump + 10yd on tandem dump,true,4196.85,-1836.85,-43.77,below,true,1349.70,1010.30,74.85,above
DFW,"DFW Outer (Rockwall, Kaufman, Ellis & Johnson)",Mulch,Playground Mulch,yd,3,false,535.00,178.33,134.97,130.00,264.97,254.21,47.52,true,1 load: 3yd on small dump,true,419.69,115.31,27.48,above,true,134.97,400.03,296.38,above
DFW,"DFW Outer (Rockwall, Kaufman, Ellis & Johnson)",Mulch,Playground Mulch,yd,4,false,580.00,145.00,179.96,130.00,309.96,252.92,43.61,true,1 load: 4yd on small dump,true,559.58,20.42,3.65,above,true,179.96,400.04,222.29,above
DFW,"DFW Outer (Rockwall, Kaufman, Ellis & Johnson)",Mulch,Playground Mulch,yd,5,false,625.00,125.00,224.95,130.00,354.95,251.62,40.26,true,1 load: 5yd on small dump,true,699.48,-74.48,-10.65,below,true,224.95,400.05,177.84,above
DFW,"DFW Outer (Rockwall, Kaufman, Ellis & Johnson)",Mulch,Playground Mulch,yd,6,false,670.00,111.67,269.94,130.00,399.94,250.33,37.36,true,1 load: 6yd on small dump,true,839.37,-169.37,-20.18,below,true,269.94,400.06,148.20,above
DFW,"DFW Outer (Rockwall, Kaufman, Ellis & Johnson)",Mulch,Playground Mulch,yd,8,false,765.00,95.63,359.92,130.00,489.92,252.59,33.02,true,1 load: 8yd on small dump,true,1119.16,-354.16,-31.65,below,true,359.92,405.08,112.55,above
DFW,"DFW Outer (Rockwall, Kaufman, Ellis & Johnson)",Mulch,Playground Mulch,yd,10,false,900.00,90.00,449.90,169.00,618.90,254.70,28.30,false,1 load: 10yd on tandem dump,true,1398.95,-498.95,-35.67,below,true,449.90,450.10,100.04,above
DFW,"DFW Outer (Rockwall, Kaufman, Ellis & Johnson)",Mulch,Playground Mulch,yd,12,false,1030.00,85.83,539.88,169.00,708.88,290.95,28.25,false,1 load: 12yd on tandem dump,true,1678.74,-648.74,-38.64,below,true,539.88,490.12,90.78,above
DFW,"DFW Outer (Rockwall, Kaufman, Ellis & Johnson)",Mulch,Playground Mulch,yd,15,false,1320.00,88.00,674.85,234.00,908.85,372.57,28.23,false,1 load: 15yd on end dump,true,2098.43,-778.43,-37.10,below,true,674.85,645.15,95.60,above
DFW,"DFW Outer (Rockwall, Kaufman, Ellis & Johnson)",Mulch,Playground Mulch,yd,20,false,1645.00,82.25,899.80,234.00,1133.80,463.19,28.16,false,1 load: 20yd on end dump,true,2797.90,-1152.90,-41.21,below,true,899.80,745.20,82.82,above
DFW,"DFW Outer (Rockwall, Kaufman, Ellis & Johnson)",Mulch,Playground Mulch,yd,25,false,2115.00,84.60,1124.75,331.50,1456.25,597.12,28.23,false,2 loads: 20yd on end dump + 5yd on small dump,true,3497.38,-1382.38,-39.53,below,true,1124.75,990.25,88.04,above
DFW,"DFW Outer (Rockwall, Kaufman, Ellis & Johnson)",Mulch,Playground Mulch,yd,30,false,2485.00,82.83,1349.70,360.75,1710.45,702.18,28.26,false,2 loads: 20yd on end dump + 10yd on tandem dump,true,4196.85,-1711.85,-40.79,below,true,1349.70,1135.30,84.11,above
DFW,DFW Core (Dallas & Tarrant),Soil,Sandy Loam Topsoil,yd,3,false,485.00,161.67,135.00,85.00,220.00,250.63,51.68,true,1 load: 3yd on small dump,true,248.06,236.94,95.52,above,true,135.00,350.00,259.26,above
DFW,DFW Core (Dallas & Tarrant),Soil,Sandy Loam Topsoil,yd,4,false,535.00,133.75,180.00,85.00,265.00,254.19,47.51,true,1 load: 4yd on small dump,true,330.74,204.26,61.76,above,true,180.00,355.00,197.22,above
DFW,DFW Core (Dallas & Tarrant),Soil,Sandy Loam Topsoil,yd,5,false,580.00,116.00,225.00,85.00,310.00,252.88,43.60,true,1 load: 5yd on small dump,true,413.43,166.57,40.29,above,true,225.00,355.00,157.78,above
DFW,DFW Core (Dallas & Tarrant),Soil,Sandy Loam Topsoil,yd,6,false,625.00,104.17,270.00,85.00,355.00,251.57,40.25,true,1 load: 6yd on small dump,true,496.11,128.89,25.98,above,true,270.00,355.00,131.48,above
DFW,DFW Core (Dallas & Tarrant),Soil,Sandy Loam Topsoil,yd,8,false,745.00,93.13,360.00,110.50,470.50,252.59,33.91,true,1 load: 8yd on tandem dump,true,661.48,83.52,12.63,above,true,360.00,385.00,106.94,above
DFW,DFW Core (Dallas & Tarrant),Soil,Sandy Loam Topsoil,yd,10,false,840.00,84.00,450.00,110.50,560.50,254.84,30.34,true,1 load: 10yd on tandem dump,true,826.85,13.15,1.59,above,true,450.00,390.00,86.67,above
DFW,DFW Core (Dallas & Tarrant),Soil,Sandy Loam Topsoil,yd,12,false,930.00,77.50,540.00,110.50,650.50,252.23,27.12,true,1 load: 12yd on tandem dump,true,992.22,-62.22,-6.27,below,true,540.00,390.00,72.22,above
DFW,DFW Core (Dallas & Tarrant),Soil,Sandy Loam Topsoil,yd,15,false,1120.00,74.67,675.00,153.00,828.00,259.22,23.14,false,1 load: 15yd on end dump,true,1240.28,-120.28,-9.70,below,true,675.00,445.00,65.93,above
DFW,DFW Core (Dallas & Tarrant),Soil,Sandy Loam Topsoil,yd,20,false,1425.00,71.25,900.00,153.00,1053.00,330.38,23.18,false,1 load: 20yd on end dump,true,1653.70,-228.70,-13.83,below,true,900.00,525.00,58.33,above
DFW,DFW Core (Dallas & Tarrant),Soil,Sandy Loam Topsoil,yd,25,false,1815.00,72.60,1125.00,216.75,1341.75,420.31,23.16,false,2 loads: 20yd on end dump + 5yd on small dump,true,2067.13,-252.13,-12.20,below,true,1125.00,690.00,61.33,above
DFW,DFW Core (Dallas & Tarrant),Soil,Sandy Loam Topsoil,yd,30,false,2145.00,71.50,1350.00,235.88,1585.88,496.62,23.15,false,2 loads: 20yd on end dump + 10yd on tandem dump,true,2480.55,-335.55,-13.53,below,true,1350.00,795.00,58.89,above
DFW,DFW North (Collin & Denton),Soil,Sandy Loam Topsoil,yd,3,false,500.00,166.67,135.00,100.00,235.00,250.20,50.04,true,1 load: 3yd on small dump,true,248.06,251.94,101.57,above,true,135.00,365.00,270.37,above
DFW,DFW North (Collin & Denton),Soil,Sandy Loam Topsoil,yd,4,false,550.00,137.50,180.00,100.00,280.00,253.75,46.14,true,1 load: 4yd on small dump,true,330.74,219.26,66.29,above,true,180.00,370.00,205.56,above
DFW,DFW North (Collin & Denton),Soil,Sandy Loam Topsoil,yd,5,false,595.00,119.00,225.00,100.00,325.00,252.44,42.43,true,1 load: 5yd on small dump,true,413.43,181.57,43.92,above,true,225.00,370.00,164.44,above
DFW,DFW North (Collin & Denton),Soil,Sandy Loam Topsoil,yd,6,false,640.00,106.67,270.00,100.00,370.00,251.14,39.24,true,1 load: 6yd on small dump,true,496.11,143.89,29.00,above,true,270.00,370.00,137.04,above
DFW,DFW North (Collin & Denton),Soil,Sandy Loam Topsoil,yd,8,false,765.00,95.63,360.00,130.00,490.00,252.51,33.01,true,1 load: 8yd on tandem dump,true,661.48,103.52,15.65,above,true,360.00,405.00,112.50,above
DFW,DFW North (Collin & Denton),Soil,Sandy Loam Topsoil,yd,10,false,860.00,86.00,450.00,130.00,580.00,254.76,29.62,true,1 load: 10yd on tandem dump,true,826.85,33.15,4.01,above,true,450.00,410.00,91.11,above
DFW,DFW North (Collin & Denton),Soil,Sandy Loam Topsoil,yd,12,false,950.00,79.17,540.00,130.00,670.00,252.15,26.54,true,1 load: 12yd on tandem dump,true,992.22,-42.22,-4.26,below,true,540.00,410.00,75.93,above
DFW,DFW North (Collin & Denton),Soil,Sandy Loam Topsoil,yd,15,false,1155.00,77.00,675.00,180.00,855.00,266.20,23.05,false,1 load: 15yd on end dump,true,1240.28,-85.28,-6.88,below,true,675.00,480.00,71.11,above
DFW,DFW North (Collin & Denton),Soil,Sandy Loam Topsoil,yd,20,false,1460.00,73.00,900.00,180.00,1080.00,337.36,23.11,false,1 load: 20yd on end dump,true,1653.70,-193.70,-11.71,below,true,900.00,560.00,62.22,above
DFW,DFW North (Collin & Denton),Soil,Sandy Loam Topsoil,yd,25,false,1865.00,74.60,1125.00,255.00,1380.00,430.62,23.09,false,2 loads: 20yd on end dump + 5yd on small dump,true,2067.13,-202.13,-9.78,below,true,1125.00,740.00,65.78,above
DFW,DFW North (Collin & Denton),Soil,Sandy Loam Topsoil,yd,30,false,2200.00,73.33,1350.00,277.50,1627.50,508.40,23.11,false,2 loads: 20yd on end dump + 10yd on tandem dump,true,2480.55,-280.55,-11.31,below,true,1350.00,850.00,62.96,above
DFW,"DFW Outer (Rockwall, Kaufman, Ellis & Johnson)",Soil,Sandy Loam Topsoil,yd,3,false,535.00,178.33,135.00,130.00,265.00,254.19,47.51,true,1 load: 3yd on small dump,true,248.06,286.94,115.68,above,true,135.00,400.00,296.30,above
DFW,"DFW Outer (Rockwall, Kaufman, Ellis & Johnson)",Soil,Sandy Loam Topsoil,yd,4,false,580.00,145.00,180.00,130.00,310.00,252.88,43.60,true,1 load: 4yd on small dump,true,330.74,249.26,75.36,above,true,180.00,400.00,222.22,above
DFW,"DFW Outer (Rockwall, Kaufman, Ellis & Johnson)",Soil,Sandy Loam Topsoil,yd,5,false,625.00,125.00,225.00,130.00,355.00,251.57,40.25,true,1 load: 5yd on small dump,true,413.43,211.57,51.18,above,true,225.00,400.00,177.78,above
DFW,"DFW Outer (Rockwall, Kaufman, Ellis & Johnson)",Soil,Sandy Loam Topsoil,yd,6,false,670.00,111.67,270.00,130.00,400.00,250.27,37.35,true,1 load: 6yd on small dump,true,496.11,173.89,35.05,above,true,270.00,400.00,148.15,above
DFW,"DFW Outer (Rockwall, Kaufman, Ellis & Johnson)",Soil,Sandy Loam Topsoil,yd,8,false,805.00,100.63,360.00,169.00,529.00,252.35,31.35,true,1 load: 8yd on tandem dump,true,661.48,143.52,21.70,above,true,360.00,445.00,123.61,above
DFW,"DFW Outer (Rockwall, Kaufman, Ellis & Johnson)",Soil,Sandy Loam Topsoil,yd,10,false,900.00,90.00,450.00,169.00,619.00,254.60,28.29,true,1 load: 10yd on tandem dump,true,826.85,73.15,8.85,above,true,450.00,450.00,100.00,above
DFW,"DFW Outer (Rockwall, Kaufman, Ellis & Johnson)",Soil,Sandy Loam Topsoil,yd,12,false,990.00,82.50,540.00,169.00,709.00,251.99,25.45,true,1 load: 12yd on tandem dump,true,992.22,-2.22,-0.22,below,true,540.00,450.00,83.33,above
DFW,"DFW Outer (Rockwall, Kaufman, Ellis & Johnson)",Soil,Sandy Loam Topsoil,yd,15,false,1230.00,82.00,675.00,234.00,909.00,285.03,23.17,false,1 load: 15yd on end dump,true,1240.28,-10.28,-0.83,below,true,675.00,555.00,82.22,above
DFW,"DFW Outer (Rockwall, Kaufman, Ellis & Johnson)",Soil,Sandy Loam Topsoil,yd,20,false,1535.00,76.75,900.00,234.00,1134.00,356.19,23.20,false,1 load: 20yd on end dump,true,1653.70,-118.70,-7.18,below,true,900.00,635.00,70.56,above
DFW,"DFW Outer (Rockwall, Kaufman, Ellis & Johnson)",Soil,Sandy Loam Topsoil,yd,25,false,1970.00,78.80,1125.00,331.50,1456.50,456.07,23.15,false,2 loads: 20yd on end dump + 5yd on small dump,true,2067.13,-97.13,-4.70,below,true,1125.00,845.00,75.11,above
DFW,"DFW Outer (Rockwall, Kaufman, Ellis & Johnson)",Soil,Sandy Loam Topsoil,yd,30,false,2310.00,77.00,1350.00,360.75,1710.75,531.96,23.03,false,2 loads: 20yd on end dump + 10yd on tandem dump,true,2480.55,-170.55,-6.88,below,true,1350.00,960.00,71.11,above
DFW,DFW Core (Dallas & Tarrant),Soil,Garden / Raised-Bed Mix,yd,3,false,540.00,180.00,187.50,85.00,272.50,251.54,46.58,true,1 load: 3yd on small dump,true,315.36,224.64,71.23,above,true,187.49,352.51,188.02,above
DFW,DFW Core (Dallas & Tarrant),Soil,Garden / Raised-Bed Mix,yd,4,false,605.00,151.25,250.00,85.00,335.00,252.16,41.68,true,1 load: 4yd on small dump,true,420.48,184.52,43.88,above,true,249.98,355.02,142.02,above
DFW,DFW Core (Dallas & Tarrant),Soil,Garden / Raised-Bed Mix,yd,5,false,670.00,134.00,312.50,85.00,397.50,252.77,37.73,true,1 load: 5yd on small dump,true,525.60,144.40,27.47,above,true,312.48,357.52,114.42,above
DFW,DFW Core (Dallas & Tarrant),Soil,Garden / Raised-Bed Mix,yd,6,false,735.00,122.50,375.00,85.00,460.00,253.38,34.47,true,1 load: 6yd on small dump,true,630.72,104.28,16.53,above,true,374.97,360.03,96.02,above
DFW,DFW Core (Dallas & Tarrant),Soil,Garden / Raised-Bed Mix,yd,8,false,890.00,111.25,500.00,110.50,610.50,253.39,28.47,true,1 load: 8yd on tandem dump,true,840.96,49.04,5.83,above,true,499.96,390.04,78.01,above
DFW,DFW Core (Dallas & Tarrant),Soil,Garden / Raised-Bed Mix,yd,10,false,1020.00,102.00,625.00,110.50,735.50,254.62,24.96,true,1 load: 10yd on tandem dump,true,1051.20,-31.20,-2.97,below,true,624.95,395.05,63.21,above
DFW,DFW Core (Dallas & Tarrant),Soil,Garden / Raised-Bed Mix,yd,12,false,1165.00,97.08,750.00,110.50,860.50,270.42,23.21,false,1 load: 12yd on tandem dump,true,1261.44,-96.44,-7.65,below,true,749.94,415.06,55.35,above
DFW,DFW Core (Dallas & Tarrant),Soil,Garden / Raised-Bed Mix,yd,15,false,1475.00,98.33,937.50,153.00,1090.50,341.43,23.15,false,1 load: 15yd on end dump,true,1576.80,-101.80,-6.46,below,true,937.43,537.57,57.35,above
DFW,DFW Core (Dallas & Tarrant),Soil,Garden / Raised-Bed Mix,yd,20,false,1895.00,94.75,1250.00,153.00,1403.00,436.75,23.05,false,1 load: 20yd on end dump,true,2102.40,-207.40,-9.86,below,true,1249.90,645.10,51.61,above
DFW,DFW Core (Dallas & Tarrant),Soil,Garden / Raised-Bed Mix,yd,25,false,2405.00,96.20,1562.50,216.75,1779.25,555.71,23.11,false,2 loads: 20yd on end dump + 5yd on small dump,true,2628.00,-223.00,-8.49,below,true,1562.38,842.63,53.93,above
DFW,DFW Core (Dallas & Tarrant),Soil,Garden / Raised-Bed Mix,yd,30,false,2850.00,95.00,1875.00,235.88,2110.88,656.17,23.02,false,2 loads: 20yd on end dump + 10yd on tandem dump,true,3153.60,-303.60,-9.63,below,true,1874.85,975.15,52.01,above
DFW,DFW North (Collin & Denton),Soil,Garden / Raised-Bed Mix,yd,3,false,555.00,185.00,187.50,100.00,287.50,251.10,45.24,true,1 load: 3yd on small dump,true,315.36,239.64,75.99,above,true,187.49,367.51,196.02,above
DFW,DFW North (Collin & Denton),Soil,Garden / Raised-Bed Mix,yd,4,false,620.00,155.00,250.00,100.00,350.00,251.72,40.60,true,1 load: 4yd on small dump,true,420.48,199.52,47.45,above,true,249.98,370.02,148.02,above
DFW,DFW North (Collin & Denton),Soil,Garden / Raised-Bed Mix,yd,5,false,685.00,137.00,312.50,100.00,412.50,252.34,36.84,true,1 load: 5yd on small dump,true,525.60,159.40,30.33,above,true,312.48,372.52,119.22,above
DFW,DFW North (Collin & Denton),Soil,Garden / Raised-Bed Mix,yd,6,false,750.00,125.00,375.00,100.00,475.00,252.95,33.73,true,1 load: 6yd on small dump,true,630.72,119.28,18.91,above,true,374.97,375.03,100.02,above
DFW,DFW North (Collin & Denton),Soil,Garden / Raised-Bed Mix,yd,8,false,910.00,113.75,500.00,130.00,630.00,253.31,27.84,true,1 load: 8yd on tandem dump,true,840.96,69.04,8.21,above,true,499.96,410.04,82.01,above
DFW,DFW North (Collin & Denton),Soil,Garden / Raised-Bed Mix,yd,10,false,1040.00,104.00,625.00,130.00,755.00,254.54,24.47,true,1 load: 10yd on tandem dump,true,1051.20,-11.20,-1.07,below,true,624.95,415.05,66.41,above
DFW,DFW North (Collin & Denton),Soil,Garden / Raised-Bed Mix,yd,12,false,1190.00,99.17,750.00,130.00,880.00,275.19,23.13,false,1 load: 12yd on tandem dump,true,1261.44,-71.44,-5.66,below,true,749.94,440.06,58.68,above
DFW,DFW North (Collin & Denton),Soil,Garden / Raised-Bed Mix,yd,15,false,1510.00,100.67,937.50,180.00,1117.50,348.41,23.07,false,1 load: 15yd on end dump,true,1576.80,-66.80,-4.24,below,true,937.43,572.57,61.08,above
DFW,DFW North (Collin & Denton),Soil,Garden / Raised-Bed Mix,yd,20,false,1935.00,96.75,1250.00,180.00,1430.00,448.58,23.18,false,1 load: 20yd on end dump,true,2102.40,-167.40,-7.96,below,true,1249.90,685.10,54.81,above
DFW,DFW North (Collin & Denton),Soil,Garden / Raised-Bed Mix,yd,25,false,2455.00,98.20,1562.50,255.00,1817.50,566.00,23.06,false,2 loads: 20yd on end dump + 5yd on small dump,true,2628.00,-173.00,-6.58,below,true,1562.38,892.63,57.13,above
DFW,DFW North (Collin & Denton),Soil,Garden / Raised-Bed Mix,yd,30,false,2910.00,97.00,1875.00,277.50,2152.50,672.81,23.12,false,2 loads: 20yd on end dump + 10yd on tandem dump,true,3153.60,-243.60,-7.72,below,true,1874.85,1035.15,55.21,above
DFW,"DFW Outer (Rockwall, Kaufman, Ellis & Johnson)",Soil,Garden / Raised-Bed Mix,yd,3,false,585.00,195.00,187.50,130.00,317.50,250.24,42.78,true,1 load: 3yd on small dump,true,315.36,269.64,85.50,above,true,187.49,397.51,212.02,above
DFW,"DFW Outer (Rockwall, Kaufman, Ellis & Johnson)",Soil,Garden / Raised-Bed Mix,yd,4,false,650.00,162.50,250.00,130.00,380.00,250.85,38.59,true,1 load: 4yd on small dump,true,420.48,229.52,54.59,above,true,249.98,400.02,160.02,above
DFW,"DFW Outer (Rockwall, Kaufman, Ellis & Johnson)",Soil,Garden / Raised-Bed Mix,yd,5,false,715.00,143.00,312.50,130.00,442.50,251.47,35.17,true,1 load: 5yd on small dump,true,525.60,189.40,36.04,above,true,312.48,402.52,128.82,above
DFW,"DFW Outer (Rockwall, Kaufman, Ellis & Johnson)",Soil,Garden / Raised-Bed Mix,yd,6,false,780.00,130.00,375.00,130.00,505.00,252.08,32.32,true,1 load: 6yd on small dump,true,630.72,149.28,23.67,above,true,374.97,405.03,108.02,above
DFW,"DFW Outer (Rockwall, Kaufman, Ellis & Johnson)",Soil,Garden / Raised-Bed Mix,yd,8,false,950.00,118.75,500.00,169.00,669.00,253.15,26.65,true,1 load: 8yd on tandem dump,true,840.96,109.04,12.97,above,true,499.96,450.04,90.02,above
DFW,"DFW Outer (Rockwall, Kaufman, Ellis & Johnson)",Soil,Garden / Raised-Bed Mix,yd,10,false,1080.00,108.00,625.00,169.00,794.00,254.38,23.55,true,1 load: 10yd on tandem dump,true,1051.20,28.80,2.74,above,true,624.95,455.05,72.81,above
DFW,"DFW Outer (Rockwall, Kaufman, Ellis & Johnson)",Soil,Garden / Raised-Bed Mix,yd,12,false,1245.00,103.75,750.00,169.00,919.00,289.60,23.26,false,1 load: 12yd on tandem dump,true,1261.44,-16.44,-1.30,below,true,749.94,495.06,66.01,above
DFW,"DFW Outer (Rockwall, Kaufman, Ellis & Johnson)",Soil,Garden / Raised-Bed Mix,yd,15,false,1585.00,105.67,937.50,234.00,1171.50,367.24,23.17,false,1 load: 15yd on end dump,true,1576.80,8.20,0.52,above,true,937.43,647.57,69.08,above
DFW,"DFW Outer (Rockwall, Kaufman, Ellis & Johnson)",Soil,Garden / Raised-Bed Mix,yd,20,false,2005.00,100.25,1250.00,234.00,1484.00,462.56,23.07,false,1 load: 20yd on end dump,true,2102.40,-97.40,-4.63,below,true,1249.90,755.10,60.41,above
DFW,"DFW Outer (Rockwall, Kaufman, Ellis & Johnson)",Soil,Garden / Raised-Bed Mix,yd,25,false,2560.00,102.40,1562.50,331.50,1894.00,591.46,23.10,false,2 loads: 20yd on end dump + 5yd on small dump,true,2628.00,-68.00,-2.59,below,true,1562.38,997.63,63.85,above
DFW,"DFW Outer (Rockwall, Kaufman, Ellis & Johnson)",Soil,Garden / Raised-Bed Mix,yd,30,false,3020.00,100.67,1875.00,360.75,2235.75,696.37,23.06,false,2 loads: 20yd on end dump + 10yd on tandem dump,true,3153.60,-133.60,-4.24,below,true,1874.85,1145.15,61.08,above
DFW,DFW Core (Dallas & Tarrant),Soil,Compost,yd,3,false,510.00,170.00,157.50,85.00,242.50,252.41,49.49,true,1 load: 3yd on small dump,true,220.19,289.81,131.62,above,true,157.50,352.50,223.81,above
DFW,DFW Core (Dallas & Tarrant),Soil,Compost,yd,4,false,565.00,141.25,210.00,85.00,295.00,253.31,44.83,true,1 load: 4yd on small dump,true,293.58,271.42,92.45,above,true,210.00,355.00,169.05,above
DFW,DFW Core (Dallas & Tarrant),Soil,Compost,yd,5,false,620.00,124.00,262.50,85.00,347.50,254.22,41.00,true,1 load: 5yd on small dump,true,366.98,253.02,68.95,above,true,262.50,357.50,136.19,above
DFW,DFW Core (Dallas & Tarrant),Soil,Compost,yd,6,false,670.00,111.67,315.00,85.00,400.00,250.27,37.35,true,1 load: 6yd on small dump,true,440.37,229.63,52.14,above,true,315.00,355.00,112.70,above
DFW,DFW Core (Dallas & Tarrant),Soil,Compost,yd,8,false,805.00,100.63,420.00,110.50,530.50,250.85,31.16,true,1 load: 8yd on tandem dump,true,587.16,217.84,37.10,above,true,420.00,385.00,91.67,above
DFW,DFW Core (Dallas & Tarrant),Soil,Compost,yd,10,false,915.00,91.50,525.00,110.50,635.50,252.66,27.61,true,1 load: 10yd on tandem dump,true,733.95,181.05,24.67,above,true,525.00,390.00,74.29,above
DFW,DFW Core (Dallas & Tarrant),Soil,Compost,yd,12,false,1025.00,85.42,630.00,110.50,740.50,254.47,24.83,true,1 load: 12yd on tandem dump,true,880.74,144.26,16.38,above,true,630.00,395.00,62.70,above
DFW,DFW Core (Dallas & Tarrant),Soil,Compost,yd,15,false,1230.00,82.00,787.50,153.00,940.50,253.53,20.61,true,1 load: 15yd on end dump,true,1100.93,129.07,11.72,above,true,787.50,442.50,56.19,above
DFW,DFW Core (Dallas & Tarrant),Soil,Compost,yd,20,false,1505.00,75.25,1050.00,153.00,1203.00,258.06,17.15,false,1 load: 20yd on end dump,true,1467.90,37.10,2.53,above,true,1050.00,455.00,43.33,above
DFW,DFW Core (Dallas & Tarrant),Soil,Compost,yd,25,false,1915.00,76.60,1312.50,216.75,1529.25,329.92,17.23,false,2 loads: 20yd on end dump + 5yd on small dump,true,1834.88,80.12,4.37,above,true,1312.50,602.50,45.90,above
DFW,DFW Core (Dallas & Tarrant),Soil,Compost,yd,30,false,2265.00,75.50,1575.00,235.88,1810.88,388.14,17.14,false,2 loads: 20yd on end dump + 10yd on tandem dump,true,2201.85,63.15,2.87,above,true,1575.00,690.00,43.81,above
DFW,DFW North (Collin & Denton),Soil,Compost,yd,3,false,525.00,175.00,157.50,100.00,257.50,251.97,48.00,true,1 load: 3yd on small dump,true,220.19,304.81,138.44,above,true,157.50,367.50,233.33,above
DFW,DFW North (Collin & Denton),Soil,Compost,yd,4,false,580.00,145.00,210.00,100.00,310.00,252.88,43.60,true,1 load: 4yd on small dump,true,293.58,286.42,97.56,above,true,210.00,370.00,176.19,above
DFW,DFW North (Collin & Denton),Soil,Compost,yd,5,false,635.00,127.00,262.50,100.00,362.50,253.78,39.97,true,1 load: 5yd on small dump,true,366.98,268.02,73.04,above,true,262.50,372.50,141.90,above
DFW,DFW North (Collin & Denton),Soil,Compost,yd,6,false,690.00,115.00,315.00,100.00,415.00,254.69,36.91,true,1 load: 6yd on small dump,true,440.37,249.63,56.69,above,true,315.00,375.00,119.05,above
DFW,DFW North (Collin & Denton),Soil,Compost,yd,8,false,825.00,103.13,420.00,130.00,550.00,250.78,30.40,true,1 load: 8yd on tandem dump,true,587.16,237.84,40.51,above,true,420.00,405.00,96.43,above
DFW,DFW North (Collin & Denton),Soil,Compost,yd,10,false,935.00,93.50,525.00,130.00,655.00,252.59,27.01,true,1 load: 10yd on tandem dump,true,733.95,201.05,27.39,above,true,525.00,410.00,78.10,above
DFW,DFW North (Collin & Denton),Soil,Compost,yd,12,false,1045.00,87.08,630.00,130.00,760.00,254.39,24.34,true,1 load: 12yd on tandem dump,true,880.74,164.26,18.65,above,true,630.00,415.00,65.87,above
DFW,DFW North (Collin & Denton),Soil,Compost,yd,15,false,1255.00,83.67,787.50,180.00,967.50,250.81,19.98,true,1 load: 15yd on end dump,true,1100.93,154.07,14.00,above,true,787.50,467.50,59.37,above
DFW,DFW North (Collin & Denton),Soil,Compost,yd,20,false,1540.00,77.00,1050.00,180.00,1230.00,265.04,17.21,false,1 load: 20yd on end dump,true,1467.90,72.10,4.91,above,true,1050.00,490.00,46.67,above
DFW,DFW North (Collin & Denton),Soil,Compost,yd,25,false,1960.00,78.40,1312.50,255.00,1567.50,335.36,17.11,false,2 loads: 20yd on end dump + 5yd on small dump,true,1834.88,125.12,6.82,above,true,1312.50,647.50,49.33,above
DFW,DFW North (Collin & Denton),Soil,Compost,yd,30,false,2320.00,77.33,1575.00,277.50,1852.50,399.92,17.24,false,2 loads: 20yd on end dump + 10yd on tandem dump,true,2201.85,118.15,5.37,above,true,1575.00,745.00,47.30,above
DFW,"DFW Outer (Rockwall, Kaufman, Ellis & Johnson)",Soil,Compost,yd,3,false,555.00,185.00,157.50,130.00,287.50,251.10,45.24,true,1 load: 3yd on small dump,true,220.19,334.81,152.06,above,true,157.50,397.50,252.38,above
DFW,"DFW Outer (Rockwall, Kaufman, Ellis & Johnson)",Soil,Compost,yd,4,false,610.00,152.50,210.00,130.00,340.00,252.01,41.31,true,1 load: 4yd on small dump,true,293.58,316.42,107.78,above,true,210.00,400.00,190.48,above
DFW,"DFW Outer (Rockwall, Kaufman, Ellis & Johnson)",Soil,Compost,yd,5,false,665.00,133.00,262.50,130.00,392.50,252.91,38.03,true,1 load: 5yd on small dump,true,366.98,298.02,81.21,above,true,262.50,402.50,153.33,above
DFW,"DFW Outer (Rockwall, Kaufman, Ellis & Johnson)",Soil,Compost,yd,6,false,720.00,120.00,315.00,130.00,445.00,253.82,35.25,true,1 load: 6yd on small dump,true,440.37,279.63,63.50,above,true,315.00,405.00,128.57,above
DFW,"DFW Outer (Rockwall, Kaufman, Ellis & Johnson)",Soil,Compost,yd,8,false,865.00,108.13,420.00,169.00,589.00,250.62,28.97,true,1 load: 8yd on tandem dump,true,587.16,277.84,47.32,above,true,420.00,445.00,105.95,above
DFW,"DFW Outer (Rockwall, Kaufman, Ellis & Johnson)",Soil,Compost,yd,10,false,975.00,97.50,525.00,169.00,694.00,252.43,25.89,true,1 load: 10yd on tandem dump,true,733.95,241.05,32.84,above,true,525.00,450.00,85.71,above
DFW,"DFW Outer (Rockwall, Kaufman, Ellis & Johnson)",Soil,Compost,yd,12,false,1085.00,90.42,630.00,169.00,799.00,254.24,23.43,true,1 load: 12yd on tandem dump,true,880.74,204.26,23.19,above,true,630.00,455.00,72.22,above
DFW,"DFW Outer (Rockwall, Kaufman, Ellis & Johnson)",Soil,Compost,yd,15,false,1310.00,87.33,787.50,234.00,1021.50,250.21,19.10,true,1 load: 15yd on end dump,true,1100.93,209.07,18.99,above,true,787.50,522.50,66.35,above
DFW,"DFW Outer (Rockwall, Kaufman, Ellis & Johnson)",Soil,Compost,yd,20,false,1605.00,80.25,1050.00,234.00,1284.00,274.15,17.08,false,1 load: 20yd on end dump,true,1467.90,137.10,9.34,above,true,1050.00,555.00,52.86,above
DFW,"DFW Outer (Rockwall, Kaufman, Ellis & Johnson)",Soil,Compost,yd,25,false,2055.00,82.20,1312.50,331.50,1644.00,351.11,17.09,false,2 loads: 20yd on end dump + 5yd on small dump,true,1834.88,220.12,12.00,above,true,1312.50,742.50,56.57,above
DFW,"DFW Outer (Rockwall, Kaufman, Ellis & Johnson)",Soil,Compost,yd,30,false,2420.00,80.67,1575.00,360.75,1935.75,413.77,17.10,false,2 loads: 20yd on end dump + 10yd on tandem dump,true,2201.85,218.15,9.91,above,true,1575.00,845.00,53.65,above
DFW,DFW Core (Dallas & Tarrant),Soil,Select Fill Dirt,yd,3,false,435.00,145.00,83.91,85.00,168.91,253.18,58.20,true,1 load: 3yd on small dump,true,164.73,270.27,164.07,above,true,83.89,351.11,418.51,above
DFW,DFW Core (Dallas & Tarrant),Soil,Select Fill Dirt,yd,4,false,465.00,116.25,111.88,85.00,196.88,254.34,54.70,true,1 load: 4yd on small dump,true,219.64,245.36,111.71,above,true,111.86,353.14,315.70,above
DFW,DFW Core (Dallas & Tarrant),Soil,Select Fill Dirt,yd,5,false,490.00,98.00,139.85,85.00,224.85,250.64,51.15,true,1 load: 5yd on small dump,true,274.55,215.45,78.47,above,true,139.82,350.18,250.44,above
DFW,DFW Core (Dallas & Tarrant),Soil,Select Fill Dirt,yd,6,false,520.00,86.67,167.82,85.00,252.82,251.80,48.42,true,1 load: 6yd on small dump,true,329.46,190.54,57.83,above,true,167.79,352.21,209.91,above
DFW,DFW Core (Dallas & Tarrant),Soil,Select Fill Dirt,yd,8,false,605.00,75.63,223.76,110.50,334.26,252.90,41.80,true,1 load: 8yd on tandem dump,true,439.28,165.72,37.73,above,true,223.72,381.28,170.43,above
DFW,DFW Core (Dallas & Tarrant),Soil,Select Fill Dirt,yd,10,false,660.00,66.00,279.70,110.50,390.20,250.36,37.93,true,1 load: 10yd on tandem dump,true,549.10,110.90,20.20,above,true,279.65,380.35,136.01,above
DFW,DFW Core (Dallas & Tarrant),Soil,Select Fill Dirt,yd,12,false,720.00,60.00,335.64,110.50,446.14,252.68,35.09,true,1 load: 12yd on tandem dump,true,658.92,61.08,9.27,above,true,335.58,384.42,114.55,above
DFW,DFW Core (Dallas & Tarrant),Soil,Select Fill Dirt,yd,15,false,850.00,56.67,419.55,153.00,572.55,252.50,29.71,true,1 load: 15yd on end dump,true,823.65,26.35,3.20,above,true,419.48,430.52,102.63,above
DFW,DFW Core (Dallas & Tarrant),Soil,Select Fill Dirt,yd,20,false,995.00,49.75,559.40,153.00,712.40,253.45,25.47,true,1 load: 20yd on end dump,true,1098.20,-103.20,-9.40,below,true,559.30,435.70,77.90,above
DFW,DFW Core (Dallas & Tarrant),Soil,Select Fill Dirt,yd,25,false,1240.00,49.60,699.25,216.75,916.00,287.74,23.20,false,2 loads: 20yd on end dump + 5yd on small dump,true,1372.75,-132.75,-9.67,below,true,699.13,540.88,77.36,above
DFW,DFW Core (Dallas & Tarrant),Soil,Select Fill Dirt,yd,30,false,1455.00,48.50,839.10,235.88,1074.97,337.53,23.20,false,2 loads: 20yd on end dump + 10yd on tandem dump,true,1647.30,-192.30,-11.67,below,true,838.95,616.05,73.43,above
DFW,DFW North (Collin & Denton),Soil,Select Fill Dirt,yd,3,false,450.00,150.00,83.91,100.00,183.91,252.74,56.16,true,1 load: 3yd on small dump,true,164.73,285.27,173.17,above,true,83.89,366.11,436.38,above
DFW,DFW North (Collin & Denton),Soil,Select Fill Dirt,yd,4,false,480.00,120.00,111.88,100.00,211.88,253.90,52.90,true,1 load: 4yd on small dump,true,219.64,260.36,118.54,above,true,111.86,368.14,329.11,above
DFW,DFW North (Collin & Denton),Soil,Select Fill Dirt,yd,5,false,505.00,101.00,139.85,100.00,239.85,250.20,49.55,true,1 load: 5yd on small dump,true,274.55,230.45,83.94,above,true,139.82,365.18,261.17,above
DFW,DFW North (Collin & Denton),Soil,Select Fill Dirt,yd,6,false,535.00,89.17,167.82,100.00,267.82,251.37,46.98,true,1 load: 6yd on small dump,true,329.46,205.54,62.39,above,true,167.79,367.21,218.85,above
DFW,DFW North (Collin & Denton),Soil,Select Fill Dirt,yd,8,false,625.00,78.13,223.76,130.00,353.76,252.81,40.45,true,1 load: 8yd on tandem dump,true,439.28,185.72,42.28,above,true,223.72,401.28,179.37,above
DFW,DFW North (Collin & Denton),Soil,Select Fill Dirt,yd,10,false,680.00,68.00,279.70,130.00,409.70,250.28,36.81,true,1 load: 10yd on tandem dump,true,549.10,130.90,23.84,above,true,279.65,400.35,143.16,above
DFW,DFW North (Collin & Denton),Soil,Select Fill Dirt,yd,12,false,740.00,61.67,335.64,130.00,465.64,252.60,34.14,true,1 load: 12yd on tandem dump,true,658.92,81.08,12.30,above,true,335.58,404.42,120.51,above
DFW,DFW North (Collin & Denton),Soil,Select Fill Dirt,yd,15,false,880.00,58.67,419.55,180.00,599.55,254.63,28.94,true,1 load: 15yd on end dump,true,823.65,56.35,6.84,above,true,419.48,460.52,109.79,above
DFW,DFW North (Collin & Denton),Soil,Select Fill Dirt,yd,20,false,1020.00,51.00,559.40,180.00,739.40,250.72,24.58,true,1 load: 20yd on end dump,true,1098.20,-78.20,-7.12,below,true,559.30,460.70,82.37,above
DFW,DFW North (Collin & Denton),Soil,Select Fill Dirt,yd,25,false,1290.00,51.60,699.25,255.00,954.25,298.04,23.10,false,2 loads: 20yd on end dump + 5yd on small dump,true,1372.75,-82.75,-6.03,below,true,699.13,590.88,84.52,above
DFW,DFW North (Collin & Denton),Soil,Select Fill Dirt,yd,30,false,1510.00,50.33,839.10,277.50,1116.60,349.31,23.13,false,2 loads: 20yd on end dump + 10yd on tandem dump,true,1647.30,-137.30,-8.33,below,true,838.95,671.05,79.99,above
DFW,"DFW Outer (Rockwall, Kaufman, Ellis & Johnson)",Soil,Select Fill Dirt,yd,3,false,480.00,160.00,83.91,130.00,213.91,251.87,52.47,true,1 load: 3yd on small dump,true,164.73,315.27,191.39,above,true,83.89,396.11,472.14,above
DFW,"DFW Outer (Rockwall, Kaufman, Ellis & Johnson)",Soil,Select Fill Dirt,yd,4,false,510.00,127.50,111.88,130.00,241.88,253.03,49.61,true,1 load: 4yd on small dump,true,219.64,290.36,132.20,above,true,111.86,398.14,355.93,above
DFW,"DFW Outer (Rockwall, Kaufman, Ellis & Johnson)",Soil,Select Fill Dirt,yd,5,false,540.00,108.00,139.85,130.00,269.85,254.19,47.07,true,1 load: 5yd on small dump,true,274.55,265.45,96.69,above,true,139.82,400.18,286.20,above
DFW,"DFW Outer (Rockwall, Kaufman, Ellis & Johnson)",Soil,Select Fill Dirt,yd,6,false,565.00,94.17,167.82,130.00,297.82,250.50,44.34,true,1 load: 6yd on small dump,true,329.46,235.54,71.49,above,true,167.79,397.21,236.73,above
DFW,"DFW Outer (Rockwall, Kaufman, Ellis & Johnson)",Soil,Select Fill Dirt,yd,8,false,665.00,83.13,223.76,169.00,392.76,252.66,37.99,true,1 load: 8yd on tandem dump,true,439.28,225.72,51.38,above,true,223.72,441.28,197.25,above
DFW,"DFW Outer (Rockwall, Kaufman, Ellis & Johnson)",Soil,Select Fill Dirt,yd,10,false,720.00,72.00,279.70,169.00,448.70,250.12,34.74,true,1 load: 10yd on tandem dump,true,549.10,170.90,31.12,above,true,279.65,440.35,157.46,above
DFW,"DFW Outer (Rockwall, Kaufman, Ellis & Johnson)",Soil,Select Fill Dirt,yd,12,false,780.00,65.00,335.64,169.00,504.64,252.44,32.36,true,1 load: 12yd on tandem dump,true,658.92,121.08,18.38,above,true,335.58,444.42,132.43,above
DFW,"DFW Outer (Rockwall, Kaufman, Ellis & Johnson)",Soil,Select Fill Dirt,yd,15,false,935.00,62.33,419.55,234.00,653.55,254.04,27.17,true,1 load: 15yd on end dump,true,823.65,111.35,13.52,above,true,419.48,515.52,122.90,above
DFW,"DFW Outer (Rockwall, Kaufman, Ellis & Johnson)",Soil,Select Fill Dirt,yd,20,false,1075.00,53.75,559.40,234.00,793.40,250.13,23.27,true,1 load: 20yd on end dump,true,1098.20,-23.20,-2.11,below,true,559.30,515.70,92.20,above
DFW,"DFW Outer (Rockwall, Kaufman, Ellis & Johnson)",Soil,Select Fill Dirt,yd,25,false,1395.00,55.80,699.25,331.50,1030.75,323.50,23.19,false,2 loads: 20yd on end dump + 5yd on small dump,true,1372.75,22.25,1.62,above,true,699.13,695.88,99.54,above
DFW,"DFW Outer (Rockwall, Kaufman, Ellis & Johnson)",Soil,Select Fill Dirt,yd,30,false,1620.00,54.00,839.10,360.75,1199.85,372.87,23.02,false,2 loads: 20yd on end dump + 10yd on tandem dump,true,1647.30,-27.30,-1.66,below,true,838.95,781.05,93.10,above
Long Island,Core (Center Moriches area),Gravel,"3/8"" Pea Gravel",yd,3,false,325.00,108.33,225.00,35.00,260.00,55.27,17.01,false,1 load: 3yd on small dump,false,,,,no broker data (LI market not scraped),false,,,,n/a — priced directly from partner yard
Long Island,Core (Center Moriches area),Gravel,"3/8"" Pea Gravel",yd,4,false,420.00,105.00,300.00,35.00,335.00,72.52,17.27,false,1 load: 4yd on small dump,false,,,,no broker data (LI market not scraped),false,,,,n/a — priced directly from partner yard
Long Island,Core (Center Moriches area),Gravel,"3/8"" Pea Gravel",yd,5,false,515.00,103.00,375.00,35.00,410.00,89.77,17.43,false,1 load: 5yd on small dump,false,,,,no broker data (LI market not scraped),false,,,,n/a — priced directly from partner yard
Long Island,Core (Center Moriches area),Gravel,"3/8"" Pea Gravel",yd,6,false,625.00,104.17,450.00,49.00,499.00,107.58,17.21,false,1 load: 6yd on medium dump,false,,,,no broker data (LI market not scraped),false,,,,n/a — priced directly from partner yard
Long Island,Core (Center Moriches area),Gravel,"3/8"" Pea Gravel",yd,8,false,815.00,101.88,600.00,49.00,649.00,142.06,17.43,false,1 load: 8yd on medium dump,false,,,,no broker data (LI market not scraped),false,,,,n/a — priced directly from partner yard
Long Island,Core (Center Moriches area),Gravel,"3/8"" Pea Gravel",yd,10,false,1000.00,100.00,750.00,49.00,799.00,171.70,17.17,false,1 load: 10yd on medium dump,false,,,,no broker data (LI market not scraped),false,,,,n/a — priced directly from partner yard
Long Island,Core (Center Moriches area),Gravel,"3/8"" Pea Gravel",yd,12,false,1215.00,101.25,900.00,70.00,970.00,209.47,17.24,false,1 load: 12yd on tri-axle,false,,,,no broker data (LI market not scraped),false,,,,n/a — priced directly from partner yard
Long Island,Core (Center Moriches area),Gravel,"3/8"" Pea Gravel",yd,15,false,1495.00,99.67,1125.00,70.00,1195.00,256.35,17.15,false,1 load: 15yd on tri-axle,false,,,,no broker data (LI market not scraped),false,,,,n/a — priced directly from partner yard
Long Island,Core (Center Moriches area),Gravel,"3/8"" Pea Gravel",yd,20,false,1965.00,98.25,1500.00,70.00,1570.00,337.72,17.19,false,1 load: 20yd on tri-axle,false,,,,no broker data (LI market not scraped),false,,,,n/a — priced directly from partner yard
Long Island,Core (Center Moriches area),Gravel,"3/8"" Pea Gravel",yd,25,false,2465.00,98.60,1875.00,96.25,1971.25,421.97,17.12,false,2 loads: 20yd on tri-axle + 5yd on small dump,false,,,,no broker data (LI market not scraped),false,,,,n/a — priced directly from partner yard
Long Island,Core (Center Moriches area),Gravel,"3/8"" Pea Gravel",yd,30,false,2950.00,98.33,2250.00,106.75,2356.75,507.40,17.20,false,2 loads: 20yd on tri-axle + 10yd on medium dump,false,,,,no broker data (LI market not scraped),false,,,,n/a — priced directly from partner yard
Long Island,West Hamptons,Gravel,"3/8"" Pea Gravel",yd,3,false,375.00,125.00,225.00,75.00,300.00,63.83,17.02,false,1 load: 3yd on small dump,false,,,,no broker data (LI market not scraped),false,,,,n/a — priced directly from partner yard
Long Island,West Hamptons,Gravel,"3/8"" Pea Gravel",yd,4,false,470.00,117.50,300.00,75.00,375.00,81.07,17.25,false,1 load: 4yd on small dump,false,,,,no broker data (LI market not scraped),false,,,,n/a — priced directly from partner yard
Long Island,West Hamptons,Gravel,"3/8"" Pea Gravel",yd,5,false,565.00,113.00,375.00,75.00,450.00,98.31,17.40,false,1 load: 5yd on small dump,false,,,,no broker data (LI market not scraped),false,,,,n/a — priced directly from partner yard
Long Island,West Hamptons,Gravel,"3/8"" Pea Gravel",yd,6,false,695.00,115.83,450.00,105.00,555.00,119.55,17.20,false,1 load: 6yd on medium dump,false,,,,no broker data (LI market not scraped),false,,,,n/a — priced directly from partner yard
Long Island,West Hamptons,Gravel,"3/8"" Pea Gravel",yd,8,false,885.00,110.63,600.00,105.00,705.00,154.03,17.41,false,1 load: 8yd on medium dump,false,,,,no broker data (LI market not scraped),false,,,,n/a — priced directly from partner yard
Long Island,West Hamptons,Gravel,"3/8"" Pea Gravel",yd,10,false,1070.00,107.00,750.00,105.00,855.00,183.67,17.17,false,1 load: 10yd on medium dump,false,,,,no broker data (LI market not scraped),false,,,,n/a — priced directly from partner yard
Long Island,West Hamptons,Gravel,"3/8"" Pea Gravel",yd,12,false,1315.00,109.58,900.00,150.00,1050.00,226.56,17.23,false,1 load: 12yd on tri-axle,false,,,,no broker data (LI market not scraped),false,,,,n/a — priced directly from partner yard
Long Island,West Hamptons,Gravel,"3/8"" Pea Gravel",yd,15,false,1595.00,106.33,1125.00,150.00,1275.00,273.44,17.14,false,1 load: 15yd on tri-axle,false,,,,no broker data (LI market not scraped),false,,,,n/a — priced directly from partner yard
Long Island,West Hamptons,Gravel,"3/8"" Pea Gravel",yd,20,false,2065.00,103.25,1500.00,150.00,1650.00,354.81,17.18,false,1 load: 20yd on tri-axle,false,,,,no broker data (LI market not scraped),false,,,,n/a — priced directly from partner yard
Long Island,West Hamptons,Gravel,"3/8"" Pea Gravel",yd,25,false,2605.00,104.20,1875.00,206.25,2081.25,447.90,17.19,false,2 loads: 20yd on tri-axle + 5yd on small dump,false,,,,no broker data (LI market not scraped),false,,,,n/a — priced directly from partner yard
Long Island,West Hamptons,Gravel,"3/8"" Pea Gravel",yd,30,false,3100.00,103.33,2250.00,228.75,2478.75,531.05,17.13,false,2 loads: 20yd on tri-axle + 10yd on medium dump,false,,,,no broker data (LI market not scraped),false,,,,n/a — priced directly from partner yard
Long Island,Brookhaven,Gravel,"3/8"" Pea Gravel",yd,3,false,375.00,125.00,225.00,75.00,300.00,63.83,17.02,false,1 load: 3yd on small dump,false,,,,no broker data (LI market not scraped),false,,,,n/a — priced directly from partner yard
Long Island,Brookhaven,Gravel,"3/8"" Pea Gravel",yd,4,false,470.00,117.50,300.00,75.00,375.00,81.07,17.25,false,1 load: 4yd on small dump,false,,,,no broker data (LI market not scraped),false,,,,n/a — priced directly from partner yard
Long Island,Brookhaven,Gravel,"3/8"" Pea Gravel",yd,5,false,565.00,113.00,375.00,75.00,450.00,98.31,17.40,false,1 load: 5yd on small dump,false,,,,no broker data (LI market not scraped),false,,,,n/a — priced directly from partner yard
Long Island,Brookhaven,Gravel,"3/8"" Pea Gravel",yd,6,false,695.00,115.83,450.00,105.00,555.00,119.55,17.20,false,1 load: 6yd on medium dump,false,,,,no broker data (LI market not scraped),false,,,,n/a — priced directly from partner yard
Long Island,Brookhaven,Gravel,"3/8"" Pea Gravel",yd,8,false,885.00,110.63,600.00,105.00,705.00,154.03,17.41,false,1 load: 8yd on medium dump,false,,,,no broker data (LI market not scraped),false,,,,n/a — priced directly from partner yard
Long Island,Brookhaven,Gravel,"3/8"" Pea Gravel",yd,10,false,1070.00,107.00,750.00,105.00,855.00,183.67,17.17,false,1 load: 10yd on medium dump,false,,,,no broker data (LI market not scraped),false,,,,n/a — priced directly from partner yard
Long Island,Brookhaven,Gravel,"3/8"" Pea Gravel",yd,12,false,1315.00,109.58,900.00,150.00,1050.00,226.56,17.23,false,1 load: 12yd on tri-axle,false,,,,no broker data (LI market not scraped),false,,,,n/a — priced directly from partner yard
Long Island,Brookhaven,Gravel,"3/8"" Pea Gravel",yd,15,false,1595.00,106.33,1125.00,150.00,1275.00,273.44,17.14,false,1 load: 15yd on tri-axle,false,,,,no broker data (LI market not scraped),false,,,,n/a — priced directly from partner yard
Long Island,Brookhaven,Gravel,"3/8"" Pea Gravel",yd,20,false,2065.00,103.25,1500.00,150.00,1650.00,354.81,17.18,false,1 load: 20yd on tri-axle,false,,,,no broker data (LI market not scraped),false,,,,n/a — priced directly from partner yard
Long Island,Brookhaven,Gravel,"3/8"" Pea Gravel",yd,25,false,2605.00,104.20,1875.00,206.25,2081.25,447.90,17.19,false,2 loads: 20yd on tri-axle + 5yd on small dump,false,,,,no broker data (LI market not scraped),false,,,,n/a — priced directly from partner yard
Long Island,Brookhaven,Gravel,"3/8"" Pea Gravel",yd,30,false,3100.00,103.33,2250.00,228.75,2478.75,531.05,17.13,false,2 loads: 20yd on tri-axle + 10yd on medium dump,false,,,,no broker data (LI market not scraped),false,,,,n/a — priced directly from partner yard
Long Island,East End,Gravel,"3/8"" Pea Gravel",yd,3,false,410.00,136.67,225.00,100.00,325.00,72.81,17.76,false,1 load: 3yd on small dump,false,,,,no broker data (LI market not scraped),false,,,,n/a — priced directly from partner yard
Long Island,East End,Gravel,"3/8"" Pea Gravel",yd,4,false,500.00,125.00,300.00,100.00,400.00,85.20,17.04,false,1 load: 4yd on small dump,false,,,,no broker data (LI market not scraped),false,,,,n/a — priced directly from partner yard
Long Island,East End,Gravel,"3/8"" Pea Gravel",yd,5,false,595.00,119.00,375.00,100.00,475.00,102.44,17.22,false,1 load: 5yd on small dump,false,,,,no broker data (LI market not scraped),false,,,,n/a — priced directly from partner yard
Long Island,East End,Gravel,"3/8"" Pea Gravel",yd,6,false,740.00,123.33,450.00,140.00,590.00,128.24,17.33,false,1 load: 6yd on medium dump,false,,,,no broker data (LI market not scraped),false,,,,n/a — priced directly from partner yard
Long Island,East End,Gravel,"3/8"" Pea Gravel",yd,8,false,925.00,115.63,600.00,140.00,740.00,157.88,17.07,false,1 load: 8yd on medium dump,false,,,,no broker data (LI market not scraped),false,,,,n/a — priced directly from partner yard
Long Island,East End,Gravel,"3/8"" Pea Gravel",yd,10,false,1115.00,111.50,750.00,140.00,890.00,192.37,17.25,false,1 load: 10yd on medium dump,false,,,,no broker data (LI market not scraped),false,,,,n/a — priced directly from partner yard
Long Island,East End,Gravel,"3/8"" Pea Gravel",yd,12,false,1375.00,114.58,900.00,200.00,1100.00,234.82,17.08,false,1 load: 12yd on tri-axle,false,,,,no broker data (LI market not scraped),false,,,,n/a — priced directly from partner yard
Long Island,East End,Gravel,"3/8"" Pea Gravel",yd,15,false,1660.00,110.67,1125.00,200.00,1325.00,286.56,17.26,false,1 load: 15yd on tri-axle,false,,,,no broker data (LI market not scraped),false,,,,n/a — priced directly from partner yard
Long Island,East End,Gravel,"3/8"" Pea Gravel",yd,20,false,2125.00,106.25,1500.00,200.00,1700.00,363.07,17.09,false,1 load: 20yd on tri-axle,false,,,,no broker data (LI market not scraped),false,,,,n/a — priced directly from partner yard
Long Island,East End,Gravel,"3/8"" Pea Gravel",yd,25,false,2690.00,107.60,1875.00,275.00,2150.00,461.69,17.16,false,2 loads: 20yd on tri-axle + 5yd on small dump,false,,,,no broker data (LI market not scraped),false,,,,n/a — priced directly from partner yard
Long Island,East End,Gravel,"3/8"" Pea Gravel",yd,30,false,3195.00,106.50,2250.00,305.00,2555.00,547.04,17.12,false,2 loads: 20yd on tri-axle + 10yd on medium dump,false,,,,no broker data (LI market not scraped),false,,,,n/a — priced directly from partner yard
Long Island,North Shore,Gravel,"3/8"" Pea Gravel",yd,3,true,440.00,146.67,225.00,125.00,350.00,76.94,17.49,false,1 load: 3yd on small dump,false,,,,no broker data (LI market not scraped),false,,,,n/a — priced directly from partner yard
Long Island,North Shore,Gravel,"3/8"" Pea Gravel",yd,4,true,535.00,133.75,300.00,125.00,425.00,94.19,17.60,false,1 load: 4yd on small dump,false,,,,no broker data (LI market not scraped),false,,,,n/a — priced directly from partner yard
Long Island,North Shore,Gravel,"3/8"" Pea Gravel",yd,5,false,625.00,125.00,375.00,125.00,500.00,106.58,17.05,false,1 load: 5yd on small dump,false,,,,no broker data (LI market not scraped),false,,,,n/a — priced directly from partner yard
Long Island,North Shore,Gravel,"3/8"" Pea Gravel",yd,6,false,785.00,130.83,450.00,175.00,625.00,136.94,17.44,false,1 load: 6yd on medium dump,false,,,,no broker data (LI market not scraped),false,,,,n/a — priced directly from partner yard
Long Island,North Shore,Gravel,"3/8"" Pea Gravel",yd,8,false,970.00,121.25,600.00,175.00,775.00,166.57,17.17,false,1 load: 8yd on medium dump,false,,,,no broker data (LI market not scraped),false,,,,n/a — priced directly from partner yard
Long Island,North Shore,Gravel,"3/8"" Pea Gravel",yd,10,false,1160.00,116.00,750.00,175.00,925.00,201.06,17.33,false,1 load: 10yd on medium dump,false,,,,no broker data (LI market not scraped),false,,,,n/a — priced directly from partner yard
Long Island,North Shore,Gravel,"3/8"" Pea Gravel",yd,12,false,1440.00,120.00,900.00,250.00,1150.00,247.94,17.22,false,1 load: 12yd on tri-axle,false,,,,no broker data (LI market not scraped),false,,,,n/a — priced directly from partner yard
Long Island,North Shore,Gravel,"3/8"" Pea Gravel",yd,15,false,1720.00,114.67,1125.00,250.00,1375.00,294.82,17.14,false,1 load: 15yd on tri-axle,false,,,,no broker data (LI market not scraped),false,,,,n/a — priced directly from partner yard
Long Island,North Shore,Gravel,"3/8"" Pea Gravel",yd,20,false,2190.00,109.50,1500.00,250.00,1750.00,376.19,17.18,false,1 load: 20yd on tri-axle,false,,,,no broker data (LI market not scraped),false,,,,n/a — priced directly from partner yard
Long Island,North Shore,Gravel,"3/8"" Pea Gravel",yd,25,false,2775.00,111.00,1875.00,343.75,2218.75,475.48,17.13,false,2 loads: 20yd on tri-axle + 5yd on small dump,false,,,,no broker data (LI market not scraped),false,,,,n/a — priced directly from partner yard
Long Island,North Shore,Gravel,"3/8"" Pea Gravel",yd,30,false,3290.00,109.67,2250.00,381.25,2631.25,563.04,17.11,false,2 loads: 20yd on tri-axle + 10yd on medium dump,false,,,,no broker data (LI market not scraped),false,,,,n/a — priced directly from partner yard
Long Island,Core (Center Moriches area),Gravel,"3/4"" Washed Gravel",yd,3,false,325.00,108.33,225.00,35.00,260.00,55.27,17.01,false,1 load: 3yd on small dump,false,,,,no broker data (LI market not scraped),false,,,,n/a — priced directly from partner yard
Long Island,Core (Center Moriches area),Gravel,"3/4"" Washed Gravel",yd,4,false,420.00,105.00,300.00,35.00,335.00,72.52,17.27,false,1 load: 4yd on small dump,false,,,,no broker data (LI market not scraped),false,,,,n/a — priced directly from partner yard
Long Island,Core (Center Moriches area),Gravel,"3/4"" Washed Gravel",yd,5,false,515.00,103.00,375.00,35.00,410.00,89.77,17.43,false,1 load: 5yd on small dump,false,,,,no broker data (LI market not scraped),false,,,,n/a — priced directly from partner yard
Long Island,Core (Center Moriches area),Gravel,"3/4"" Washed Gravel",yd,6,false,625.00,104.17,450.00,49.00,499.00,107.58,17.21,false,1 load: 6yd on medium dump,false,,,,no broker data (LI market not scraped),false,,,,n/a — priced directly from partner yard
Long Island,Core (Center Moriches area),Gravel,"3/4"" Washed Gravel",yd,8,false,815.00,101.88,600.00,49.00,649.00,142.06,17.43,false,1 load: 8yd on medium dump,false,,,,no broker data (LI market not scraped),false,,,,n/a — priced directly from partner yard
Long Island,Core (Center Moriches area),Gravel,"3/4"" Washed Gravel",yd,10,false,1000.00,100.00,750.00,49.00,799.00,171.70,17.17,false,1 load: 10yd on medium dump,false,,,,no broker data (LI market not scraped),false,,,,n/a — priced directly from partner yard
Long Island,Core (Center Moriches area),Gravel,"3/4"" Washed Gravel",yd,12,false,1215.00,101.25,900.00,70.00,970.00,209.47,17.24,false,1 load: 12yd on tri-axle,false,,,,no broker data (LI market not scraped),false,,,,n/a — priced directly from partner yard
Long Island,Core (Center Moriches area),Gravel,"3/4"" Washed Gravel",yd,15,false,1495.00,99.67,1125.00,70.00,1195.00,256.35,17.15,false,1 load: 15yd on tri-axle,false,,,,no broker data (LI market not scraped),false,,,,n/a — priced directly from partner yard
Long Island,Core (Center Moriches area),Gravel,"3/4"" Washed Gravel",yd,20,false,1965.00,98.25,1500.00,70.00,1570.00,337.72,17.19,false,1 load: 20yd on tri-axle,false,,,,no broker data (LI market not scraped),false,,,,n/a — priced directly from partner yard
Long Island,Core (Center Moriches area),Gravel,"3/4"" Washed Gravel",yd,25,false,2465.00,98.60,1875.00,96.25,1971.25,421.97,17.12,false,2 loads: 20yd on tri-axle + 5yd on small dump,false,,,,no broker data (LI market not scraped),false,,,,n/a — priced directly from partner yard
Long Island,Core (Center Moriches area),Gravel,"3/4"" Washed Gravel",yd,30,false,2950.00,98.33,2250.00,106.75,2356.75,507.40,17.20,false,2 loads: 20yd on tri-axle + 10yd on medium dump,false,,,,no broker data (LI market not scraped),false,,,,n/a — priced directly from partner yard
Long Island,West Hamptons,Gravel,"3/4"" Washed Gravel",yd,3,false,375.00,125.00,225.00,75.00,300.00,63.83,17.02,false,1 load: 3yd on small dump,false,,,,no broker data (LI market not scraped),false,,,,n/a — priced directly from partner yard
Long Island,West Hamptons,Gravel,"3/4"" Washed Gravel",yd,4,false,470.00,117.50,300.00,75.00,375.00,81.07,17.25,false,1 load: 4yd on small dump,false,,,,no broker data (LI market not scraped),false,,,,n/a — priced directly from partner yard
Long Island,West Hamptons,Gravel,"3/4"" Washed Gravel",yd,5,false,565.00,113.00,375.00,75.00,450.00,98.31,17.40,false,1 load: 5yd on small dump,false,,,,no broker data (LI market not scraped),false,,,,n/a — priced directly from partner yard
Long Island,West Hamptons,Gravel,"3/4"" Washed Gravel",yd,6,false,695.00,115.83,450.00,105.00,555.00,119.55,17.20,false,1 load: 6yd on medium dump,false,,,,no broker data (LI market not scraped),false,,,,n/a — priced directly from partner yard
Long Island,West Hamptons,Gravel,"3/4"" Washed Gravel",yd,8,false,885.00,110.63,600.00,105.00,705.00,154.03,17.41,false,1 load: 8yd on medium dump,false,,,,no broker data (LI market not scraped),false,,,,n/a — priced directly from partner yard
Long Island,West Hamptons,Gravel,"3/4"" Washed Gravel",yd,10,false,1070.00,107.00,750.00,105.00,855.00,183.67,17.17,false,1 load: 10yd on medium dump,false,,,,no broker data (LI market not scraped),false,,,,n/a — priced directly from partner yard
Long Island,West Hamptons,Gravel,"3/4"" Washed Gravel",yd,12,false,1315.00,109.58,900.00,150.00,1050.00,226.56,17.23,false,1 load: 12yd on tri-axle,false,,,,no broker data (LI market not scraped),false,,,,n/a — priced directly from partner yard
Long Island,West Hamptons,Gravel,"3/4"" Washed Gravel",yd,15,false,1595.00,106.33,1125.00,150.00,1275.00,273.44,17.14,false,1 load: 15yd on tri-axle,false,,,,no broker data (LI market not scraped),false,,,,n/a — priced directly from partner yard
Long Island,West Hamptons,Gravel,"3/4"" Washed Gravel",yd,20,false,2065.00,103.25,1500.00,150.00,1650.00,354.81,17.18,false,1 load: 20yd on tri-axle,false,,,,no broker data (LI market not scraped),false,,,,n/a — priced directly from partner yard
Long Island,West Hamptons,Gravel,"3/4"" Washed Gravel",yd,25,false,2605.00,104.20,1875.00,206.25,2081.25,447.90,17.19,false,2 loads: 20yd on tri-axle + 5yd on small dump,false,,,,no broker data (LI market not scraped),false,,,,n/a — priced directly from partner yard
Long Island,West Hamptons,Gravel,"3/4"" Washed Gravel",yd,30,false,3100.00,103.33,2250.00,228.75,2478.75,531.05,17.13,false,2 loads: 20yd on tri-axle + 10yd on medium dump,false,,,,no broker data (LI market not scraped),false,,,,n/a — priced directly from partner yard
Long Island,Brookhaven,Gravel,"3/4"" Washed Gravel",yd,3,false,375.00,125.00,225.00,75.00,300.00,63.83,17.02,false,1 load: 3yd on small dump,false,,,,no broker data (LI market not scraped),false,,,,n/a — priced directly from partner yard
Long Island,Brookhaven,Gravel,"3/4"" Washed Gravel",yd,4,false,470.00,117.50,300.00,75.00,375.00,81.07,17.25,false,1 load: 4yd on small dump,false,,,,no broker data (LI market not scraped),false,,,,n/a — priced directly from partner yard
Long Island,Brookhaven,Gravel,"3/4"" Washed Gravel",yd,5,false,565.00,113.00,375.00,75.00,450.00,98.31,17.40,false,1 load: 5yd on small dump,false,,,,no broker data (LI market not scraped),false,,,,n/a — priced directly from partner yard
Long Island,Brookhaven,Gravel,"3/4"" Washed Gravel",yd,6,false,695.00,115.83,450.00,105.00,555.00,119.55,17.20,false,1 load: 6yd on medium dump,false,,,,no broker data (LI market not scraped),false,,,,n/a — priced directly from partner yard
Long Island,Brookhaven,Gravel,"3/4"" Washed Gravel",yd,8,false,885.00,110.63,600.00,105.00,705.00,154.03,17.41,false,1 load: 8yd on medium dump,false,,,,no broker data (LI market not scraped),false,,,,n/a — priced directly from partner yard
Long Island,Brookhaven,Gravel,"3/4"" Washed Gravel",yd,10,false,1070.00,107.00,750.00,105.00,855.00,183.67,17.17,false,1 load: 10yd on medium dump,false,,,,no broker data (LI market not scraped),false,,,,n/a — priced directly from partner yard
Long Island,Brookhaven,Gravel,"3/4"" Washed Gravel",yd,12,false,1315.00,109.58,900.00,150.00,1050.00,226.56,17.23,false,1 load: 12yd on tri-axle,false,,,,no broker data (LI market not scraped),false,,,,n/a — priced directly from partner yard
Long Island,Brookhaven,Gravel,"3/4"" Washed Gravel",yd,15,false,1595.00,106.33,1125.00,150.00,1275.00,273.44,17.14,false,1 load: 15yd on tri-axle,false,,,,no broker data (LI market not scraped),false,,,,n/a — priced directly from partner yard
Long Island,Brookhaven,Gravel,"3/4"" Washed Gravel",yd,20,false,2065.00,103.25,1500.00,150.00,1650.00,354.81,17.18,false,1 load: 20yd on tri-axle,false,,,,no broker data (LI market not scraped),false,,,,n/a — priced directly from partner yard
Long Island,Brookhaven,Gravel,"3/4"" Washed Gravel",yd,25,false,2605.00,104.20,1875.00,206.25,2081.25,447.90,17.19,false,2 loads: 20yd on tri-axle + 5yd on small dump,false,,,,no broker data (LI market not scraped),false,,,,n/a — priced directly from partner yard
Long Island,Brookhaven,Gravel,"3/4"" Washed Gravel",yd,30,false,3100.00,103.33,2250.00,228.75,2478.75,531.05,17.13,false,2 loads: 20yd on tri-axle + 10yd on medium dump,false,,,,no broker data (LI market not scraped),false,,,,n/a — priced directly from partner yard
Long Island,East End,Gravel,"3/4"" Washed Gravel",yd,3,false,410.00,136.67,225.00,100.00,325.00,72.81,17.76,false,1 load: 3yd on small dump,false,,,,no broker data (LI market not scraped),false,,,,n/a — priced directly from partner yard
Long Island,East End,Gravel,"3/4"" Washed Gravel",yd,4,false,500.00,125.00,300.00,100.00,400.00,85.20,17.04,false,1 load: 4yd on small dump,false,,,,no broker data (LI market not scraped),false,,,,n/a — priced directly from partner yard
Long Island,East End,Gravel,"3/4"" Washed Gravel",yd,5,false,595.00,119.00,375.00,100.00,475.00,102.44,17.22,false,1 load: 5yd on small dump,false,,,,no broker data (LI market not scraped),false,,,,n/a — priced directly from partner yard
Long Island,East End,Gravel,"3/4"" Washed Gravel",yd,6,false,740.00,123.33,450.00,140.00,590.00,128.24,17.33,false,1 load: 6yd on medium dump,false,,,,no broker data (LI market not scraped),false,,,,n/a — priced directly from partner yard
Long Island,East End,Gravel,"3/4"" Washed Gravel",yd,8,false,925.00,115.63,600.00,140.00,740.00,157.88,17.07,false,1 load: 8yd on medium dump,false,,,,no broker data (LI market not scraped),false,,,,n/a — priced directly from partner yard
Long Island,East End,Gravel,"3/4"" Washed Gravel",yd,10,false,1115.00,111.50,750.00,140.00,890.00,192.37,17.25,false,1 load: 10yd on medium dump,false,,,,no broker data (LI market not scraped),false,,,,n/a — priced directly from partner yard
Long Island,East End,Gravel,"3/4"" Washed Gravel",yd,12,false,1375.00,114.58,900.00,200.00,1100.00,234.82,17.08,false,1 load: 12yd on tri-axle,false,,,,no broker data (LI market not scraped),false,,,,n/a — priced directly from partner yard
Long Island,East End,Gravel,"3/4"" Washed Gravel",yd,15,false,1660.00,110.67,1125.00,200.00,1325.00,286.56,17.26,false,1 load: 15yd on tri-axle,false,,,,no broker data (LI market not scraped),false,,,,n/a — priced directly from partner yard
Long Island,East End,Gravel,"3/4"" Washed Gravel",yd,20,false,2125.00,106.25,1500.00,200.00,1700.00,363.07,17.09,false,1 load: 20yd on tri-axle,false,,,,no broker data (LI market not scraped),false,,,,n/a — priced directly from partner yard
Long Island,East End,Gravel,"3/4"" Washed Gravel",yd,25,false,2690.00,107.60,1875.00,275.00,2150.00,461.69,17.16,false,2 loads: 20yd on tri-axle + 5yd on small dump,false,,,,no broker data (LI market not scraped),false,,,,n/a — priced directly from partner yard
Long Island,East End,Gravel,"3/4"" Washed Gravel",yd,30,false,3195.00,106.50,2250.00,305.00,2555.00,547.04,17.12,false,2 loads: 20yd on tri-axle + 10yd on medium dump,false,,,,no broker data (LI market not scraped),false,,,,n/a — priced directly from partner yard
Long Island,North Shore,Gravel,"3/4"" Washed Gravel",yd,3,true,440.00,146.67,225.00,125.00,350.00,76.94,17.49,false,1 load: 3yd on small dump,false,,,,no broker data (LI market not scraped),false,,,,n/a — priced directly from partner yard
Long Island,North Shore,Gravel,"3/4"" Washed Gravel",yd,4,true,535.00,133.75,300.00,125.00,425.00,94.19,17.60,false,1 load: 4yd on small dump,false,,,,no broker data (LI market not scraped),false,,,,n/a — priced directly from partner yard
Long Island,North Shore,Gravel,"3/4"" Washed Gravel",yd,5,false,625.00,125.00,375.00,125.00,500.00,106.58,17.05,false,1 load: 5yd on small dump,false,,,,no broker data (LI market not scraped),false,,,,n/a — priced directly from partner yard
Long Island,North Shore,Gravel,"3/4"" Washed Gravel",yd,6,false,785.00,130.83,450.00,175.00,625.00,136.94,17.44,false,1 load: 6yd on medium dump,false,,,,no broker data (LI market not scraped),false,,,,n/a — priced directly from partner yard
Long Island,North Shore,Gravel,"3/4"" Washed Gravel",yd,8,false,970.00,121.25,600.00,175.00,775.00,166.57,17.17,false,1 load: 8yd on medium dump,false,,,,no broker data (LI market not scraped),false,,,,n/a — priced directly from partner yard
Long Island,North Shore,Gravel,"3/4"" Washed Gravel",yd,10,false,1160.00,116.00,750.00,175.00,925.00,201.06,17.33,false,1 load: 10yd on medium dump,false,,,,no broker data (LI market not scraped),false,,,,n/a — priced directly from partner yard
Long Island,North Shore,Gravel,"3/4"" Washed Gravel",yd,12,false,1440.00,120.00,900.00,250.00,1150.00,247.94,17.22,false,1 load: 12yd on tri-axle,false,,,,no broker data (LI market not scraped),false,,,,n/a — priced directly from partner yard
Long Island,North Shore,Gravel,"3/4"" Washed Gravel",yd,15,false,1720.00,114.67,1125.00,250.00,1375.00,294.82,17.14,false,1 load: 15yd on tri-axle,false,,,,no broker data (LI market not scraped),false,,,,n/a — priced directly from partner yard
Long Island,North Shore,Gravel,"3/4"" Washed Gravel",yd,20,false,2190.00,109.50,1500.00,250.00,1750.00,376.19,17.18,false,1 load: 20yd on tri-axle,false,,,,no broker data (LI market not scraped),false,,,,n/a — priced directly from partner yard
Long Island,North Shore,Gravel,"3/4"" Washed Gravel",yd,25,false,2775.00,111.00,1875.00,343.75,2218.75,475.48,17.13,false,2 loads: 20yd on tri-axle + 5yd on small dump,false,,,,no broker data (LI market not scraped),false,,,,n/a — priced directly from partner yard
Long Island,North Shore,Gravel,"3/4"" Washed Gravel",yd,30,false,3290.00,109.67,2250.00,381.25,2631.25,563.04,17.11,false,2 loads: 20yd on tri-axle + 10yd on medium dump,false,,,,no broker data (LI market not scraped),false,,,,n/a — priced directly from partner yard
Long Island,Core (Center Moriches area),Gravel,"3/4"" Bluestone",yd,3,false,375.00,125.00,264.00,35.00,299.00,64.83,17.29,false,1 load: 3yd on small dump,false,,,,no broker data (LI market not scraped),false,,,,n/a — priced directly from partner yard
Long Island,Core (Center Moriches area),Gravel,"3/4"" Bluestone",yd,4,false,485.00,121.25,352.00,35.00,387.00,83.63,17.24,false,1 load: 4yd on small dump,false,,,,no broker data (LI market not scraped),false,,,,n/a — priced directly from partner yard
Long Island,Core (Center Moriches area),Gravel,"3/4"" Bluestone",yd,5,false,595.00,119.00,440.00,35.00,475.00,102.44,17.22,false,1 load: 5yd on small dump,false,,,,no broker data (LI market not scraped),false,,,,n/a — priced directly from partner yard
Long Island,Core (Center Moriches area),Gravel,"3/4"" Bluestone",yd,6,false,725.00,120.83,528.00,49.00,577.00,126.67,17.47,false,1 load: 6yd on medium dump,false,,,,no broker data (LI market not scraped),false,,,,n/a — priced directly from partner yard
Long Island,Core (Center Moriches area),Gravel,"3/4"" Bluestone",yd,8,false,945.00,118.13,704.00,49.00,753.00,164.29,17.39,false,1 load: 8yd on medium dump,false,,,,no broker data (LI market not scraped),false,,,,n/a — priced directly from partner yard
Long Island,Core (Center Moriches area),Gravel,"3/4"" Bluestone",yd,10,false,1165.00,116.50,880.00,49.00,929.00,201.91,17.33,false,1 load: 10yd on medium dump,false,,,,no broker data (LI market not scraped),false,,,,n/a — priced directly from partner yard
Long Island,Core (Center Moriches area),Gravel,"3/4"" Bluestone",yd,12,false,1410.00,117.50,1056.00,70.00,1126.00,242.81,17.22,false,1 load: 12yd on tri-axle,false,,,,no broker data (LI market not scraped),false,,,,n/a — priced directly from partner yard
Long Island,Core (Center Moriches area),Gravel,"3/4"" Bluestone",yd,15,false,1740.00,116.00,1320.00,70.00,1390.00,299.24,17.20,false,1 load: 15yd on tri-axle,false,,,,no broker data (LI market not scraped),false,,,,n/a — priced directly from partner yard
Long Island,Core (Center Moriches area),Gravel,"3/4"" Bluestone",yd,20,false,2290.00,114.50,1760.00,70.00,1830.00,393.29,17.17,false,1 load: 20yd on tri-axle,false,,,,no broker data (LI market not scraped),false,,,,n/a — priced directly from partner yard
Long Island,Core (Center Moriches area),Gravel,"3/4"" Bluestone",yd,25,false,2875.00,115.00,2200.00,96.25,2296.25,495.07,17.22,false,2 loads: 20yd on tri-axle + 5yd on small dump,false,,,,no broker data (LI market not scraped),false,,,,n/a — priced directly from partner yard
Long Island,Core (Center Moriches area),Gravel,"3/4"" Bluestone",yd,30,false,3435.00,114.50,2640.00,106.75,2746.75,588.34,17.13,false,2 loads: 20yd on tri-axle + 10yd on medium dump,false,,,,no broker data (LI market not scraped),false,,,,n/a — priced directly from partner yard
Long Island,West Hamptons,Gravel,"3/4"" Bluestone",yd,3,false,425.00,141.67,264.00,75.00,339.00,73.38,17.26,false,1 load: 3yd on small dump,false,,,,no broker data (LI market not scraped),false,,,,n/a — priced directly from partner yard
Long Island,West Hamptons,Gravel,"3/4"" Bluestone",yd,4,false,535.00,133.75,352.00,75.00,427.00,92.19,17.23,false,1 load: 4yd on small dump,false,,,,no broker data (LI market not scraped),false,,,,n/a — priced directly from partner yard
Long Island,West Hamptons,Gravel,"3/4"" Bluestone",yd,5,false,645.00,129.00,440.00,75.00,515.00,111.00,17.21,false,1 load: 5yd on small dump,false,,,,no broker data (LI market not scraped),false,,,,n/a — priced directly from partner yard
Long Island,West Hamptons,Gravel,"3/4"" Bluestone",yd,6,false,795.00,132.50,528.00,105.00,633.00,138.65,17.44,false,1 load: 6yd on medium dump,false,,,,no broker data (LI market not scraped),false,,,,n/a — priced directly from partner yard
Long Island,West Hamptons,Gravel,"3/4"" Bluestone",yd,8,false,1015.00,126.88,704.00,105.00,809.00,176.26,17.37,false,1 load: 8yd on medium dump,false,,,,no broker data (LI market not scraped),false,,,,n/a — priced directly from partner yard
Long Island,West Hamptons,Gravel,"3/4"" Bluestone",yd,10,false,1235.00,123.50,880.00,105.00,985.00,213.88,17.32,false,1 load: 10yd on medium dump,false,,,,no broker data (LI market not scraped),false,,,,n/a — priced directly from partner yard
Long Island,West Hamptons,Gravel,"3/4"" Bluestone",yd,12,false,1510.00,125.83,1056.00,150.00,1206.00,259.91,17.21,false,1 load: 12yd on tri-axle,false,,,,no broker data (LI market not scraped),false,,,,n/a — priced directly from partner yard
Long Island,West Hamptons,Gravel,"3/4"" Bluestone",yd,15,false,1840.00,122.67,1320.00,150.00,1470.00,316.34,17.19,false,1 load: 15yd on tri-axle,false,,,,no broker data (LI market not scraped),false,,,,n/a — priced directly from partner yard
Long Island,West Hamptons,Gravel,"3/4"" Bluestone",yd,20,false,2390.00,119.50,1760.00,150.00,1910.00,410.39,17.17,false,1 load: 20yd on tri-axle,false,,,,no broker data (LI market not scraped),false,,,,n/a — priced directly from partner yard
Long Island,West Hamptons,Gravel,"3/4"" Bluestone",yd,25,false,3010.00,120.40,2200.00,206.25,2406.25,516.16,17.15,false,2 loads: 20yd on tri-axle + 5yd on small dump,false,,,,no broker data (LI market not scraped),false,,,,n/a — priced directly from partner yard
Long Island,West Hamptons,Gravel,"3/4"" Bluestone",yd,30,false,3590.00,119.67,2640.00,228.75,2868.75,616.84,17.18,false,2 loads: 20yd on tri-axle + 10yd on medium dump,false,,,,no broker data (LI market not scraped),false,,,,n/a — priced directly from partner yard
Long Island,Brookhaven,Gravel,"3/4"" Bluestone",yd,3,false,425.00,141.67,264.00,75.00,339.00,73.38,17.26,false,1 load: 3yd on small dump,false,,,,no broker data (LI market not scraped),false,,,,n/a — priced directly from partner yard
Long Island,Brookhaven,Gravel,"3/4"" Bluestone",yd,4,false,535.00,133.75,352.00,75.00,427.00,92.19,17.23,false,1 load: 4yd on small dump,false,,,,no broker data (LI market not scraped),false,,,,n/a — priced directly from partner yard
Long Island,Brookhaven,Gravel,"3/4"" Bluestone",yd,5,false,645.00,129.00,440.00,75.00,515.00,111.00,17.21,false,1 load: 5yd on small dump,false,,,,no broker data (LI market not scraped),false,,,,n/a — priced directly from partner yard
Long Island,Brookhaven,Gravel,"3/4"" Bluestone",yd,6,false,795.00,132.50,528.00,105.00,633.00,138.65,17.44,false,1 load: 6yd on medium dump,false,,,,no broker data (LI market not scraped),false,,,,n/a — priced directly from partner yard
Long Island,Brookhaven,Gravel,"3/4"" Bluestone",yd,8,false,1015.00,126.88,704.00,105.00,809.00,176.26,17.37,false,1 load: 8yd on medium dump,false,,,,no broker data (LI market not scraped),false,,,,n/a — priced directly from partner yard
Long Island,Brookhaven,Gravel,"3/4"" Bluestone",yd,10,false,1235.00,123.50,880.00,105.00,985.00,213.88,17.32,false,1 load: 10yd on medium dump,false,,,,no broker data (LI market not scraped),false,,,,n/a — priced directly from partner yard
Long Island,Brookhaven,Gravel,"3/4"" Bluestone",yd,12,false,1510.00,125.83,1056.00,150.00,1206.00,259.91,17.21,false,1 load: 12yd on tri-axle,false,,,,no broker data (LI market not scraped),false,,,,n/a — priced directly from partner yard
Long Island,Brookhaven,Gravel,"3/4"" Bluestone",yd,15,false,1840.00,122.67,1320.00,150.00,1470.00,316.34,17.19,false,1 load: 15yd on tri-axle,false,,,,no broker data (LI market not scraped),false,,,,n/a — priced directly from partner yard
Long Island,Brookhaven,Gravel,"3/4"" Bluestone",yd,20,false,2390.00,119.50,1760.00,150.00,1910.00,410.39,17.17,false,1 load: 20yd on tri-axle,false,,,,no broker data (LI market not scraped),false,,,,n/a — priced directly from partner yard
Long Island,Brookhaven,Gravel,"3/4"" Bluestone",yd,25,false,3010.00,120.40,2200.00,206.25,2406.25,516.16,17.15,false,2 loads: 20yd on tri-axle + 5yd on small dump,false,,,,no broker data (LI market not scraped),false,,,,n/a — priced directly from partner yard
Long Island,Brookhaven,Gravel,"3/4"" Bluestone",yd,30,false,3590.00,119.67,2640.00,228.75,2868.75,616.84,17.18,false,2 loads: 20yd on tri-axle + 10yd on medium dump,false,,,,no broker data (LI market not scraped),false,,,,n/a — priced directly from partner yard
Long Island,East End,Gravel,"3/4"" Bluestone",yd,3,false,455.00,151.67,264.00,100.00,364.00,77.50,17.03,false,1 load: 3yd on small dump,false,,,,no broker data (LI market not scraped),false,,,,n/a — priced directly from partner yard
Long Island,East End,Gravel,"3/4"" Bluestone",yd,4,false,565.00,141.25,352.00,100.00,452.00,96.31,17.05,false,1 load: 4yd on small dump,false,,,,no broker data (LI market not scraped),false,,,,n/a — priced directly from partner yard
Long Island,East End,Gravel,"3/4"" Bluestone",yd,5,false,675.00,135.00,440.00,100.00,540.00,115.13,17.06,false,1 load: 5yd on small dump,false,,,,no broker data (LI market not scraped),false,,,,n/a — priced directly from partner yard
Long Island,East End,Gravel,"3/4"" Bluestone",yd,6,false,835.00,139.17,528.00,140.00,668.00,142.49,17.06,false,1 load: 6yd on medium dump,false,,,,no broker data (LI market not scraped),false,,,,n/a — priced directly from partner yard
Long Island,East End,Gravel,"3/4"" Bluestone",yd,8,false,1055.00,131.88,704.00,140.00,844.00,180.10,17.07,false,1 load: 8yd on medium dump,false,,,,no broker data (LI market not scraped),false,,,,n/a — priced directly from partner yard
Long Island,East End,Gravel,"3/4"" Bluestone",yd,10,false,1275.00,127.50,880.00,140.00,1020.00,217.72,17.08,false,1 load: 10yd on medium dump,false,,,,no broker data (LI market not scraped),false,,,,n/a — priced directly from partner yard
Long Island,East End,Gravel,"3/4"" Bluestone",yd,12,false,1570.00,130.83,1056.00,200.00,1256.00,268.17,17.08,false,1 load: 12yd on tri-axle,false,,,,no broker data (LI market not scraped),false,,,,n/a — priced directly from partner yard
Long Island,East End,Gravel,"3/4"" Bluestone",yd,15,false,1900.00,126.67,1320.00,200.00,1520.00,324.60,17.08,false,1 load: 15yd on tri-axle,false,,,,no broker data (LI market not scraped),false,,,,n/a — priced directly from partner yard
Long Island,East End,Gravel,"3/4"" Bluestone",yd,20,false,2450.00,122.50,1760.00,200.00,1960.00,418.65,17.09,false,1 load: 20yd on tri-axle,false,,,,no broker data (LI market not scraped),false,,,,n/a — priced directly from partner yard
Long Island,East End,Gravel,"3/4"" Bluestone",yd,25,false,3095.00,123.80,2200.00,275.00,2475.00,529.94,17.12,false,2 loads: 20yd on tri-axle + 5yd on small dump,false,,,,no broker data (LI market not scraped),false,,,,n/a — priced directly from partner yard
Long Island,East End,Gravel,"3/4"" Bluestone",yd,30,false,3685.00,122.83,2640.00,305.00,2945.00,632.84,17.17,false,2 loads: 20yd on tri-axle + 10yd on medium dump,false,,,,no broker data (LI market not scraped),false,,,,n/a — priced directly from partner yard
Long Island,North Shore,Gravel,"3/4"" Bluestone",yd,3,true,490.00,163.33,264.00,125.00,389.00,86.49,17.65,false,1 load: 3yd on small dump,false,,,,no broker data (LI market not scraped),false,,,,n/a — priced directly from partner yard
Long Island,North Shore,Gravel,"3/4"" Bluestone",yd,4,true,600.00,150.00,352.00,125.00,477.00,105.30,17.55,false,1 load: 4yd on small dump,false,,,,no broker data (LI market not scraped),false,,,,n/a — priced directly from partner yard
Long Island,North Shore,Gravel,"3/4"" Bluestone",yd,5,false,710.00,142.00,440.00,125.00,565.00,124.11,17.48,false,1 load: 5yd on small dump,false,,,,no broker data (LI market not scraped),false,,,,n/a — priced directly from partner yard
Long Island,North Shore,Gravel,"3/4"" Bluestone",yd,6,false,880.00,146.67,528.00,175.00,703.00,151.18,17.18,false,1 load: 6yd on medium dump,false,,,,no broker data (LI market not scraped),false,,,,n/a — priced directly from partner yard
Long Island,North Shore,Gravel,"3/4"" Bluestone",yd,8,false,1100.00,137.50,704.00,175.00,879.00,188.80,17.16,false,1 load: 8yd on medium dump,false,,,,no broker data (LI market not scraped),false,,,,n/a — priced directly from partner yard
Long Island,North Shore,Gravel,"3/4"" Bluestone",yd,10,false,1320.00,132.00,880.00,175.00,1055.00,226.42,17.15,false,1 load: 10yd on medium dump,false,,,,no broker data (LI market not scraped),false,,,,n/a — priced directly from partner yard
Long Island,North Shore,Gravel,"3/4"" Bluestone",yd,12,false,1635.00,136.25,1056.00,250.00,1306.00,281.29,17.20,false,1 load: 12yd on tri-axle,false,,,,no broker data (LI market not scraped),false,,,,n/a — priced directly from partner yard
Long Island,North Shore,Gravel,"3/4"" Bluestone",yd,15,false,1965.00,131.00,1320.00,250.00,1570.00,337.72,17.19,false,1 load: 15yd on tri-axle,false,,,,no broker data (LI market not scraped),false,,,,n/a — priced directly from partner yard
Long Island,North Shore,Gravel,"3/4"" Bluestone",yd,20,false,2515.00,125.75,1760.00,250.00,2010.00,431.76,17.17,false,1 load: 20yd on tri-axle,false,,,,no broker data (LI market not scraped),false,,,,n/a — priced directly from partner yard
Long Island,North Shore,Gravel,"3/4"" Bluestone",yd,25,false,3180.00,127.20,2200.00,343.75,2543.75,543.73,17.10,false,2 loads: 20yd on tri-axle + 5yd on small dump,false,,,,no broker data (LI market not scraped),false,,,,n/a — priced directly from partner yard
Long Island,North Shore,Gravel,"3/4"" Bluestone",yd,30,false,3780.00,126.00,2640.00,381.25,3021.25,648.83,17.16,false,2 loads: 20yd on tri-axle + 10yd on medium dump,false,,,,no broker data (LI market not scraped),false,,,,n/a — priced directly from partner yard
Long Island,Core (Center Moriches area),Gravel,"3/8"" Bluestone",yd,3,false,375.00,125.00,264.00,35.00,299.00,64.83,17.29,false,1 load: 3yd on small dump,false,,,,no broker data (LI market not scraped),false,,,,n/a — priced directly from partner yard
Long Island,Core (Center Moriches area),Gravel,"3/8"" Bluestone",yd,4,false,485.00,121.25,352.00,35.00,387.00,83.63,17.24,false,1 load: 4yd on small dump,false,,,,no broker data (LI market not scraped),false,,,,n/a — priced directly from partner yard
Long Island,Core (Center Moriches area),Gravel,"3/8"" Bluestone",yd,5,false,595.00,119.00,440.00,35.00,475.00,102.44,17.22,false,1 load: 5yd on small dump,false,,,,no broker data (LI market not scraped),false,,,,n/a — priced directly from partner yard
Long Island,Core (Center Moriches area),Gravel,"3/8"" Bluestone",yd,6,false,725.00,120.83,528.00,49.00,577.00,126.67,17.47,false,1 load: 6yd on medium dump,false,,,,no broker data (LI market not scraped),false,,,,n/a — priced directly from partner yard
Long Island,Core (Center Moriches area),Gravel,"3/8"" Bluestone",yd,8,false,945.00,118.13,704.00,49.00,753.00,164.29,17.39,false,1 load: 8yd on medium dump,false,,,,no broker data (LI market not scraped),false,,,,n/a — priced directly from partner yard
Long Island,Core (Center Moriches area),Gravel,"3/8"" Bluestone",yd,10,false,1165.00,116.50,880.00,49.00,929.00,201.91,17.33,false,1 load: 10yd on medium dump,false,,,,no broker data (LI market not scraped),false,,,,n/a — priced directly from partner yard
Long Island,Core (Center Moriches area),Gravel,"3/8"" Bluestone",yd,12,false,1410.00,117.50,1056.00,70.00,1126.00,242.81,17.22,false,1 load: 12yd on tri-axle,false,,,,no broker data (LI market not scraped),false,,,,n/a — priced directly from partner yard
Long Island,Core (Center Moriches area),Gravel,"3/8"" Bluestone",yd,15,false,1740.00,116.00,1320.00,70.00,1390.00,299.24,17.20,false,1 load: 15yd on tri-axle,false,,,,no broker data (LI market not scraped),false,,,,n/a — priced directly from partner yard
Long Island,Core (Center Moriches area),Gravel,"3/8"" Bluestone",yd,20,false,2290.00,114.50,1760.00,70.00,1830.00,393.29,17.17,false,1 load: 20yd on tri-axle,false,,,,no broker data (LI market not scraped),false,,,,n/a — priced directly from partner yard
Long Island,Core (Center Moriches area),Gravel,"3/8"" Bluestone",yd,25,false,2875.00,115.00,2200.00,96.25,2296.25,495.07,17.22,false,2 loads: 20yd on tri-axle + 5yd on small dump,false,,,,no broker data (LI market not scraped),false,,,,n/a — priced directly from partner yard
Long Island,Core (Center Moriches area),Gravel,"3/8"" Bluestone",yd,30,false,3435.00,114.50,2640.00,106.75,2746.75,588.34,17.13,false,2 loads: 20yd on tri-axle + 10yd on medium dump,false,,,,no broker data (LI market not scraped),false,,,,n/a — priced directly from partner yard
Long Island,West Hamptons,Gravel,"3/8"" Bluestone",yd,3,false,425.00,141.67,264.00,75.00,339.00,73.38,17.26,false,1 load: 3yd on small dump,false,,,,no broker data (LI market not scraped),false,,,,n/a — priced directly from partner yard
Long Island,West Hamptons,Gravel,"3/8"" Bluestone",yd,4,false,535.00,133.75,352.00,75.00,427.00,92.19,17.23,false,1 load: 4yd on small dump,false,,,,no broker data (LI market not scraped),false,,,,n/a — priced directly from partner yard
Long Island,West Hamptons,Gravel,"3/8"" Bluestone",yd,5,false,645.00,129.00,440.00,75.00,515.00,111.00,17.21,false,1 load: 5yd on small dump,false,,,,no broker data (LI market not scraped),false,,,,n/a — priced directly from partner yard
Long Island,West Hamptons,Gravel,"3/8"" Bluestone",yd,6,false,795.00,132.50,528.00,105.00,633.00,138.65,17.44,false,1 load: 6yd on medium dump,false,,,,no broker data (LI market not scraped),false,,,,n/a — priced directly from partner yard
Long Island,West Hamptons,Gravel,"3/8"" Bluestone",yd,8,false,1015.00,126.88,704.00,105.00,809.00,176.26,17.37,false,1 load: 8yd on medium dump,false,,,,no broker data (LI market not scraped),false,,,,n/a — priced directly from partner yard
Long Island,West Hamptons,Gravel,"3/8"" Bluestone",yd,10,false,1235.00,123.50,880.00,105.00,985.00,213.88,17.32,false,1 load: 10yd on medium dump,false,,,,no broker data (LI market not scraped),false,,,,n/a — priced directly from partner yard
Long Island,West Hamptons,Gravel,"3/8"" Bluestone",yd,12,false,1510.00,125.83,1056.00,150.00,1206.00,259.91,17.21,false,1 load: 12yd on tri-axle,false,,,,no broker data (LI market not scraped),false,,,,n/a — priced directly from partner yard
Long Island,West Hamptons,Gravel,"3/8"" Bluestone",yd,15,false,1840.00,122.67,1320.00,150.00,1470.00,316.34,17.19,false,1 load: 15yd on tri-axle,false,,,,no broker data (LI market not scraped),false,,,,n/a — priced directly from partner yard
Long Island,West Hamptons,Gravel,"3/8"" Bluestone",yd,20,false,2390.00,119.50,1760.00,150.00,1910.00,410.39,17.17,false,1 load: 20yd on tri-axle,false,,,,no broker data (LI market not scraped),false,,,,n/a — priced directly from partner yard
Long Island,West Hamptons,Gravel,"3/8"" Bluestone",yd,25,false,3010.00,120.40,2200.00,206.25,2406.25,516.16,17.15,false,2 loads: 20yd on tri-axle + 5yd on small dump,false,,,,no broker data (LI market not scraped),false,,,,n/a — priced directly from partner yard
Long Island,West Hamptons,Gravel,"3/8"" Bluestone",yd,30,false,3590.00,119.67,2640.00,228.75,2868.75,616.84,17.18,false,2 loads: 20yd on tri-axle + 10yd on medium dump,false,,,,no broker data (LI market not scraped),false,,,,n/a — priced directly from partner yard
Long Island,Brookhaven,Gravel,"3/8"" Bluestone",yd,3,false,425.00,141.67,264.00,75.00,339.00,73.38,17.26,false,1 load: 3yd on small dump,false,,,,no broker data (LI market not scraped),false,,,,n/a — priced directly from partner yard
Long Island,Brookhaven,Gravel,"3/8"" Bluestone",yd,4,false,535.00,133.75,352.00,75.00,427.00,92.19,17.23,false,1 load: 4yd on small dump,false,,,,no broker data (LI market not scraped),false,,,,n/a — priced directly from partner yard
Long Island,Brookhaven,Gravel,"3/8"" Bluestone",yd,5,false,645.00,129.00,440.00,75.00,515.00,111.00,17.21,false,1 load: 5yd on small dump,false,,,,no broker data (LI market not scraped),false,,,,n/a — priced directly from partner yard
Long Island,Brookhaven,Gravel,"3/8"" Bluestone",yd,6,false,795.00,132.50,528.00,105.00,633.00,138.65,17.44,false,1 load: 6yd on medium dump,false,,,,no broker data (LI market not scraped),false,,,,n/a — priced directly from partner yard
Long Island,Brookhaven,Gravel,"3/8"" Bluestone",yd,8,false,1015.00,126.88,704.00,105.00,809.00,176.26,17.37,false,1 load: 8yd on medium dump,false,,,,no broker data (LI market not scraped),false,,,,n/a — priced directly from partner yard
Long Island,Brookhaven,Gravel,"3/8"" Bluestone",yd,10,false,1235.00,123.50,880.00,105.00,985.00,213.88,17.32,false,1 load: 10yd on medium dump,false,,,,no broker data (LI market not scraped),false,,,,n/a — priced directly from partner yard
Long Island,Brookhaven,Gravel,"3/8"" Bluestone",yd,12,false,1510.00,125.83,1056.00,150.00,1206.00,259.91,17.21,false,1 load: 12yd on tri-axle,false,,,,no broker data (LI market not scraped),false,,,,n/a — priced directly from partner yard
Long Island,Brookhaven,Gravel,"3/8"" Bluestone",yd,15,false,1840.00,122.67,1320.00,150.00,1470.00,316.34,17.19,false,1 load: 15yd on tri-axle,false,,,,no broker data (LI market not scraped),false,,,,n/a — priced directly from partner yard
Long Island,Brookhaven,Gravel,"3/8"" Bluestone",yd,20,false,2390.00,119.50,1760.00,150.00,1910.00,410.39,17.17,false,1 load: 20yd on tri-axle,false,,,,no broker data (LI market not scraped),false,,,,n/a — priced directly from partner yard
Long Island,Brookhaven,Gravel,"3/8"" Bluestone",yd,25,false,3010.00,120.40,2200.00,206.25,2406.25,516.16,17.15,false,2 loads: 20yd on tri-axle + 5yd on small dump,false,,,,no broker data (LI market not scraped),false,,,,n/a — priced directly from partner yard
Long Island,Brookhaven,Gravel,"3/8"" Bluestone",yd,30,false,3590.00,119.67,2640.00,228.75,2868.75,616.84,17.18,false,2 loads: 20yd on tri-axle + 10yd on medium dump,false,,,,no broker data (LI market not scraped),false,,,,n/a — priced directly from partner yard
Long Island,East End,Gravel,"3/8"" Bluestone",yd,3,false,455.00,151.67,264.00,100.00,364.00,77.50,17.03,false,1 load: 3yd on small dump,false,,,,no broker data (LI market not scraped),false,,,,n/a — priced directly from partner yard
Long Island,East End,Gravel,"3/8"" Bluestone",yd,4,false,565.00,141.25,352.00,100.00,452.00,96.31,17.05,false,1 load: 4yd on small dump,false,,,,no broker data (LI market not scraped),false,,,,n/a — priced directly from partner yard
Long Island,East End,Gravel,"3/8"" Bluestone",yd,5,false,675.00,135.00,440.00,100.00,540.00,115.13,17.06,false,1 load: 5yd on small dump,false,,,,no broker data (LI market not scraped),false,,,,n/a — priced directly from partner yard
Long Island,East End,Gravel,"3/8"" Bluestone",yd,6,false,835.00,139.17,528.00,140.00,668.00,142.49,17.06,false,1 load: 6yd on medium dump,false,,,,no broker data (LI market not scraped),false,,,,n/a — priced directly from partner yard
Long Island,East End,Gravel,"3/8"" Bluestone",yd,8,false,1055.00,131.88,704.00,140.00,844.00,180.10,17.07,false,1 load: 8yd on medium dump,false,,,,no broker data (LI market not scraped),false,,,,n/a — priced directly from partner yard
Long Island,East End,Gravel,"3/8"" Bluestone",yd,10,false,1275.00,127.50,880.00,140.00,1020.00,217.72,17.08,false,1 load: 10yd on medium dump,false,,,,no broker data (LI market not scraped),false,,,,n/a — priced directly from partner yard
Long Island,East End,Gravel,"3/8"" Bluestone",yd,12,false,1570.00,130.83,1056.00,200.00,1256.00,268.17,17.08,false,1 load: 12yd on tri-axle,false,,,,no broker data (LI market not scraped),false,,,,n/a — priced directly from partner yard
Long Island,East End,Gravel,"3/8"" Bluestone",yd,15,false,1900.00,126.67,1320.00,200.00,1520.00,324.60,17.08,false,1 load: 15yd on tri-axle,false,,,,no broker data (LI market not scraped),false,,,,n/a — priced directly from partner yard
Long Island,East End,Gravel,"3/8"" Bluestone",yd,20,false,2450.00,122.50,1760.00,200.00,1960.00,418.65,17.09,false,1 load: 20yd on tri-axle,false,,,,no broker data (LI market not scraped),false,,,,n/a — priced directly from partner yard
Long Island,East End,Gravel,"3/8"" Bluestone",yd,25,false,3095.00,123.80,2200.00,275.00,2475.00,529.94,17.12,false,2 loads: 20yd on tri-axle + 5yd on small dump,false,,,,no broker data (LI market not scraped),false,,,,n/a — priced directly from partner yard
Long Island,East End,Gravel,"3/8"" Bluestone",yd,30,false,3685.00,122.83,2640.00,305.00,2945.00,632.84,17.17,false,2 loads: 20yd on tri-axle + 10yd on medium dump,false,,,,no broker data (LI market not scraped),false,,,,n/a — priced directly from partner yard
Long Island,North Shore,Gravel,"3/8"" Bluestone",yd,3,true,490.00,163.33,264.00,125.00,389.00,86.49,17.65,false,1 load: 3yd on small dump,false,,,,no broker data (LI market not scraped),false,,,,n/a — priced directly from partner yard
Long Island,North Shore,Gravel,"3/8"" Bluestone",yd,4,true,600.00,150.00,352.00,125.00,477.00,105.30,17.55,false,1 load: 4yd on small dump,false,,,,no broker data (LI market not scraped),false,,,,n/a — priced directly from partner yard
Long Island,North Shore,Gravel,"3/8"" Bluestone",yd,5,false,710.00,142.00,440.00,125.00,565.00,124.11,17.48,false,1 load: 5yd on small dump,false,,,,no broker data (LI market not scraped),false,,,,n/a — priced directly from partner yard
Long Island,North Shore,Gravel,"3/8"" Bluestone",yd,6,false,880.00,146.67,528.00,175.00,703.00,151.18,17.18,false,1 load: 6yd on medium dump,false,,,,no broker data (LI market not scraped),false,,,,n/a — priced directly from partner yard
Long Island,North Shore,Gravel,"3/8"" Bluestone",yd,8,false,1100.00,137.50,704.00,175.00,879.00,188.80,17.16,false,1 load: 8yd on medium dump,false,,,,no broker data (LI market not scraped),false,,,,n/a — priced directly from partner yard
Long Island,North Shore,Gravel,"3/8"" Bluestone",yd,10,false,1320.00,132.00,880.00,175.00,1055.00,226.42,17.15,false,1 load: 10yd on medium dump,false,,,,no broker data (LI market not scraped),false,,,,n/a — priced directly from partner yard
Long Island,North Shore,Gravel,"3/8"" Bluestone",yd,12,false,1635.00,136.25,1056.00,250.00,1306.00,281.29,17.20,false,1 load: 12yd on tri-axle,false,,,,no broker data (LI market not scraped),false,,,,n/a — priced directly from partner yard
Long Island,North Shore,Gravel,"3/8"" Bluestone",yd,15,false,1965.00,131.00,1320.00,250.00,1570.00,337.72,17.19,false,1 load: 15yd on tri-axle,false,,,,no broker data (LI market not scraped),false,,,,n/a — priced directly from partner yard
Long Island,North Shore,Gravel,"3/8"" Bluestone",yd,20,false,2515.00,125.75,1760.00,250.00,2010.00,431.76,17.17,false,1 load: 20yd on tri-axle,false,,,,no broker data (LI market not scraped),false,,,,n/a — priced directly from partner yard
Long Island,North Shore,Gravel,"3/8"" Bluestone",yd,25,false,3180.00,127.20,2200.00,343.75,2543.75,543.73,17.10,false,2 loads: 20yd on tri-axle + 5yd on small dump,false,,,,no broker data (LI market not scraped),false,,,,n/a — priced directly from partner yard
Long Island,North Shore,Gravel,"3/8"" Bluestone",yd,30,false,3780.00,126.00,2640.00,381.25,3021.25,648.83,17.16,false,2 loads: 20yd on tri-axle + 10yd on medium dump,false,,,,no broker data (LI market not scraped),false,,,,n/a — priced directly from partner yard
Long Island,Core (Center Moriches area),Gravel,"3/4"" Whitestone",yd,3,false,515.00,171.67,375.00,35.00,410.00,89.77,17.43,false,1 load: 3yd on small dump,false,,,,no broker data (LI market not scraped),false,,,,n/a — priced directly from partner yard
Long Island,Core (Center Moriches area),Gravel,"3/4"" Whitestone",yd,4,false,670.00,167.50,500.00,35.00,535.00,115.27,17.20,false,1 load: 4yd on small dump,false,,,,no broker data (LI market not scraped),false,,,,n/a — priced directly from partner yard
Long Island,Core (Center Moriches area),Gravel,"3/4"" Whitestone",yd,5,false,825.00,165.00,625.00,35.00,660.00,140.78,17.06,false,1 load: 5yd on small dump,false,,,,no broker data (LI market not scraped),false,,,,n/a — priced directly from partner yard
Long Island,Core (Center Moriches area),Gravel,"3/4"" Whitestone",yd,6,false,1000.00,166.67,750.00,49.00,799.00,171.70,17.17,false,1 load: 6yd on medium dump,false,,,,no broker data (LI market not scraped),false,,,,n/a — priced directly from partner yard
Long Island,Core (Center Moriches area),Gravel,"3/4"" Whitestone",yd,8,false,1315.00,164.38,1000.00,49.00,1049.00,227.56,17.31,false,1 load: 8yd on medium dump,false,,,,no broker data (LI market not scraped),false,,,,n/a — priced directly from partner yard
Long Island,Core (Center Moriches area),Gravel,"3/4"" Whitestone",yd,10,false,1625.00,162.50,1250.00,49.00,1299.00,278.57,17.14,false,1 load: 10yd on medium dump,false,,,,no broker data (LI market not scraped),false,,,,n/a — priced directly from partner yard
Long Island,Core (Center Moriches area),Gravel,"3/4"" Whitestone",yd,12,false,1965.00,163.75,1500.00,70.00,1570.00,337.72,17.19,false,1 load: 12yd on tri-axle,false,,,,no broker data (LI market not scraped),false,,,,n/a — priced directly from partner yard
Long Island,Core (Center Moriches area),Gravel,"3/4"" Whitestone",yd,15,false,2435.00,162.33,1875.00,70.00,1945.00,419.08,17.21,false,1 load: 15yd on tri-axle,false,,,,no broker data (LI market not scraped),false,,,,n/a — priced directly from partner yard
Long Island,Core (Center Moriches area),Gravel,"3/4"" Whitestone",yd,20,false,3215.00,160.75,2500.00,70.00,2570.00,551.47,17.15,false,1 load: 20yd on tri-axle,false,,,,no broker data (LI market not scraped),false,,,,n/a — priced directly from partner yard
Long Island,Core (Center Moriches area),Gravel,"3/4"" Whitestone",yd,25,false,4030.00,161.20,3125.00,96.25,3221.25,691.58,17.16,false,2 loads: 20yd on tri-axle + 5yd on small dump,false,,,,no broker data (LI market not scraped),false,,,,n/a — priced directly from partner yard
Long Island,Core (Center Moriches area),Gravel,"3/4"" Whitestone",yd,30,false,4825.00,160.83,3750.00,106.75,3856.75,828.02,17.16,false,2 loads: 20yd on tri-axle + 10yd on medium dump,false,,,,no broker data (LI market not scraped),false,,,,n/a — priced directly from partner yard
Long Island,West Hamptons,Gravel,"3/4"" Whitestone",yd,3,false,565.00,188.33,375.00,75.00,450.00,98.31,17.40,false,1 load: 3yd on small dump,false,,,,no broker data (LI market not scraped),false,,,,n/a — priced directly from partner yard
Long Island,West Hamptons,Gravel,"3/4"" Whitestone",yd,4,false,720.00,180.00,500.00,75.00,575.00,123.82,17.20,false,1 load: 4yd on small dump,false,,,,no broker data (LI market not scraped),false,,,,n/a — priced directly from partner yard
Long Island,West Hamptons,Gravel,"3/4"" Whitestone",yd,5,false,875.00,175.00,625.00,75.00,700.00,149.32,17.07,false,1 load: 5yd on small dump,false,,,,no broker data (LI market not scraped),false,,,,n/a — priced directly from partner yard
Long Island,West Hamptons,Gravel,"3/4"" Whitestone",yd,6,false,1070.00,178.33,750.00,105.00,855.00,183.67,17.17,false,1 load: 6yd on medium dump,false,,,,no broker data (LI market not scraped),false,,,,n/a — priced directly from partner yard
Long Island,West Hamptons,Gravel,"3/4"" Whitestone",yd,8,false,1385.00,173.13,1000.00,105.00,1105.00,239.53,17.29,false,1 load: 8yd on medium dump,false,,,,no broker data (LI market not scraped),false,,,,n/a — priced directly from partner yard
Long Island,West Hamptons,Gravel,"3/4"" Whitestone",yd,10,false,1695.00,169.50,1250.00,105.00,1355.00,290.55,17.14,false,1 load: 10yd on medium dump,false,,,,no broker data (LI market not scraped),false,,,,n/a — priced directly from partner yard
Long Island,West Hamptons,Gravel,"3/4"" Whitestone",yd,12,false,2065.00,172.08,1500.00,150.00,1650.00,354.81,17.18,false,1 load: 12yd on tri-axle,false,,,,no broker data (LI market not scraped),false,,,,n/a — priced directly from partner yard
Long Island,West Hamptons,Gravel,"3/4"" Whitestone",yd,15,false,2535.00,169.00,1875.00,150.00,2025.00,436.19,17.21,false,1 load: 15yd on tri-axle,false,,,,no broker data (LI market not scraped),false,,,,n/a — priced directly from partner yard
Long Island,West Hamptons,Gravel,"3/4"" Whitestone",yd,20,false,3315.00,165.75,2500.00,150.00,2650.00,568.57,17.15,false,1 load: 20yd on tri-axle,false,,,,no broker data (LI market not scraped),false,,,,n/a — priced directly from partner yard
Long Island,West Hamptons,Gravel,"3/4"" Whitestone",yd,25,false,4165.00,166.60,3125.00,206.25,3331.25,712.66,17.11,false,2 loads: 20yd on tri-axle + 5yd on small dump,false,,,,no broker data (LI market not scraped),false,,,,n/a — priced directly from partner yard
Long Island,West Hamptons,Gravel,"3/4"" Whitestone",yd,30,false,4975.00,165.83,3750.00,228.75,3978.75,851.67,17.12,false,2 loads: 20yd on tri-axle + 10yd on medium dump,false,,,,no broker data (LI market not scraped),false,,,,n/a — priced directly from partner yard
Long Island,Brookhaven,Gravel,"3/4"" Whitestone",yd,3,false,565.00,188.33,375.00,75.00,450.00,98.31,17.40,false,1 load: 3yd on small dump,false,,,,no broker data (LI market not scraped),false,,,,n/a — priced directly from partner yard
Long Island,Brookhaven,Gravel,"3/4"" Whitestone",yd,4,false,720.00,180.00,500.00,75.00,575.00,123.82,17.20,false,1 load: 4yd on small dump,false,,,,no broker data (LI market not scraped),false,,,,n/a — priced directly from partner yard
Long Island,Brookhaven,Gravel,"3/4"" Whitestone",yd,5,false,875.00,175.00,625.00,75.00,700.00,149.32,17.07,false,1 load: 5yd on small dump,false,,,,no broker data (LI market not scraped),false,,,,n/a — priced directly from partner yard
Long Island,Brookhaven,Gravel,"3/4"" Whitestone",yd,6,false,1070.00,178.33,750.00,105.00,855.00,183.67,17.17,false,1 load: 6yd on medium dump,false,,,,no broker data (LI market not scraped),false,,,,n/a — priced directly from partner yard
Long Island,Brookhaven,Gravel,"3/4"" Whitestone",yd,8,false,1385.00,173.13,1000.00,105.00,1105.00,239.53,17.29,false,1 load: 8yd on medium dump,false,,,,no broker data (LI market not scraped),false,,,,n/a — priced directly from partner yard
Long Island,Brookhaven,Gravel,"3/4"" Whitestone",yd,10,false,1695.00,169.50,1250.00,105.00,1355.00,290.55,17.14,false,1 load: 10yd on medium dump,false,,,,no broker data (LI market not scraped),false,,,,n/a — priced directly from partner yard
Long Island,Brookhaven,Gravel,"3/4"" Whitestone",yd,12,false,2065.00,172.08,1500.00,150.00,1650.00,354.81,17.18,false,1 load: 12yd on tri-axle,false,,,,no broker data (LI market not scraped),false,,,,n/a — priced directly from partner yard
Long Island,Brookhaven,Gravel,"3/4"" Whitestone",yd,15,false,2535.00,169.00,1875.00,150.00,2025.00,436.19,17.21,false,1 load: 15yd on tri-axle,false,,,,no broker data (LI market not scraped),false,,,,n/a — priced directly from partner yard
Long Island,Brookhaven,Gravel,"3/4"" Whitestone",yd,20,false,3315.00,165.75,2500.00,150.00,2650.00,568.57,17.15,false,1 load: 20yd on tri-axle,false,,,,no broker data (LI market not scraped),false,,,,n/a — priced directly from partner yard
Long Island,Brookhaven,Gravel,"3/4"" Whitestone",yd,25,false,4165.00,166.60,3125.00,206.25,3331.25,712.66,17.11,false,2 loads: 20yd on tri-axle + 5yd on small dump,false,,,,no broker data (LI market not scraped),false,,,,n/a — priced directly from partner yard
Long Island,Brookhaven,Gravel,"3/4"" Whitestone",yd,30,false,4975.00,165.83,3750.00,228.75,3978.75,851.67,17.12,false,2 loads: 20yd on tri-axle + 10yd on medium dump,false,,,,no broker data (LI market not scraped),false,,,,n/a — priced directly from partner yard
Long Island,East End,Gravel,"3/4"" Whitestone",yd,3,false,595.00,198.33,375.00,100.00,475.00,102.44,17.22,false,1 load: 3yd on small dump,false,,,,no broker data (LI market not scraped),false,,,,n/a — priced directly from partner yard
Long Island,East End,Gravel,"3/4"" Whitestone",yd,4,false,750.00,187.50,500.00,100.00,600.00,127.95,17.06,false,1 load: 4yd on small dump,false,,,,no broker data (LI market not scraped),false,,,,n/a — priced directly from partner yard
Long Island,East End,Gravel,"3/4"" Whitestone",yd,5,false,910.00,182.00,625.00,100.00,725.00,158.31,17.40,false,1 load: 5yd on small dump,false,,,,no broker data (LI market not scraped),false,,,,n/a — priced directly from partner yard
Long Island,East End,Gravel,"3/4"" Whitestone",yd,6,false,1115.00,185.83,750.00,140.00,890.00,192.37,17.25,false,1 load: 6yd on medium dump,false,,,,no broker data (LI market not scraped),false,,,,n/a — priced directly from partner yard
Long Island,East End,Gravel,"3/4"" Whitestone",yd,8,false,1425.00,178.13,1000.00,140.00,1140.00,243.38,17.08,false,1 load: 8yd on medium dump,false,,,,no broker data (LI market not scraped),false,,,,n/a — priced directly from partner yard
Long Island,East End,Gravel,"3/4"" Whitestone",yd,10,false,1740.00,174.00,1250.00,140.00,1390.00,299.24,17.20,false,1 load: 10yd on medium dump,false,,,,no broker data (LI market not scraped),false,,,,n/a — priced directly from partner yard
Long Island,East End,Gravel,"3/4"" Whitestone",yd,12,false,2125.00,177.08,1500.00,200.00,1700.00,363.07,17.09,false,1 load: 12yd on tri-axle,false,,,,no broker data (LI market not scraped),false,,,,n/a — priced directly from partner yard
Long Island,East End,Gravel,"3/4"" Whitestone",yd,15,false,2595.00,173.00,1875.00,200.00,2075.00,444.44,17.13,false,1 load: 15yd on tri-axle,false,,,,no broker data (LI market not scraped),false,,,,n/a — priced directly from partner yard
Long Island,East End,Gravel,"3/4"" Whitestone",yd,20,false,3375.00,168.75,2500.00,200.00,2700.00,576.83,17.09,false,1 load: 20yd on tri-axle,false,,,,no broker data (LI market not scraped),false,,,,n/a — priced directly from partner yard
Long Island,East End,Gravel,"3/4"" Whitestone",yd,25,false,4250.00,170.00,3125.00,275.00,3400.00,726.45,17.09,false,2 loads: 20yd on tri-axle + 5yd on small dump,false,,,,no broker data (LI market not scraped),false,,,,n/a — priced directly from partner yard
Long Island,East End,Gravel,"3/4"" Whitestone",yd,30,false,5070.00,169.00,3750.00,305.00,4055.00,867.67,17.11,false,2 loads: 20yd on tri-axle + 10yd on medium dump,false,,,,no broker data (LI market not scraped),false,,,,n/a — priced directly from partner yard
Long Island,North Shore,Gravel,"3/4"" Whitestone",yd,3,true,625.00,208.33,375.00,125.00,500.00,106.58,17.05,false,1 load: 3yd on small dump,false,,,,no broker data (LI market not scraped),false,,,,n/a — priced directly from partner yard
Long Island,North Shore,Gravel,"3/4"" Whitestone",yd,4,true,785.00,196.25,500.00,125.00,625.00,136.94,17.44,false,1 load: 4yd on small dump,false,,,,no broker data (LI market not scraped),false,,,,n/a — priced directly from partner yard
Long Island,North Shore,Gravel,"3/4"" Whitestone",yd,5,false,940.00,188.00,625.00,125.00,750.00,162.44,17.28,false,1 load: 5yd on small dump,false,,,,no broker data (LI market not scraped),false,,,,n/a — priced directly from partner yard
Long Island,North Shore,Gravel,"3/4"" Whitestone",yd,6,false,1160.00,193.33,750.00,175.00,925.00,201.06,17.33,false,1 load: 6yd on medium dump,false,,,,no broker data (LI market not scraped),false,,,,n/a — priced directly from partner yard
Long Island,North Shore,Gravel,"3/4"" Whitestone",yd,8,false,1470.00,183.75,1000.00,175.00,1175.00,252.07,17.15,false,1 load: 8yd on medium dump,false,,,,no broker data (LI market not scraped),false,,,,n/a — priced directly from partner yard
Long Island,North Shore,Gravel,"3/4"" Whitestone",yd,10,false,1785.00,178.50,1250.00,175.00,1425.00,307.94,17.25,false,1 load: 10yd on medium dump,false,,,,no broker data (LI market not scraped),false,,,,n/a — priced directly from partner yard
Long Island,North Shore,Gravel,"3/4"" Whitestone",yd,12,false,2190.00,182.50,1500.00,250.00,1750.00,376.19,17.18,false,1 load: 12yd on tri-axle,false,,,,no broker data (LI market not scraped),false,,,,n/a — priced directly from partner yard
Long Island,North Shore,Gravel,"3/4"" Whitestone",yd,15,false,2660.00,177.33,1875.00,250.00,2125.00,457.56,17.20,false,1 load: 15yd on tri-axle,false,,,,no broker data (LI market not scraped),false,,,,n/a — priced directly from partner yard
Long Island,North Shore,Gravel,"3/4"" Whitestone",yd,20,false,3440.00,172.00,2500.00,250.00,2750.00,589.94,17.15,false,1 load: 20yd on tri-axle,false,,,,no broker data (LI market not scraped),false,,,,n/a — priced directly from partner yard
Long Island,North Shore,Gravel,"3/4"" Whitestone",yd,25,false,4340.00,173.60,3125.00,343.75,3468.75,745.09,17.17,false,2 loads: 20yd on tri-axle + 5yd on small dump,false,,,,no broker data (LI market not scraped),false,,,,n/a — priced directly from partner yard
Long Island,North Shore,Gravel,"3/4"" Whitestone",yd,30,false,5165.00,172.17,3750.00,381.25,4131.25,883.66,17.11,false,2 loads: 20yd on tri-axle + 10yd on medium dump,false,,,,no broker data (LI market not scraped),false,,,,n/a — priced directly from partner yard
Long Island,Core (Center Moriches area),Gravel,State-Grade RCA (driveway base),yd,3,false,145.00,48.33,81.00,35.00,116.00,24.50,16.89,false,1 load: 3yd on small dump,false,,,,no broker data (LI market not scraped),false,,,,n/a — priced directly from partner yard
Long Island,Core (Center Moriches area),Gravel,State-Grade RCA (driveway base),yd,4,false,180.00,45.00,108.00,35.00,143.00,31.48,17.49,false,1 load: 4yd on small dump,false,,,,no broker data (LI market not scraped),false,,,,n/a — priced directly from partner yard
Long Island,Core (Center Moriches area),Gravel,State-Grade RCA (driveway base),yd,5,false,215.00,43.00,135.00,35.00,170.00,38.47,17.89,false,1 load: 5yd on small dump,false,,,,no broker data (LI market not scraped),false,,,,n/a — priced directly from partner yard
Long Island,Core (Center Moriches area),Gravel,State-Grade RCA (driveway base),yd,6,false,265.00,44.17,162.00,49.00,211.00,46.02,17.36,false,1 load: 6yd on medium dump,false,,,,no broker data (LI market not scraped),false,,,,n/a — priced directly from partner yard
Long Island,Core (Center Moriches area),Gravel,State-Grade RCA (driveway base),yd,8,false,335.00,41.88,216.00,49.00,265.00,59.98,17.91,false,1 load: 8yd on medium dump,false,,,,no broker data (LI market not scraped),false,,,,n/a — priced directly from partner yard
Long Island,Core (Center Moriches area),Gravel,State-Grade RCA (driveway base),yd,10,false,400.00,40.00,270.00,49.00,319.00,69.10,17.27,false,1 load: 10yd on medium dump,false,,,,no broker data (LI market not scraped),false,,,,n/a — priced directly from partner yard
Long Island,Core (Center Moriches area),Gravel,State-Grade RCA (driveway base),yd,12,false,495.00,41.25,324.00,70.00,394.00,86.34,17.44,false,1 load: 12yd on tri-axle,false,,,,no broker data (LI market not scraped),false,,,,n/a — priced directly from partner yard
Long Island,Core (Center Moriches area),Gravel,State-Grade RCA (driveway base),yd,15,false,595.00,39.67,405.00,70.00,475.00,102.44,17.22,false,1 load: 15yd on tri-axle,false,,,,no broker data (LI market not scraped),false,,,,n/a — priced directly from partner yard
Long Island,Core (Center Moriches area),Gravel,State-Grade RCA (driveway base),yd,20,false,765.00,38.25,540.00,70.00,610.00,132.51,17.32,false,1 load: 20yd on tri-axle,false,,,,no broker data (LI market not scraped),false,,,,n/a — priced directly from partner yard
Long Island,Core (Center Moriches area),Gravel,State-Grade RCA (driveway base),yd,25,false,965.00,38.60,675.00,96.25,771.25,165.47,17.15,false,2 loads: 20yd on tri-axle + 5yd on small dump,false,,,,no broker data (LI market not scraped),false,,,,n/a — priced directly from partner yard
Long Island,Core (Center Moriches area),Gravel,State-Grade RCA (driveway base),yd,30,false,1150.00,38.33,810.00,106.75,916.75,199.60,17.36,false,2 loads: 20yd on tri-axle + 10yd on medium dump,false,,,,no broker data (LI market not scraped),false,,,,n/a — priced directly from partner yard
Long Island,West Hamptons,Gravel,State-Grade RCA (driveway base),yd,3,false,195.00,65.00,81.00,75.00,156.00,33.05,16.95,false,1 load: 3yd on small dump,false,,,,no broker data (LI market not scraped),false,,,,n/a — priced directly from partner yard
Long Island,West Hamptons,Gravel,State-Grade RCA (driveway base),yd,4,false,230.00,57.50,108.00,75.00,183.00,40.03,17.40,false,1 load: 4yd on small dump,false,,,,no broker data (LI market not scraped),false,,,,n/a — priced directly from partner yard
Long Island,West Hamptons,Gravel,State-Grade RCA (driveway base),yd,5,false,265.00,53.00,135.00,75.00,210.00,47.02,17.74,false,1 load: 5yd on small dump,false,,,,no broker data (LI market not scraped),false,,,,n/a — priced directly from partner yard
Long Island,West Hamptons,Gravel,State-Grade RCA (driveway base),yd,6,false,335.00,55.83,162.00,105.00,267.00,57.98,17.31,false,1 load: 6yd on medium dump,false,,,,no broker data (LI market not scraped),false,,,,n/a — priced directly from partner yard
Long Island,West Hamptons,Gravel,State-Grade RCA (driveway base),yd,8,false,405.00,50.63,216.00,105.00,321.00,71.95,17.77,false,1 load: 8yd on medium dump,false,,,,no broker data (LI market not scraped),false,,,,n/a — priced directly from partner yard
Long Island,West Hamptons,Gravel,State-Grade RCA (driveway base),yd,10,false,470.00,47.00,270.00,105.00,375.00,81.07,17.25,false,1 load: 10yd on medium dump,false,,,,no broker data (LI market not scraped),false,,,,n/a — priced directly from partner yard
Long Island,West Hamptons,Gravel,State-Grade RCA (driveway base),yd,12,false,595.00,49.58,324.00,150.00,474.00,103.44,17.39,false,1 load: 12yd on tri-axle,false,,,,no broker data (LI market not scraped),false,,,,n/a — priced directly from partner yard
Long Island,West Hamptons,Gravel,State-Grade RCA (driveway base),yd,15,false,695.00,46.33,405.00,150.00,555.00,119.55,17.20,false,1 load: 15yd on tri-axle,false,,,,no broker data (LI market not scraped),false,,,,n/a — priced directly from partner yard
Long Island,West Hamptons,Gravel,State-Grade RCA (driveway base),yd,20,false,865.00,43.25,540.00,150.00,690.00,149.62,17.30,false,1 load: 20yd on tri-axle,false,,,,no broker data (LI market not scraped),false,,,,n/a — priced directly from partner yard
Long Island,West Hamptons,Gravel,State-Grade RCA (driveway base),yd,25,false,1105.00,44.20,675.00,206.25,881.25,191.41,17.32,false,2 loads: 20yd on tri-axle + 5yd on small dump,false,,,,no broker data (LI market not scraped),false,,,,n/a — priced directly from partner yard
Long Island,West Hamptons,Gravel,State-Grade RCA (driveway base),yd,30,false,1300.00,43.33,810.00,228.75,1038.75,223.25,17.17,false,2 loads: 20yd on tri-axle + 10yd on medium dump,false,,,,no broker data (LI market not scraped),false,,,,n/a — priced directly from partner yard
Long Island,Brookhaven,Gravel,State-Grade RCA (driveway base),yd,3,false,195.00,65.00,81.00,75.00,156.00,33.05,16.95,false,1 load: 3yd on small dump,false,,,,no broker data (LI market not scraped),false,,,,n/a — priced directly from partner yard
Long Island,Brookhaven,Gravel,State-Grade RCA (driveway base),yd,4,false,230.00,57.50,108.00,75.00,183.00,40.03,17.40,false,1 load: 4yd on small dump,false,,,,no broker data (LI market not scraped),false,,,,n/a — priced directly from partner yard
Long Island,Brookhaven,Gravel,State-Grade RCA (driveway base),yd,5,false,265.00,53.00,135.00,75.00,210.00,47.02,17.74,false,1 load: 5yd on small dump,false,,,,no broker data (LI market not scraped),false,,,,n/a — priced directly from partner yard
Long Island,Brookhaven,Gravel,State-Grade RCA (driveway base),yd,6,false,335.00,55.83,162.00,105.00,267.00,57.98,17.31,false,1 load: 6yd on medium dump,false,,,,no broker data (LI market not scraped),false,,,,n/a — priced directly from partner yard
Long Island,Brookhaven,Gravel,State-Grade RCA (driveway base),yd,8,false,405.00,50.63,216.00,105.00,321.00,71.95,17.77,false,1 load: 8yd on medium dump,false,,,,no broker data (LI market not scraped),false,,,,n/a — priced directly from partner yard
Long Island,Brookhaven,Gravel,State-Grade RCA (driveway base),yd,10,false,470.00,47.00,270.00,105.00,375.00,81.07,17.25,false,1 load: 10yd on medium dump,false,,,,no broker data (LI market not scraped),false,,,,n/a — priced directly from partner yard
Long Island,Brookhaven,Gravel,State-Grade RCA (driveway base),yd,12,false,595.00,49.58,324.00,150.00,474.00,103.44,17.39,false,1 load: 12yd on tri-axle,false,,,,no broker data (LI market not scraped),false,,,,n/a — priced directly from partner yard
Long Island,Brookhaven,Gravel,State-Grade RCA (driveway base),yd,15,false,695.00,46.33,405.00,150.00,555.00,119.55,17.20,false,1 load: 15yd on tri-axle,false,,,,no broker data (LI market not scraped),false,,,,n/a — priced directly from partner yard
Long Island,Brookhaven,Gravel,State-Grade RCA (driveway base),yd,20,false,865.00,43.25,540.00,150.00,690.00,149.62,17.30,false,1 load: 20yd on tri-axle,false,,,,no broker data (LI market not scraped),false,,,,n/a — priced directly from partner yard
Long Island,Brookhaven,Gravel,State-Grade RCA (driveway base),yd,25,false,1105.00,44.20,675.00,206.25,881.25,191.41,17.32,false,2 loads: 20yd on tri-axle + 5yd on small dump,false,,,,no broker data (LI market not scraped),false,,,,n/a — priced directly from partner yard
Long Island,Brookhaven,Gravel,State-Grade RCA (driveway base),yd,30,false,1300.00,43.33,810.00,228.75,1038.75,223.25,17.17,false,2 loads: 20yd on tri-axle + 10yd on medium dump,false,,,,no broker data (LI market not scraped),false,,,,n/a — priced directly from partner yard
Long Island,East End,Gravel,State-Grade RCA (driveway base),yd,3,false,230.00,76.67,81.00,100.00,181.00,42.03,18.27,false,1 load: 3yd on small dump,false,,,,no broker data (LI market not scraped),false,,,,n/a — priced directly from partner yard
Long Island,East End,Gravel,State-Grade RCA (driveway base),yd,4,false,260.00,65.00,108.00,100.00,208.00,44.16,16.98,false,1 load: 4yd on small dump,false,,,,no broker data (LI market not scraped),false,,,,n/a — priced directly from partner yard
Long Island,East End,Gravel,State-Grade RCA (driveway base),yd,5,false,295.00,59.00,135.00,100.00,235.00,51.14,17.34,false,1 load: 5yd on small dump,false,,,,no broker data (LI market not scraped),false,,,,n/a — priced directly from partner yard
Long Island,East End,Gravel,State-Grade RCA (driveway base),yd,6,false,380.00,63.33,162.00,140.00,302.00,66.68,17.55,false,1 load: 6yd on medium dump,false,,,,no broker data (LI market not scraped),false,,,,n/a — priced directly from partner yard
Long Island,East End,Gravel,State-Grade RCA (driveway base),yd,8,false,445.00,55.63,216.00,140.00,356.00,75.80,17.03,false,1 load: 8yd on medium dump,false,,,,no broker data (LI market not scraped),false,,,,n/a — priced directly from partner yard
Long Island,East End,Gravel,State-Grade RCA (driveway base),yd,10,false,515.00,51.50,270.00,140.00,410.00,89.77,17.43,false,1 load: 10yd on medium dump,false,,,,no broker data (LI market not scraped),false,,,,n/a — priced directly from partner yard
Long Island,East End,Gravel,State-Grade RCA (driveway base),yd,12,false,655.00,54.58,324.00,200.00,524.00,111.70,17.05,false,1 load: 12yd on tri-axle,false,,,,no broker data (LI market not scraped),false,,,,n/a — priced directly from partner yard
Long Island,East End,Gravel,State-Grade RCA (driveway base),yd,15,false,760.00,50.67,405.00,200.00,605.00,132.66,17.46,false,1 load: 15yd on tri-axle,false,,,,no broker data (LI market not scraped),false,,,,n/a — priced directly from partner yard
Long Island,East End,Gravel,State-Grade RCA (driveway base),yd,20,false,925.00,46.25,540.00,200.00,740.00,157.88,17.07,false,1 load: 20yd on tri-axle,false,,,,no broker data (LI market not scraped),false,,,,n/a — priced directly from partner yard
Long Island,East End,Gravel,State-Grade RCA (driveway base),yd,25,false,1190.00,47.60,675.00,275.00,950.00,205.19,17.24,false,2 loads: 20yd on tri-axle + 5yd on small dump,false,,,,no broker data (LI market not scraped),false,,,,n/a — priced directly from partner yard
Long Island,East End,Gravel,State-Grade RCA (driveway base),yd,30,false,1395.00,46.50,810.00,305.00,1115.00,239.25,17.15,false,2 loads: 20yd on tri-axle + 10yd on medium dump,false,,,,no broker data (LI market not scraped),false,,,,n/a — priced directly from partner yard
Long Island,North Shore,Gravel,State-Grade RCA (driveway base),yd,3,true,260.00,86.67,81.00,125.00,206.00,46.16,17.75,false,1 load: 3yd on small dump,false,,,,no broker data (LI market not scraped),false,,,,n/a — priced directly from partner yard
Long Island,North Shore,Gravel,State-Grade RCA (driveway base),yd,4,true,295.00,73.75,108.00,125.00,233.00,53.14,18.02,false,1 load: 4yd on small dump,false,,,,no broker data (LI market not scraped),false,,,,n/a — priced directly from partner yard
Long Island,North Shore,Gravel,State-Grade RCA (driveway base),yd,5,false,325.00,65.00,135.00,125.00,260.00,55.27,17.01,false,1 load: 5yd on small dump,false,,,,no broker data (LI market not scraped),false,,,,n/a — priced directly from partner yard
Long Island,North Shore,Gravel,State-Grade RCA (driveway base),yd,6,false,425.00,70.83,162.00,175.00,337.00,75.38,17.74,false,1 load: 6yd on medium dump,false,,,,no broker data (LI market not scraped),false,,,,n/a — priced directly from partner yard
Long Island,North Shore,Gravel,State-Grade RCA (driveway base),yd,8,false,490.00,61.25,216.00,175.00,391.00,84.49,17.24,false,1 load: 8yd on medium dump,false,,,,no broker data (LI market not scraped),false,,,,n/a — priced directly from partner yard
Long Island,North Shore,Gravel,State-Grade RCA (driveway base),yd,10,false,560.00,56.00,270.00,175.00,445.00,98.46,17.58,false,1 load: 10yd on medium dump,false,,,,no broker data (LI market not scraped),false,,,,n/a — priced directly from partner yard
Long Island,North Shore,Gravel,State-Grade RCA (driveway base),yd,12,false,720.00,60.00,324.00,250.00,574.00,124.82,17.34,false,1 load: 12yd on tri-axle,false,,,,no broker data (LI market not scraped),false,,,,n/a — priced directly from partner yard
Long Island,North Shore,Gravel,State-Grade RCA (driveway base),yd,15,false,820.00,54.67,405.00,250.00,655.00,140.92,17.19,false,1 load: 15yd on tri-axle,false,,,,no broker data (LI market not scraped),false,,,,n/a — priced directly from partner yard
Long Island,North Shore,Gravel,State-Grade RCA (driveway base),yd,20,false,990.00,49.50,540.00,250.00,790.00,170.99,17.27,false,1 load: 20yd on tri-axle,false,,,,no broker data (LI market not scraped),false,,,,n/a — priced directly from partner yard
Long Island,North Shore,Gravel,State-Grade RCA (driveway base),yd,25,false,1275.00,51.00,675.00,343.75,1018.75,218.97,17.17,false,2 loads: 20yd on tri-axle + 5yd on small dump,false,,,,no broker data (LI market not scraped),false,,,,n/a — priced directly from partner yard
Long Island,North Shore,Gravel,State-Grade RCA (driveway base),yd,30,false,1490.00,49.67,810.00,381.25,1191.25,255.24,17.13,false,2 loads: 20yd on tri-axle + 10yd on medium dump,false,,,,no broker data (LI market not scraped),false,,,,n/a — priced directly from partner yard
Long Island,Core (Center Moriches area),Sand,Fine Sand,yd,3,false,235.00,78.33,150.00,35.00,185.00,42.88,18.25,false,1 load: 3yd on small dump,false,,,,no broker data (LI market not scraped),false,,,,n/a — priced directly from partner yard
Long Island,Core (Center Moriches area),Sand,Fine Sand,yd,4,false,295.00,73.75,200.00,35.00,235.00,51.14,17.34,false,1 load: 4yd on small dump,false,,,,no broker data (LI market not scraped),false,,,,n/a — priced directly from partner yard
Long Island,Core (Center Moriches area),Sand,Fine Sand,yd,5,false,360.00,72.00,250.00,35.00,285.00,64.26,17.85,false,1 load: 5yd on small dump,false,,,,no broker data (LI market not scraped),false,,,,n/a — priced directly from partner yard
Long Island,Core (Center Moriches area),Sand,Fine Sand,yd,6,false,440.00,73.33,300.00,49.00,349.00,77.94,17.71,false,1 load: 6yd on medium dump,false,,,,no broker data (LI market not scraped),false,,,,n/a — priced directly from partner yard
Long Island,Core (Center Moriches area),Sand,Fine Sand,yd,8,false,565.00,70.63,400.00,49.00,449.00,99.31,17.58,false,1 load: 8yd on medium dump,false,,,,no broker data (LI market not scraped),false,,,,n/a — priced directly from partner yard
Long Island,Core (Center Moriches area),Sand,Fine Sand,yd,10,false,690.00,69.00,500.00,49.00,549.00,120.69,17.49,false,1 load: 10yd on medium dump,false,,,,no broker data (LI market not scraped),false,,,,n/a — priced directly from partner yard
Long Island,Core (Center Moriches area),Sand,Fine Sand,yd,12,false,840.00,70.00,600.00,70.00,670.00,145.34,17.30,false,1 load: 12yd on tri-axle,false,,,,no broker data (LI market not scraped),false,,,,n/a — priced directly from partner yard
Long Island,Core (Center Moriches area),Sand,Fine Sand,yd,15,false,1025.00,68.33,750.00,70.00,820.00,174.97,17.07,false,1 load: 15yd on tri-axle,false,,,,no broker data (LI market not scraped),false,,,,n/a — priced directly from partner yard
Long Island,Core (Center Moriches area),Sand,Fine Sand,yd,20,false,1340.00,67.00,1000.00,70.00,1070.00,230.84,17.23,false,1 load: 20yd on tri-axle,false,,,,no broker data (LI market not scraped),false,,,,n/a — priced directly from partner yard
Long Island,Core (Center Moriches area),Sand,Fine Sand,yd,25,false,1685.00,67.40,1250.00,96.25,1346.25,289.58,17.19,false,2 loads: 20yd on tri-axle + 5yd on small dump,false,,,,no broker data (LI market not scraped),false,,,,n/a — priced directly from partner yard
Long Island,Core (Center Moriches area),Sand,Fine Sand,yd,30,false,2010.00,67.00,1500.00,106.75,1606.75,344.66,17.15,false,2 loads: 20yd on tri-axle + 10yd on medium dump,false,,,,no broker data (LI market not scraped),false,,,,n/a — priced directly from partner yard
Long Island,West Hamptons,Sand,Fine Sand,yd,3,false,285.00,95.00,150.00,75.00,225.00,51.44,18.05,false,1 load: 3yd on small dump,false,,,,no broker data (LI market not scraped),false,,,,n/a — priced directly from partner yard
Long Island,West Hamptons,Sand,Fine Sand,yd,4,false,345.00,86.25,200.00,75.00,275.00,59.70,17.30,false,1 load: 4yd on small dump,false,,,,no broker data (LI market not scraped),false,,,,n/a — priced directly from partner yard
Long Island,West Hamptons,Sand,Fine Sand,yd,5,false,410.00,82.00,250.00,75.00,325.00,72.81,17.76,false,1 load: 5yd on small dump,false,,,,no broker data (LI market not scraped),false,,,,n/a — priced directly from partner yard
Long Island,West Hamptons,Sand,Fine Sand,yd,6,false,510.00,85.00,300.00,105.00,405.00,89.91,17.63,false,1 load: 6yd on medium dump,false,,,,no broker data (LI market not scraped),false,,,,n/a — priced directly from partner yard
Long Island,West Hamptons,Sand,Fine Sand,yd,8,false,635.00,79.38,400.00,105.00,505.00,111.28,17.53,false,1 load: 8yd on medium dump,false,,,,no broker data (LI market not scraped),false,,,,n/a — priced directly from partner yard
Long Island,West Hamptons,Sand,Fine Sand,yd,10,false,760.00,76.00,500.00,105.00,605.00,132.66,17.46,false,1 load: 10yd on medium dump,false,,,,no broker data (LI market not scraped),false,,,,n/a — priced directly from partner yard
Long Island,West Hamptons,Sand,Fine Sand,yd,12,false,940.00,78.33,600.00,150.00,750.00,162.44,17.28,false,1 load: 12yd on tri-axle,false,,,,no broker data (LI market not scraped),false,,,,n/a — priced directly from partner yard
Long Island,West Hamptons,Sand,Fine Sand,yd,15,false,1125.00,75.00,750.00,150.00,900.00,192.07,17.07,false,1 load: 15yd on tri-axle,false,,,,no broker data (LI market not scraped),false,,,,n/a — priced directly from partner yard
Long Island,West Hamptons,Sand,Fine Sand,yd,20,false,1440.00,72.00,1000.00,150.00,1150.00,247.94,17.22,false,1 load: 20yd on tri-axle,false,,,,no broker data (LI market not scraped),false,,,,n/a — priced directly from partner yard
Long Island,West Hamptons,Sand,Fine Sand,yd,25,false,1825.00,73.00,1250.00,206.25,1456.25,315.52,17.29,false,2 loads: 20yd on tri-axle + 5yd on small dump,false,,,,no broker data (LI market not scraped),false,,,,n/a — priced directly from partner yard
Long Island,West Hamptons,Sand,Fine Sand,yd,30,false,2165.00,72.17,1500.00,228.75,1728.75,373.17,17.24,false,2 loads: 20yd on tri-axle + 10yd on medium dump,false,,,,no broker data (LI market not scraped),false,,,,n/a — priced directly from partner yard
Long Island,Brookhaven,Sand,Fine Sand,yd,3,false,285.00,95.00,150.00,75.00,225.00,51.44,18.05,false,1 load: 3yd on small dump,false,,,,no broker data (LI market not scraped),false,,,,n/a — priced directly from partner yard
Long Island,Brookhaven,Sand,Fine Sand,yd,4,false,345.00,86.25,200.00,75.00,275.00,59.70,17.30,false,1 load: 4yd on small dump,false,,,,no broker data (LI market not scraped),false,,,,n/a — priced directly from partner yard
Long Island,Brookhaven,Sand,Fine Sand,yd,5,false,410.00,82.00,250.00,75.00,325.00,72.81,17.76,false,1 load: 5yd on small dump,false,,,,no broker data (LI market not scraped),false,,,,n/a — priced directly from partner yard
Long Island,Brookhaven,Sand,Fine Sand,yd,6,false,510.00,85.00,300.00,105.00,405.00,89.91,17.63,false,1 load: 6yd on medium dump,false,,,,no broker data (LI market not scraped),false,,,,n/a — priced directly from partner yard
Long Island,Brookhaven,Sand,Fine Sand,yd,8,false,635.00,79.38,400.00,105.00,505.00,111.28,17.53,false,1 load: 8yd on medium dump,false,,,,no broker data (LI market not scraped),false,,,,n/a — priced directly from partner yard
Long Island,Brookhaven,Sand,Fine Sand,yd,10,false,760.00,76.00,500.00,105.00,605.00,132.66,17.46,false,1 load: 10yd on medium dump,false,,,,no broker data (LI market not scraped),false,,,,n/a — priced directly from partner yard
Long Island,Brookhaven,Sand,Fine Sand,yd,12,false,940.00,78.33,600.00,150.00,750.00,162.44,17.28,false,1 load: 12yd on tri-axle,false,,,,no broker data (LI market not scraped),false,,,,n/a — priced directly from partner yard
Long Island,Brookhaven,Sand,Fine Sand,yd,15,false,1125.00,75.00,750.00,150.00,900.00,192.07,17.07,false,1 load: 15yd on tri-axle,false,,,,no broker data (LI market not scraped),false,,,,n/a — priced directly from partner yard
Long Island,Brookhaven,Sand,Fine Sand,yd,20,false,1440.00,72.00,1000.00,150.00,1150.00,247.94,17.22,false,1 load: 20yd on tri-axle,false,,,,no broker data (LI market not scraped),false,,,,n/a — priced directly from partner yard
Long Island,Brookhaven,Sand,Fine Sand,yd,25,false,1825.00,73.00,1250.00,206.25,1456.25,315.52,17.29,false,2 loads: 20yd on tri-axle + 5yd on small dump,false,,,,no broker data (LI market not scraped),false,,,,n/a — priced directly from partner yard
Long Island,Brookhaven,Sand,Fine Sand,yd,30,false,2165.00,72.17,1500.00,228.75,1728.75,373.17,17.24,false,2 loads: 20yd on tri-axle + 10yd on medium dump,false,,,,no broker data (LI market not scraped),false,,,,n/a — priced directly from partner yard
Long Island,East End,Sand,Fine Sand,yd,3,false,315.00,105.00,150.00,100.00,250.00,55.56,17.64,false,1 load: 3yd on small dump,false,,,,no broker data (LI market not scraped),false,,,,n/a — priced directly from partner yard
Long Island,East End,Sand,Fine Sand,yd,4,false,375.00,93.75,200.00,100.00,300.00,63.83,17.02,false,1 load: 4yd on small dump,false,,,,no broker data (LI market not scraped),false,,,,n/a — priced directly from partner yard
Long Island,East End,Sand,Fine Sand,yd,5,false,440.00,88.00,250.00,100.00,350.00,76.94,17.49,false,1 load: 5yd on small dump,false,,,,no broker data (LI market not scraped),false,,,,n/a — priced directly from partner yard
Long Island,East End,Sand,Fine Sand,yd,6,false,550.00,91.67,300.00,140.00,440.00,93.75,17.05,false,1 load: 6yd on medium dump,false,,,,no broker data (LI market not scraped),false,,,,n/a — priced directly from partner yard
Long Island,East End,Sand,Fine Sand,yd,8,false,675.00,84.38,400.00,140.00,540.00,115.13,17.06,false,1 load: 8yd on medium dump,false,,,,no broker data (LI market not scraped),false,,,,n/a — priced directly from partner yard
Long Island,East End,Sand,Fine Sand,yd,10,false,800.00,80.00,500.00,140.00,640.00,136.50,17.06,false,1 load: 10yd on medium dump,false,,,,no broker data (LI market not scraped),false,,,,n/a — priced directly from partner yard
Long Island,East End,Sand,Fine Sand,yd,12,false,1000.00,83.33,600.00,200.00,800.00,170.70,17.07,false,1 load: 12yd on tri-axle,false,,,,no broker data (LI market not scraped),false,,,,n/a — priced directly from partner yard
Long Island,East End,Sand,Fine Sand,yd,15,false,1190.00,79.33,750.00,200.00,950.00,205.19,17.24,false,1 load: 15yd on tri-axle,false,,,,no broker data (LI market not scraped),false,,,,n/a — priced directly from partner yard
Long Island,East End,Sand,Fine Sand,yd,20,false,1500.00,75.00,1000.00,200.00,1200.00,256.20,17.08,false,1 load: 20yd on tri-axle,false,,,,no broker data (LI market not scraped),false,,,,n/a — priced directly from partner yard
Long Island,East End,Sand,Fine Sand,yd,25,false,1910.00,76.40,1250.00,275.00,1525.00,329.31,17.24,false,2 loads: 20yd on tri-axle + 5yd on small dump,false,,,,no broker data (LI market not scraped),false,,,,n/a — priced directly from partner yard
Long Island,East End,Sand,Fine Sand,yd,30,false,2260.00,75.33,1500.00,305.00,1805.00,389.16,17.22,false,2 loads: 20yd on tri-axle + 10yd on medium dump,false,,,,no broker data (LI market not scraped),false,,,,n/a — priced directly from partner yard
Long Island,North Shore,Sand,Fine Sand,yd,3,true,345.00,115.00,150.00,125.00,275.00,59.70,17.30,false,1 load: 3yd on small dump,false,,,,no broker data (LI market not scraped),false,,,,n/a — priced directly from partner yard
Long Island,North Shore,Sand,Fine Sand,yd,4,true,410.00,102.50,200.00,125.00,325.00,72.81,17.76,false,1 load: 4yd on small dump,false,,,,no broker data (LI market not scraped),false,,,,n/a — priced directly from partner yard
Long Island,North Shore,Sand,Fine Sand,yd,5,false,470.00,94.00,250.00,125.00,375.00,81.07,17.25,false,1 load: 5yd on small dump,false,,,,no broker data (LI market not scraped),false,,,,n/a — priced directly from partner yard
Long Island,North Shore,Sand,Fine Sand,yd,6,false,595.00,99.17,300.00,175.00,475.00,102.44,17.22,false,1 load: 6yd on medium dump,false,,,,no broker data (LI market not scraped),false,,,,n/a — priced directly from partner yard
Long Island,North Shore,Sand,Fine Sand,yd,8,false,720.00,90.00,400.00,175.00,575.00,123.82,17.20,false,1 load: 8yd on medium dump,false,,,,no broker data (LI market not scraped),false,,,,n/a — priced directly from partner yard
Long Island,North Shore,Sand,Fine Sand,yd,10,false,845.00,84.50,500.00,175.00,675.00,145.19,17.18,false,1 load: 10yd on medium dump,false,,,,no broker data (LI market not scraped),false,,,,n/a — priced directly from partner yard
Long Island,North Shore,Sand,Fine Sand,yd,12,false,1065.00,88.75,600.00,250.00,850.00,183.81,17.26,false,1 load: 12yd on tri-axle,false,,,,no broker data (LI market not scraped),false,,,,n/a — priced directly from partner yard
Long Island,North Shore,Sand,Fine Sand,yd,15,false,1250.00,83.33,750.00,250.00,1000.00,213.45,17.08,false,1 load: 15yd on tri-axle,false,,,,no broker data (LI market not scraped),false,,,,n/a — priced directly from partner yard
Long Island,North Shore,Sand,Fine Sand,yd,20,false,1565.00,78.25,1000.00,250.00,1250.00,269.31,17.21,false,1 load: 20yd on tri-axle,false,,,,no broker data (LI market not scraped),false,,,,n/a — priced directly from partner yard
Long Island,North Shore,Sand,Fine Sand,yd,25,false,1995.00,79.80,1250.00,343.75,1593.75,343.10,17.20,false,2 loads: 20yd on tri-axle + 5yd on small dump,false,,,,no broker data (LI market not scraped),false,,,,n/a — priced directly from partner yard
Long Island,North Shore,Sand,Fine Sand,yd,30,false,2355.00,78.50,1500.00,381.25,1881.25,405.15,17.20,false,2 loads: 20yd on tri-axle + 10yd on medium dump,false,,,,no broker data (LI market not scraped),false,,,,n/a — priced directly from partner yard
Long Island,Core (Center Moriches area),Sand,State Concrete Sand,yd,3,false,235.00,78.33,150.00,35.00,185.00,42.88,18.25,false,1 load: 3yd on small dump,false,,,,no broker data (LI market not scraped),false,,,,n/a — priced directly from partner yard
Long Island,Core (Center Moriches area),Sand,State Concrete Sand,yd,4,false,295.00,73.75,200.00,35.00,235.00,51.14,17.34,false,1 load: 4yd on small dump,false,,,,no broker data (LI market not scraped),false,,,,n/a — priced directly from partner yard
Long Island,Core (Center Moriches area),Sand,State Concrete Sand,yd,5,false,360.00,72.00,250.00,35.00,285.00,64.26,17.85,false,1 load: 5yd on small dump,false,,,,no broker data (LI market not scraped),false,,,,n/a — priced directly from partner yard
Long Island,Core (Center Moriches area),Sand,State Concrete Sand,yd,6,false,440.00,73.33,300.00,49.00,349.00,77.94,17.71,false,1 load: 6yd on medium dump,false,,,,no broker data (LI market not scraped),false,,,,n/a — priced directly from partner yard
Long Island,Core (Center Moriches area),Sand,State Concrete Sand,yd,8,false,565.00,70.63,400.00,49.00,449.00,99.31,17.58,false,1 load: 8yd on medium dump,false,,,,no broker data (LI market not scraped),false,,,,n/a — priced directly from partner yard
Long Island,Core (Center Moriches area),Sand,State Concrete Sand,yd,10,false,690.00,69.00,500.00,49.00,549.00,120.69,17.49,false,1 load: 10yd on medium dump,false,,,,no broker data (LI market not scraped),false,,,,n/a — priced directly from partner yard
Long Island,Core (Center Moriches area),Sand,State Concrete Sand,yd,12,false,840.00,70.00,600.00,70.00,670.00,145.34,17.30,false,1 load: 12yd on tri-axle,false,,,,no broker data (LI market not scraped),false,,,,n/a — priced directly from partner yard
Long Island,Core (Center Moriches area),Sand,State Concrete Sand,yd,15,false,1025.00,68.33,750.00,70.00,820.00,174.97,17.07,false,1 load: 15yd on tri-axle,false,,,,no broker data (LI market not scraped),false,,,,n/a — priced directly from partner yard
Long Island,Core (Center Moriches area),Sand,State Concrete Sand,yd,20,false,1340.00,67.00,1000.00,70.00,1070.00,230.84,17.23,false,1 load: 20yd on tri-axle,false,,,,no broker data (LI market not scraped),false,,,,n/a — priced directly from partner yard
Long Island,Core (Center Moriches area),Sand,State Concrete Sand,yd,25,false,1685.00,67.40,1250.00,96.25,1346.25,289.58,17.19,false,2 loads: 20yd on tri-axle + 5yd on small dump,false,,,,no broker data (LI market not scraped),false,,,,n/a — priced directly from partner yard
Long Island,Core (Center Moriches area),Sand,State Concrete Sand,yd,30,false,2010.00,67.00,1500.00,106.75,1606.75,344.66,17.15,false,2 loads: 20yd on tri-axle + 10yd on medium dump,false,,,,no broker data (LI market not scraped),false,,,,n/a — priced directly from partner yard
Long Island,West Hamptons,Sand,State Concrete Sand,yd,3,false,285.00,95.00,150.00,75.00,225.00,51.44,18.05,false,1 load: 3yd on small dump,false,,,,no broker data (LI market not scraped),false,,,,n/a — priced directly from partner yard
Long Island,West Hamptons,Sand,State Concrete Sand,yd,4,false,345.00,86.25,200.00,75.00,275.00,59.70,17.30,false,1 load: 4yd on small dump,false,,,,no broker data (LI market not scraped),false,,,,n/a — priced directly from partner yard
Long Island,West Hamptons,Sand,State Concrete Sand,yd,5,false,410.00,82.00,250.00,75.00,325.00,72.81,17.76,false,1 load: 5yd on small dump,false,,,,no broker data (LI market not scraped),false,,,,n/a — priced directly from partner yard
Long Island,West Hamptons,Sand,State Concrete Sand,yd,6,false,510.00,85.00,300.00,105.00,405.00,89.91,17.63,false,1 load: 6yd on medium dump,false,,,,no broker data (LI market not scraped),false,,,,n/a — priced directly from partner yard
Long Island,West Hamptons,Sand,State Concrete Sand,yd,8,false,635.00,79.38,400.00,105.00,505.00,111.28,17.53,false,1 load: 8yd on medium dump,false,,,,no broker data (LI market not scraped),false,,,,n/a — priced directly from partner yard
Long Island,West Hamptons,Sand,State Concrete Sand,yd,10,false,760.00,76.00,500.00,105.00,605.00,132.66,17.46,false,1 load: 10yd on medium dump,false,,,,no broker data (LI market not scraped),false,,,,n/a — priced directly from partner yard
Long Island,West Hamptons,Sand,State Concrete Sand,yd,12,false,940.00,78.33,600.00,150.00,750.00,162.44,17.28,false,1 load: 12yd on tri-axle,false,,,,no broker data (LI market not scraped),false,,,,n/a — priced directly from partner yard
Long Island,West Hamptons,Sand,State Concrete Sand,yd,15,false,1125.00,75.00,750.00,150.00,900.00,192.07,17.07,false,1 load: 15yd on tri-axle,false,,,,no broker data (LI market not scraped),false,,,,n/a — priced directly from partner yard
Long Island,West Hamptons,Sand,State Concrete Sand,yd,20,false,1440.00,72.00,1000.00,150.00,1150.00,247.94,17.22,false,1 load: 20yd on tri-axle,false,,,,no broker data (LI market not scraped),false,,,,n/a — priced directly from partner yard
Long Island,West Hamptons,Sand,State Concrete Sand,yd,25,false,1825.00,73.00,1250.00,206.25,1456.25,315.52,17.29,false,2 loads: 20yd on tri-axle + 5yd on small dump,false,,,,no broker data (LI market not scraped),false,,,,n/a — priced directly from partner yard
Long Island,West Hamptons,Sand,State Concrete Sand,yd,30,false,2165.00,72.17,1500.00,228.75,1728.75,373.17,17.24,false,2 loads: 20yd on tri-axle + 10yd on medium dump,false,,,,no broker data (LI market not scraped),false,,,,n/a — priced directly from partner yard
Long Island,Brookhaven,Sand,State Concrete Sand,yd,3,false,285.00,95.00,150.00,75.00,225.00,51.44,18.05,false,1 load: 3yd on small dump,false,,,,no broker data (LI market not scraped),false,,,,n/a — priced directly from partner yard
Long Island,Brookhaven,Sand,State Concrete Sand,yd,4,false,345.00,86.25,200.00,75.00,275.00,59.70,17.30,false,1 load: 4yd on small dump,false,,,,no broker data (LI market not scraped),false,,,,n/a — priced directly from partner yard
Long Island,Brookhaven,Sand,State Concrete Sand,yd,5,false,410.00,82.00,250.00,75.00,325.00,72.81,17.76,false,1 load: 5yd on small dump,false,,,,no broker data (LI market not scraped),false,,,,n/a — priced directly from partner yard
Long Island,Brookhaven,Sand,State Concrete Sand,yd,6,false,510.00,85.00,300.00,105.00,405.00,89.91,17.63,false,1 load: 6yd on medium dump,false,,,,no broker data (LI market not scraped),false,,,,n/a — priced directly from partner yard
Long Island,Brookhaven,Sand,State Concrete Sand,yd,8,false,635.00,79.38,400.00,105.00,505.00,111.28,17.53,false,1 load: 8yd on medium dump,false,,,,no broker data (LI market not scraped),false,,,,n/a — priced directly from partner yard
Long Island,Brookhaven,Sand,State Concrete Sand,yd,10,false,760.00,76.00,500.00,105.00,605.00,132.66,17.46,false,1 load: 10yd on medium dump,false,,,,no broker data (LI market not scraped),false,,,,n/a — priced directly from partner yard
Long Island,Brookhaven,Sand,State Concrete Sand,yd,12,false,940.00,78.33,600.00,150.00,750.00,162.44,17.28,false,1 load: 12yd on tri-axle,false,,,,no broker data (LI market not scraped),false,,,,n/a — priced directly from partner yard
Long Island,Brookhaven,Sand,State Concrete Sand,yd,15,false,1125.00,75.00,750.00,150.00,900.00,192.07,17.07,false,1 load: 15yd on tri-axle,false,,,,no broker data (LI market not scraped),false,,,,n/a — priced directly from partner yard
Long Island,Brookhaven,Sand,State Concrete Sand,yd,20,false,1440.00,72.00,1000.00,150.00,1150.00,247.94,17.22,false,1 load: 20yd on tri-axle,false,,,,no broker data (LI market not scraped),false,,,,n/a — priced directly from partner yard
Long Island,Brookhaven,Sand,State Concrete Sand,yd,25,false,1825.00,73.00,1250.00,206.25,1456.25,315.52,17.29,false,2 loads: 20yd on tri-axle + 5yd on small dump,false,,,,no broker data (LI market not scraped),false,,,,n/a — priced directly from partner yard
Long Island,Brookhaven,Sand,State Concrete Sand,yd,30,false,2165.00,72.17,1500.00,228.75,1728.75,373.17,17.24,false,2 loads: 20yd on tri-axle + 10yd on medium dump,false,,,,no broker data (LI market not scraped),false,,,,n/a — priced directly from partner yard
Long Island,East End,Sand,State Concrete Sand,yd,3,false,315.00,105.00,150.00,100.00,250.00,55.56,17.64,false,1 load: 3yd on small dump,false,,,,no broker data (LI market not scraped),false,,,,n/a — priced directly from partner yard
Long Island,East End,Sand,State Concrete Sand,yd,4,false,375.00,93.75,200.00,100.00,300.00,63.83,17.02,false,1 load: 4yd on small dump,false,,,,no broker data (LI market not scraped),false,,,,n/a — priced directly from partner yard
Long Island,East End,Sand,State Concrete Sand,yd,5,false,440.00,88.00,250.00,100.00,350.00,76.94,17.49,false,1 load: 5yd on small dump,false,,,,no broker data (LI market not scraped),false,,,,n/a — priced directly from partner yard
Long Island,East End,Sand,State Concrete Sand,yd,6,false,550.00,91.67,300.00,140.00,440.00,93.75,17.05,false,1 load: 6yd on medium dump,false,,,,no broker data (LI market not scraped),false,,,,n/a — priced directly from partner yard
Long Island,East End,Sand,State Concrete Sand,yd,8,false,675.00,84.38,400.00,140.00,540.00,115.13,17.06,false,1 load: 8yd on medium dump,false,,,,no broker data (LI market not scraped),false,,,,n/a — priced directly from partner yard
Long Island,East End,Sand,State Concrete Sand,yd,10,false,800.00,80.00,500.00,140.00,640.00,136.50,17.06,false,1 load: 10yd on medium dump,false,,,,no broker data (LI market not scraped),false,,,,n/a — priced directly from partner yard
Long Island,East End,Sand,State Concrete Sand,yd,12,false,1000.00,83.33,600.00,200.00,800.00,170.70,17.07,false,1 load: 12yd on tri-axle,false,,,,no broker data (LI market not scraped),false,,,,n/a — priced directly from partner yard
Long Island,East End,Sand,State Concrete Sand,yd,15,false,1190.00,79.33,750.00,200.00,950.00,205.19,17.24,false,1 load: 15yd on tri-axle,false,,,,no broker data (LI market not scraped),false,,,,n/a — priced directly from partner yard
Long Island,East End,Sand,State Concrete Sand,yd,20,false,1500.00,75.00,1000.00,200.00,1200.00,256.20,17.08,false,1 load: 20yd on tri-axle,false,,,,no broker data (LI market not scraped),false,,,,n/a — priced directly from partner yard
Long Island,East End,Sand,State Concrete Sand,yd,25,false,1910.00,76.40,1250.00,275.00,1525.00,329.31,17.24,false,2 loads: 20yd on tri-axle + 5yd on small dump,false,,,,no broker data (LI market not scraped),false,,,,n/a — priced directly from partner yard
Long Island,East End,Sand,State Concrete Sand,yd,30,false,2260.00,75.33,1500.00,305.00,1805.00,389.16,17.22,false,2 loads: 20yd on tri-axle + 10yd on medium dump,false,,,,no broker data (LI market not scraped),false,,,,n/a — priced directly from partner yard
Long Island,North Shore,Sand,State Concrete Sand,yd,3,true,345.00,115.00,150.00,125.00,275.00,59.70,17.30,false,1 load: 3yd on small dump,false,,,,no broker data (LI market not scraped),false,,,,n/a — priced directly from partner yard
Long Island,North Shore,Sand,State Concrete Sand,yd,4,true,410.00,102.50,200.00,125.00,325.00,72.81,17.76,false,1 load: 4yd on small dump,false,,,,no broker data (LI market not scraped),false,,,,n/a — priced directly from partner yard
Long Island,North Shore,Sand,State Concrete Sand,yd,5,false,470.00,94.00,250.00,125.00,375.00,81.07,17.25,false,1 load: 5yd on small dump,false,,,,no broker data (LI market not scraped),false,,,,n/a — priced directly from partner yard
Long Island,North Shore,Sand,State Concrete Sand,yd,6,false,595.00,99.17,300.00,175.00,475.00,102.44,17.22,false,1 load: 6yd on medium dump,false,,,,no broker data (LI market not scraped),false,,,,n/a — priced directly from partner yard
Long Island,North Shore,Sand,State Concrete Sand,yd,8,false,720.00,90.00,400.00,175.00,575.00,123.82,17.20,false,1 load: 8yd on medium dump,false,,,,no broker data (LI market not scraped),false,,,,n/a — priced directly from partner yard
Long Island,North Shore,Sand,State Concrete Sand,yd,10,false,845.00,84.50,500.00,175.00,675.00,145.19,17.18,false,1 load: 10yd on medium dump,false,,,,no broker data (LI market not scraped),false,,,,n/a — priced directly from partner yard
Long Island,North Shore,Sand,State Concrete Sand,yd,12,false,1065.00,88.75,600.00,250.00,850.00,183.81,17.26,false,1 load: 12yd on tri-axle,false,,,,no broker data (LI market not scraped),false,,,,n/a — priced directly from partner yard
Long Island,North Shore,Sand,State Concrete Sand,yd,15,false,1250.00,83.33,750.00,250.00,1000.00,213.45,17.08,false,1 load: 15yd on tri-axle,false,,,,no broker data (LI market not scraped),false,,,,n/a — priced directly from partner yard
Long Island,North Shore,Sand,State Concrete Sand,yd,20,false,1565.00,78.25,1000.00,250.00,1250.00,269.31,17.21,false,1 load: 20yd on tri-axle,false,,,,no broker data (LI market not scraped),false,,,,n/a — priced directly from partner yard
Long Island,North Shore,Sand,State Concrete Sand,yd,25,false,1995.00,79.80,1250.00,343.75,1593.75,343.10,17.20,false,2 loads: 20yd on tri-axle + 5yd on small dump,false,,,,no broker data (LI market not scraped),false,,,,n/a — priced directly from partner yard
Long Island,North Shore,Sand,State Concrete Sand,yd,30,false,2355.00,78.50,1500.00,381.25,1881.25,405.15,17.20,false,2 loads: 20yd on tri-axle + 10yd on medium dump,false,,,,no broker data (LI market not scraped),false,,,,n/a — priced directly from partner yard
Long Island,Core (Center Moriches area),Mulch,Black Mulch,yd,3,false,160.00,53.33,90.00,35.00,125.00,30.06,18.79,false,1 load: 3yd on small dump,false,,,,no broker data (LI market not scraped),false,,,,n/a — priced directly from partner yard
Long Island,Core (Center Moriches area),Mulch,Black Mulch,yd,4,false,195.00,48.75,120.00,35.00,155.00,34.05,17.46,false,1 load: 4yd on small dump,false,,,,no broker data (LI market not scraped),false,,,,n/a — priced directly from partner yard
Long Island,Core (Center Moriches area),Mulch,Black Mulch,yd,5,false,235.00,47.00,150.00,35.00,185.00,42.88,18.25,false,1 load: 5yd on small dump,false,,,,no broker data (LI market not scraped),false,,,,n/a — priced directly from partner yard
Long Island,Core (Center Moriches area),Mulch,Black Mulch,yd,6,false,270.00,45.00,180.00,35.00,215.00,46.87,17.36,false,1 load: 6yd on small dump,false,,,,no broker data (LI market not scraped),false,,,,n/a — priced directly from partner yard
Long Island,Core (Center Moriches area),Mulch,Black Mulch,yd,8,false,365.00,45.63,240.00,49.00,289.00,65.11,17.84,false,1 load: 8yd on medium dump,false,,,,no broker data (LI market not scraped),false,,,,n/a — priced directly from partner yard
Long Island,Core (Center Moriches area),Mulch,Black Mulch,yd,10,false,440.00,44.00,300.00,49.00,349.00,77.94,17.71,false,1 load: 10yd on medium dump,false,,,,no broker data (LI market not scraped),false,,,,n/a — priced directly from partner yard
Long Island,Core (Center Moriches area),Mulch,Black Mulch,yd,12,false,540.00,45.00,360.00,70.00,430.00,94.04,17.41,false,1 load: 12yd on tri-axle,false,,,,no broker data (LI market not scraped),false,,,,n/a — priced directly from partner yard
Long Island,Core (Center Moriches area),Mulch,Black Mulch,yd,15,false,650.00,43.33,450.00,70.00,520.00,110.85,17.05,false,1 load: 15yd on tri-axle,false,,,,no broker data (LI market not scraped),false,,,,n/a — priced directly from partner yard
Long Island,Core (Center Moriches area),Mulch,Black Mulch,yd,20,false,840.00,42.00,600.00,70.00,670.00,145.34,17.30,false,1 load: 20yd on tri-axle,false,,,,no broker data (LI market not scraped),false,,,,n/a — priced directly from partner yard
Long Island,Core (Center Moriches area),Mulch,Black Mulch,yd,25,false,1060.00,42.40,750.00,96.25,846.25,182.71,17.24,false,2 loads: 20yd on tri-axle + 5yd on small dump,false,,,,no broker data (LI market not scraped),false,,,,n/a — priced directly from partner yard
Long Island,Core (Center Moriches area),Mulch,Black Mulch,yd,30,false,1260.00,42.00,900.00,106.75,1006.75,216.41,17.18,false,2 loads: 20yd on tri-axle + 10yd on medium dump,false,,,,no broker data (LI market not scraped),false,,,,n/a — priced directly from partner yard
Long Island,West Hamptons,Mulch,Black Mulch,yd,3,false,210.00,70.00,90.00,75.00,165.00,38.61,18.39,false,1 load: 3yd on small dump,false,,,,no broker data (LI market not scraped),false,,,,n/a — priced directly from partner yard
Long Island,West Hamptons,Mulch,Black Mulch,yd,4,false,245.00,61.25,120.00,75.00,195.00,42.59,17.39,false,1 load: 4yd on small dump,false,,,,no broker data (LI market not scraped),false,,,,n/a — priced directly from partner yard
Long Island,West Hamptons,Mulch,Black Mulch,yd,5,false,285.00,57.00,150.00,75.00,225.00,51.44,18.05,false,1 load: 5yd on small dump,false,,,,no broker data (LI market not scraped),false,,,,n/a — priced directly from partner yard
Long Island,West Hamptons,Mulch,Black Mulch,yd,6,false,320.00,53.33,180.00,75.00,255.00,55.42,17.32,false,1 load: 6yd on small dump,false,,,,no broker data (LI market not scraped),false,,,,n/a — priced directly from partner yard
Long Island,West Hamptons,Mulch,Black Mulch,yd,8,false,435.00,54.38,240.00,105.00,345.00,77.08,17.72,false,1 load: 8yd on medium dump,false,,,,no broker data (LI market not scraped),false,,,,n/a — priced directly from partner yard
Long Island,West Hamptons,Mulch,Black Mulch,yd,10,false,510.00,51.00,300.00,105.00,405.00,89.91,17.63,false,1 load: 10yd on medium dump,false,,,,no broker data (LI market not scraped),false,,,,n/a — priced directly from partner yard
Long Island,West Hamptons,Mulch,Black Mulch,yd,12,false,640.00,53.33,360.00,150.00,510.00,111.14,17.37,false,1 load: 12yd on tri-axle,false,,,,no broker data (LI market not scraped),false,,,,n/a — priced directly from partner yard
Long Island,West Hamptons,Mulch,Black Mulch,yd,15,false,750.00,50.00,450.00,150.00,600.00,127.95,17.06,false,1 load: 15yd on tri-axle,false,,,,no broker data (LI market not scraped),false,,,,n/a — priced directly from partner yard
Long Island,West Hamptons,Mulch,Black Mulch,yd,20,false,940.00,47.00,600.00,150.00,750.00,162.44,17.28,false,1 load: 20yd on tri-axle,false,,,,no broker data (LI market not scraped),false,,,,n/a — priced directly from partner yard
Long Island,West Hamptons,Mulch,Black Mulch,yd,25,false,1200.00,48.00,750.00,206.25,956.25,208.65,17.39,false,2 loads: 20yd on tri-axle + 5yd on small dump,false,,,,no broker data (LI market not scraped),false,,,,n/a — priced directly from partner yard
Long Island,West Hamptons,Mulch,Black Mulch,yd,30,false,1415.00,47.17,900.00,228.75,1128.75,244.91,17.31,false,2 loads: 20yd on tri-axle + 10yd on medium dump,false,,,,no broker data (LI market not scraped),false,,,,n/a — priced directly from partner yard
Long Island,Brookhaven,Mulch,Black Mulch,yd,3,false,210.00,70.00,90.00,75.00,165.00,38.61,18.39,false,1 load: 3yd on small dump,false,,,,no broker data (LI market not scraped),false,,,,n/a — priced directly from partner yard
Long Island,Brookhaven,Mulch,Black Mulch,yd,4,false,245.00,61.25,120.00,75.00,195.00,42.59,17.39,false,1 load: 4yd on small dump,false,,,,no broker data (LI market not scraped),false,,,,n/a — priced directly from partner yard
Long Island,Brookhaven,Mulch,Black Mulch,yd,5,false,285.00,57.00,150.00,75.00,225.00,51.44,18.05,false,1 load: 5yd on small dump,false,,,,no broker data (LI market not scraped),false,,,,n/a — priced directly from partner yard
Long Island,Brookhaven,Mulch,Black Mulch,yd,6,false,320.00,53.33,180.00,75.00,255.00,55.42,17.32,false,1 load: 6yd on small dump,false,,,,no broker data (LI market not scraped),false,,,,n/a — priced directly from partner yard
Long Island,Brookhaven,Mulch,Black Mulch,yd,8,false,435.00,54.38,240.00,105.00,345.00,77.08,17.72,false,1 load: 8yd on medium dump,false,,,,no broker data (LI market not scraped),false,,,,n/a — priced directly from partner yard
Long Island,Brookhaven,Mulch,Black Mulch,yd,10,false,510.00,51.00,300.00,105.00,405.00,89.91,17.63,false,1 load: 10yd on medium dump,false,,,,no broker data (LI market not scraped),false,,,,n/a — priced directly from partner yard
Long Island,Brookhaven,Mulch,Black Mulch,yd,12,false,640.00,53.33,360.00,150.00,510.00,111.14,17.37,false,1 load: 12yd on tri-axle,false,,,,no broker data (LI market not scraped),false,,,,n/a — priced directly from partner yard
Long Island,Brookhaven,Mulch,Black Mulch,yd,15,false,750.00,50.00,450.00,150.00,600.00,127.95,17.06,false,1 load: 15yd on tri-axle,false,,,,no broker data (LI market not scraped),false,,,,n/a — priced directly from partner yard
Long Island,Brookhaven,Mulch,Black Mulch,yd,20,false,940.00,47.00,600.00,150.00,750.00,162.44,17.28,false,1 load: 20yd on tri-axle,false,,,,no broker data (LI market not scraped),false,,,,n/a — priced directly from partner yard
Long Island,Brookhaven,Mulch,Black Mulch,yd,25,false,1200.00,48.00,750.00,206.25,956.25,208.65,17.39,false,2 loads: 20yd on tri-axle + 5yd on small dump,false,,,,no broker data (LI market not scraped),false,,,,n/a — priced directly from partner yard
Long Island,Brookhaven,Mulch,Black Mulch,yd,30,false,1415.00,47.17,900.00,228.75,1128.75,244.91,17.31,false,2 loads: 20yd on tri-axle + 10yd on medium dump,false,,,,no broker data (LI market not scraped),false,,,,n/a — priced directly from partner yard
Long Island,East End,Mulch,Black Mulch,yd,3,false,240.00,80.00,90.00,100.00,190.00,42.74,17.81,false,1 load: 3yd on small dump,false,,,,no broker data (LI market not scraped),false,,,,n/a — priced directly from partner yard
Long Island,East End,Mulch,Black Mulch,yd,4,false,275.00,68.75,120.00,100.00,220.00,46.73,16.99,false,1 load: 4yd on small dump,false,,,,no broker data (LI market not scraped),false,,,,n/a — priced directly from partner yard
Long Island,East End,Mulch,Black Mulch,yd,5,false,315.00,63.00,150.00,100.00,250.00,55.56,17.64,false,1 load: 5yd on small dump,false,,,,no broker data (LI market not scraped),false,,,,n/a — priced directly from partner yard
Long Island,East End,Mulch,Black Mulch,yd,6,false,350.00,58.33,180.00,100.00,280.00,59.55,17.01,false,1 load: 6yd on small dump,false,,,,no broker data (LI market not scraped),false,,,,n/a — priced directly from partner yard
Long Island,East End,Mulch,Black Mulch,yd,8,false,475.00,59.38,240.00,140.00,380.00,80.92,17.04,false,1 load: 8yd on medium dump,false,,,,no broker data (LI market not scraped),false,,,,n/a — priced directly from partner yard
Long Island,East End,Mulch,Black Mulch,yd,10,false,550.00,55.00,300.00,140.00,440.00,93.75,17.05,false,1 load: 10yd on medium dump,false,,,,no broker data (LI market not scraped),false,,,,n/a — priced directly from partner yard
Long Island,East End,Mulch,Black Mulch,yd,12,false,700.00,58.33,360.00,200.00,560.00,119.40,17.06,false,1 load: 12yd on tri-axle,false,,,,no broker data (LI market not scraped),false,,,,n/a — priced directly from partner yard
Long Island,East End,Mulch,Black Mulch,yd,15,false,815.00,54.33,450.00,200.00,650.00,141.06,17.31,false,1 load: 15yd on tri-axle,false,,,,no broker data (LI market not scraped),false,,,,n/a — priced directly from partner yard
Long Island,East End,Mulch,Black Mulch,yd,20,false,1000.00,50.00,600.00,200.00,800.00,170.70,17.07,false,1 load: 20yd on tri-axle,false,,,,no broker data (LI market not scraped),false,,,,n/a — priced directly from partner yard
Long Island,East End,Mulch,Black Mulch,yd,25,false,1285.00,51.40,750.00,275.00,1025.00,222.44,17.31,false,2 loads: 20yd on tri-axle + 5yd on small dump,false,,,,no broker data (LI market not scraped),false,,,,n/a — priced directly from partner yard
Long Island,East End,Mulch,Black Mulch,yd,30,false,1510.00,50.33,900.00,305.00,1205.00,260.91,17.28,false,2 loads: 20yd on tri-axle + 10yd on medium dump,false,,,,no broker data (LI market not scraped),false,,,,n/a — priced directly from partner yard
Long Island,North Shore,Mulch,Black Mulch,yd,3,true,270.00,90.00,90.00,125.00,215.00,46.87,17.36,false,1 load: 3yd on small dump,false,,,,no broker data (LI market not scraped),false,,,,n/a — priced directly from partner yard
Long Island,North Shore,Mulch,Black Mulch,yd,4,true,310.00,77.50,120.00,125.00,245.00,55.71,17.97,false,1 load: 4yd on small dump,false,,,,no broker data (LI market not scraped),false,,,,n/a — priced directly from partner yard
Long Island,North Shore,Mulch,Black Mulch,yd,5,false,345.00,69.00,150.00,125.00,275.00,59.70,17.30,false,1 load: 5yd on small dump,false,,,,no broker data (LI market not scraped),false,,,,n/a — priced directly from partner yard
Long Island,North Shore,Mulch,Black Mulch,yd,6,false,385.00,64.17,180.00,125.00,305.00,68.53,17.80,false,1 load: 6yd on small dump,false,,,,no broker data (LI market not scraped),false,,,,n/a — priced directly from partner yard
Long Island,North Shore,Mulch,Black Mulch,yd,8,false,520.00,65.00,240.00,175.00,415.00,89.62,17.23,false,1 load: 8yd on medium dump,false,,,,no broker data (LI market not scraped),false,,,,n/a — priced directly from partner yard
Long Island,North Shore,Mulch,Black Mulch,yd,10,false,595.00,59.50,300.00,175.00,475.00,102.44,17.22,false,1 load: 10yd on medium dump,false,,,,no broker data (LI market not scraped),false,,,,n/a — priced directly from partner yard
Long Island,North Shore,Mulch,Black Mulch,yd,12,false,765.00,63.75,360.00,250.00,610.00,132.51,17.32,false,1 load: 12yd on tri-axle,false,,,,no broker data (LI market not scraped),false,,,,n/a — priced directly from partner yard
Long Island,North Shore,Mulch,Black Mulch,yd,15,false,875.00,58.33,450.00,250.00,700.00,149.32,17.07,false,1 load: 15yd on tri-axle,false,,,,no broker data (LI market not scraped),false,,,,n/a — priced directly from partner yard
Long Island,North Shore,Mulch,Black Mulch,yd,20,false,1065.00,53.25,600.00,250.00,850.00,183.81,17.26,false,1 load: 20yd on tri-axle,false,,,,no broker data (LI market not scraped),false,,,,n/a — priced directly from partner yard
Long Island,North Shore,Mulch,Black Mulch,yd,25,false,1370.00,54.80,750.00,343.75,1093.75,236.22,17.24,false,2 loads: 20yd on tri-axle + 5yd on small dump,false,,,,no broker data (LI market not scraped),false,,,,n/a — priced directly from partner yard
Long Island,North Shore,Mulch,Black Mulch,yd,30,false,1605.00,53.50,900.00,381.25,1281.25,276.90,17.25,false,2 loads: 20yd on tri-axle + 10yd on medium dump,false,,,,no broker data (LI market not scraped),false,,,,n/a — priced directly from partner yard
Long Island,Core (Center Moriches area),Mulch,Dark Natural Mulch,yd,3,false,115.00,38.33,57.00,35.00,92.00,19.37,16.84,false,1 load: 3yd on small dump,false,,,,no broker data (LI market not scraped),false,,,,n/a — priced directly from partner yard
Long Island,Core (Center Moriches area),Mulch,Dark Natural Mulch,yd,4,false,140.00,35.00,76.00,35.00,111.00,24.64,17.60,false,1 load: 4yd on small dump,false,,,,no broker data (LI market not scraped),false,,,,n/a — priced directly from partner yard
Long Island,Core (Center Moriches area),Mulch,Dark Natural Mulch,yd,5,false,165.00,33.00,95.00,35.00,130.00,29.91,18.13,false,1 load: 5yd on small dump,false,,,,no broker data (LI market not scraped),false,,,,n/a — priced directly from partner yard
Long Island,Core (Center Moriches area),Mulch,Dark Natural Mulch,yd,6,false,190.00,31.67,114.00,35.00,149.00,35.19,18.52,false,1 load: 6yd on small dump,false,,,,no broker data (LI market not scraped),false,,,,n/a — priced directly from partner yard
Long Island,Core (Center Moriches area),Mulch,Dark Natural Mulch,yd,8,false,255.00,31.88,152.00,49.00,201.00,46.30,18.16,false,1 load: 8yd on medium dump,false,,,,no broker data (LI market not scraped),false,,,,n/a — priced directly from partner yard
Long Island,Core (Center Moriches area),Mulch,Dark Natural Mulch,yd,10,false,300.00,30.00,190.00,49.00,239.00,52.00,17.33,false,1 load: 10yd on medium dump,false,,,,no broker data (LI market not scraped),false,,,,n/a — priced directly from partner yard
Long Island,Core (Center Moriches area),Mulch,Dark Natural Mulch,yd,12,false,375.00,31.25,228.00,70.00,298.00,65.83,17.55,false,1 load: 12yd on tri-axle,false,,,,no broker data (LI market not scraped),false,,,,n/a — priced directly from partner yard
Long Island,Core (Center Moriches area),Mulch,Dark Natural Mulch,yd,15,false,445.00,29.67,285.00,70.00,355.00,76.80,17.26,false,1 load: 15yd on tri-axle,false,,,,no broker data (LI market not scraped),false,,,,n/a — priced directly from partner yard
Long Island,Core (Center Moriches area),Mulch,Dark Natural Mulch,yd,20,false,565.00,28.25,380.00,70.00,450.00,98.31,17.40,false,1 load: 20yd on tri-axle,false,,,,no broker data (LI market not scraped),false,,,,n/a — priced directly from partner yard
Long Island,Core (Center Moriches area),Mulch,Dark Natural Mulch,yd,25,false,715.00,28.60,475.00,96.25,571.25,122.72,17.16,false,2 loads: 20yd on tri-axle + 5yd on small dump,false,,,,no broker data (LI market not scraped),false,,,,n/a — priced directly from partner yard
Long Island,Core (Center Moriches area),Mulch,Dark Natural Mulch,yd,30,false,850.00,28.33,570.00,106.75,676.75,148.30,17.45,false,2 loads: 20yd on tri-axle + 10yd on medium dump,false,,,,no broker data (LI market not scraped),false,,,,n/a — priced directly from partner yard
Long Island,West Hamptons,Mulch,Dark Natural Mulch,yd,3,false,165.00,55.00,57.00,75.00,132.00,27.91,16.92,false,1 load: 3yd on small dump,false,,,,no broker data (LI market not scraped),false,,,,n/a — priced directly from partner yard
Long Island,West Hamptons,Mulch,Dark Natural Mulch,yd,4,false,190.00,47.50,76.00,75.00,151.00,33.19,17.47,false,1 load: 4yd on small dump,false,,,,no broker data (LI market not scraped),false,,,,n/a — priced directly from partner yard
Long Island,West Hamptons,Mulch,Dark Natural Mulch,yd,5,false,215.00,43.00,95.00,75.00,170.00,38.47,17.89,false,1 load: 5yd on small dump,false,,,,no broker data (LI market not scraped),false,,,,n/a — priced directly from partner yard
Long Island,West Hamptons,Mulch,Dark Natural Mulch,yd,6,false,240.00,40.00,114.00,75.00,189.00,43.74,18.22,false,1 load: 6yd on small dump,false,,,,no broker data (LI market not scraped),false,,,,n/a — priced directly from partner yard
Long Island,West Hamptons,Mulch,Dark Natural Mulch,yd,8,false,325.00,40.63,152.00,105.00,257.00,58.27,17.93,false,1 load: 8yd on medium dump,false,,,,no broker data (LI market not scraped),false,,,,n/a — priced directly from partner yard
Long Island,West Hamptons,Mulch,Dark Natural Mulch,yd,10,false,370.00,37.00,190.00,105.00,295.00,63.97,17.29,false,1 load: 10yd on medium dump,false,,,,no broker data (LI market not scraped),false,,,,n/a — priced directly from partner yard
Long Island,West Hamptons,Mulch,Dark Natural Mulch,yd,12,false,475.00,39.58,228.00,150.00,378.00,82.92,17.46,false,1 load: 12yd on tri-axle,false,,,,no broker data (LI market not scraped),false,,,,n/a — priced directly from partner yard
Long Island,West Hamptons,Mulch,Dark Natural Mulch,yd,15,false,545.00,36.33,285.00,150.00,435.00,93.89,17.23,false,1 load: 15yd on tri-axle,false,,,,no broker data (LI market not scraped),false,,,,n/a — priced directly from partner yard
Long Island,West Hamptons,Mulch,Dark Natural Mulch,yd,20,false,665.00,33.25,380.00,150.00,530.00,115.41,17.36,false,1 load: 20yd on tri-axle,false,,,,no broker data (LI market not scraped),false,,,,n/a — priced directly from partner yard
Long Island,West Hamptons,Mulch,Dark Natural Mulch,yd,25,false,855.00,34.20,475.00,206.25,681.25,148.66,17.39,false,2 loads: 20yd on tri-axle + 5yd on small dump,false,,,,no broker data (LI market not scraped),false,,,,n/a — priced directly from partner yard
Long Island,West Hamptons,Mulch,Dark Natural Mulch,yd,30,false,1000.00,33.33,570.00,228.75,798.75,171.95,17.20,false,2 loads: 20yd on tri-axle + 10yd on medium dump,false,,,,no broker data (LI market not scraped),false,,,,n/a — priced directly from partner yard
Long Island,Brookhaven,Mulch,Dark Natural Mulch,yd,3,false,165.00,55.00,57.00,75.00,132.00,27.91,16.92,false,1 load: 3yd on small dump,false,,,,no broker data (LI market not scraped),false,,,,n/a — priced directly from partner yard
Long Island,Brookhaven,Mulch,Dark Natural Mulch,yd,4,false,190.00,47.50,76.00,75.00,151.00,33.19,17.47,false,1 load: 4yd on small dump,false,,,,no broker data (LI market not scraped),false,,,,n/a — priced directly from partner yard
Long Island,Brookhaven,Mulch,Dark Natural Mulch,yd,5,false,215.00,43.00,95.00,75.00,170.00,38.47,17.89,false,1 load: 5yd on small dump,false,,,,no broker data (LI market not scraped),false,,,,n/a — priced directly from partner yard
Long Island,Brookhaven,Mulch,Dark Natural Mulch,yd,6,false,240.00,40.00,114.00,75.00,189.00,43.74,18.22,false,1 load: 6yd on small dump,false,,,,no broker data (LI market not scraped),false,,,,n/a — priced directly from partner yard
Long Island,Brookhaven,Mulch,Dark Natural Mulch,yd,8,false,325.00,40.63,152.00,105.00,257.00,58.27,17.93,false,1 load: 8yd on medium dump,false,,,,no broker data (LI market not scraped),false,,,,n/a — priced directly from partner yard
Long Island,Brookhaven,Mulch,Dark Natural Mulch,yd,10,false,370.00,37.00,190.00,105.00,295.00,63.97,17.29,false,1 load: 10yd on medium dump,false,,,,no broker data (LI market not scraped),false,,,,n/a — priced directly from partner yard
Long Island,Brookhaven,Mulch,Dark Natural Mulch,yd,12,false,475.00,39.58,228.00,150.00,378.00,82.92,17.46,false,1 load: 12yd on tri-axle,false,,,,no broker data (LI market not scraped),false,,,,n/a — priced directly from partner yard
Long Island,Brookhaven,Mulch,Dark Natural Mulch,yd,15,false,545.00,36.33,285.00,150.00,435.00,93.89,17.23,false,1 load: 15yd on tri-axle,false,,,,no broker data (LI market not scraped),false,,,,n/a — priced directly from partner yard
Long Island,Brookhaven,Mulch,Dark Natural Mulch,yd,20,false,665.00,33.25,380.00,150.00,530.00,115.41,17.36,false,1 load: 20yd on tri-axle,false,,,,no broker data (LI market not scraped),false,,,,n/a — priced directly from partner yard
Long Island,Brookhaven,Mulch,Dark Natural Mulch,yd,25,false,855.00,34.20,475.00,206.25,681.25,148.66,17.39,false,2 loads: 20yd on tri-axle + 5yd on small dump,false,,,,no broker data (LI market not scraped),false,,,,n/a — priced directly from partner yard
Long Island,Brookhaven,Mulch,Dark Natural Mulch,yd,30,false,1000.00,33.33,570.00,228.75,798.75,171.95,17.20,false,2 loads: 20yd on tri-axle + 10yd on medium dump,false,,,,no broker data (LI market not scraped),false,,,,n/a — priced directly from partner yard
Long Island,East End,Mulch,Dark Natural Mulch,yd,3,false,200.00,66.67,57.00,100.00,157.00,36.90,18.45,false,1 load: 3yd on small dump,false,,,,no broker data (LI market not scraped),false,,,,n/a — priced directly from partner yard
Long Island,East End,Mulch,Dark Natural Mulch,yd,4,false,220.00,55.00,76.00,100.00,176.00,37.32,16.96,false,1 load: 4yd on small dump,false,,,,no broker data (LI market not scraped),false,,,,n/a — priced directly from partner yard
Long Island,East End,Mulch,Dark Natural Mulch,yd,5,false,245.00,49.00,95.00,100.00,195.00,42.59,17.39,false,1 load: 5yd on small dump,false,,,,no broker data (LI market not scraped),false,,,,n/a — priced directly from partner yard
Long Island,East End,Mulch,Dark Natural Mulch,yd,6,false,270.00,45.00,114.00,100.00,214.00,47.87,17.73,false,1 load: 6yd on small dump,false,,,,no broker data (LI market not scraped),false,,,,n/a — priced directly from partner yard
Long Island,East End,Mulch,Dark Natural Mulch,yd,8,false,365.00,45.63,152.00,140.00,292.00,62.11,17.02,false,1 load: 8yd on medium dump,false,,,,no broker data (LI market not scraped),false,,,,n/a — priced directly from partner yard
Long Island,East End,Mulch,Dark Natural Mulch,yd,10,false,415.00,41.50,190.00,140.00,330.00,72.66,17.51,false,1 load: 10yd on medium dump,false,,,,no broker data (LI market not scraped),false,,,,n/a — priced directly from partner yard
Long Island,East End,Mulch,Dark Natural Mulch,yd,12,false,535.00,44.58,228.00,200.00,428.00,91.19,17.04,false,1 load: 12yd on tri-axle,false,,,,no broker data (LI market not scraped),false,,,,n/a — priced directly from partner yard
Long Island,East End,Mulch,Dark Natural Mulch,yd,15,false,610.00,40.67,285.00,200.00,485.00,107.01,17.54,false,1 load: 15yd on tri-axle,false,,,,no broker data (LI market not scraped),false,,,,n/a — priced directly from partner yard
Long Island,East End,Mulch,Dark Natural Mulch,yd,20,false,725.00,36.25,380.00,200.00,580.00,123.67,17.06,false,1 load: 20yd on tri-axle,false,,,,no broker data (LI market not scraped),false,,,,n/a — priced directly from partner yard
Long Island,East End,Mulch,Dark Natural Mulch,yd,25,false,940.00,37.60,475.00,275.00,750.00,162.44,17.28,false,2 loads: 20yd on tri-axle + 5yd on small dump,false,,,,no broker data (LI market not scraped),false,,,,n/a — priced directly from partner yard
Long Island,East End,Mulch,Dark Natural Mulch,yd,30,false,1095.00,36.50,570.00,305.00,875.00,187.94,17.16,false,2 loads: 20yd on tri-axle + 10yd on medium dump,false,,,,no broker data (LI market not scraped),false,,,,n/a — priced directly from partner yard
Long Island,North Shore,Mulch,Dark Natural Mulch,yd,3,true,230.00,76.67,57.00,125.00,182.00,41.03,17.84,false,1 load: 3yd on small dump,false,,,,no broker data (LI market not scraped),false,,,,n/a — priced directly from partner yard
Long Island,North Shore,Mulch,Dark Natural Mulch,yd,4,true,255.00,63.75,76.00,125.00,201.00,46.30,18.16,false,1 load: 4yd on small dump,false,,,,no broker data (LI market not scraped),false,,,,n/a — priced directly from partner yard
Long Island,North Shore,Mulch,Dark Natural Mulch,yd,5,false,275.00,55.00,95.00,125.00,220.00,46.73,16.99,false,1 load: 5yd on small dump,false,,,,no broker data (LI market not scraped),false,,,,n/a — priced directly from partner yard
Long Island,North Shore,Mulch,Dark Natural Mulch,yd,6,false,300.00,50.00,114.00,125.00,239.00,52.00,17.33,false,1 load: 6yd on small dump,false,,,,no broker data (LI market not scraped),false,,,,n/a — priced directly from partner yard
Long Island,North Shore,Mulch,Dark Natural Mulch,yd,8,false,410.00,51.25,152.00,175.00,327.00,70.81,17.27,false,1 load: 8yd on medium dump,false,,,,no broker data (LI market not scraped),false,,,,n/a — priced directly from partner yard
Long Island,North Shore,Mulch,Dark Natural Mulch,yd,10,false,460.00,46.00,190.00,175.00,365.00,81.36,17.69,false,1 load: 10yd on medium dump,false,,,,no broker data (LI market not scraped),false,,,,n/a — priced directly from partner yard
Long Island,North Shore,Mulch,Dark Natural Mulch,yd,12,false,600.00,50.00,228.00,250.00,478.00,104.30,17.38,false,1 load: 12yd on tri-axle,false,,,,no broker data (LI market not scraped),false,,,,n/a — priced directly from partner yard
Long Island,North Shore,Mulch,Dark Natural Mulch,yd,15,false,670.00,44.67,285.00,250.00,535.00,115.27,17.20,false,1 load: 15yd on tri-axle,false,,,,no broker data (LI market not scraped),false,,,,n/a — priced directly from partner yard
Long Island,North Shore,Mulch,Dark Natural Mulch,yd,20,false,790.00,39.50,380.00,250.00,630.00,136.79,17.32,false,1 load: 20yd on tri-axle,false,,,,no broker data (LI market not scraped),false,,,,n/a — priced directly from partner yard
Long Island,North Shore,Mulch,Dark Natural Mulch,yd,25,false,1025.00,41.00,475.00,343.75,818.75,176.22,17.19,false,2 loads: 20yd on tri-axle + 5yd on small dump,false,,,,no broker data (LI market not scraped),false,,,,n/a — priced directly from partner yard
Long Island,North Shore,Mulch,Dark Natural Mulch,yd,30,false,1190.00,39.67,570.00,381.25,951.25,203.94,17.14,false,2 loads: 20yd on tri-axle + 10yd on medium dump,false,,,,no broker data (LI market not scraped),false,,,,n/a — priced directly from partner yard
Long Island,Core (Center Moriches area),Mulch,Chocolate Mulch,yd,3,false,160.00,53.33,90.00,35.00,125.00,30.06,18.79,false,1 load: 3yd on small dump,false,,,,no broker data (LI market not scraped),false,,,,n/a — priced directly from partner yard
Long Island,Core (Center Moriches area),Mulch,Chocolate Mulch,yd,4,false,195.00,48.75,120.00,35.00,155.00,34.05,17.46,false,1 load: 4yd on small dump,false,,,,no broker data (LI market not scraped),false,,,,n/a — priced directly from partner yard
Long Island,Core (Center Moriches area),Mulch,Chocolate Mulch,yd,5,false,235.00,47.00,150.00,35.00,185.00,42.88,18.25,false,1 load: 5yd on small dump,false,,,,no broker data (LI market not scraped),false,,,,n/a — priced directly from partner yard
Long Island,Core (Center Moriches area),Mulch,Chocolate Mulch,yd,6,false,270.00,45.00,180.00,35.00,215.00,46.87,17.36,false,1 load: 6yd on small dump,false,,,,no broker data (LI market not scraped),false,,,,n/a — priced directly from partner yard
Long Island,Core (Center Moriches area),Mulch,Chocolate Mulch,yd,8,false,365.00,45.63,240.00,49.00,289.00,65.11,17.84,false,1 load: 8yd on medium dump,false,,,,no broker data (LI market not scraped),false,,,,n/a — priced directly from partner yard
Long Island,Core (Center Moriches area),Mulch,Chocolate Mulch,yd,10,false,440.00,44.00,300.00,49.00,349.00,77.94,17.71,false,1 load: 10yd on medium dump,false,,,,no broker data (LI market not scraped),false,,,,n/a — priced directly from partner yard
Long Island,Core (Center Moriches area),Mulch,Chocolate Mulch,yd,12,false,540.00,45.00,360.00,70.00,430.00,94.04,17.41,false,1 load: 12yd on tri-axle,false,,,,no broker data (LI market not scraped),false,,,,n/a — priced directly from partner yard
Long Island,Core (Center Moriches area),Mulch,Chocolate Mulch,yd,15,false,650.00,43.33,450.00,70.00,520.00,110.85,17.05,false,1 load: 15yd on tri-axle,false,,,,no broker data (LI market not scraped),false,,,,n/a — priced directly from partner yard
Long Island,Core (Center Moriches area),Mulch,Chocolate Mulch,yd,20,false,840.00,42.00,600.00,70.00,670.00,145.34,17.30,false,1 load: 20yd on tri-axle,false,,,,no broker data (LI market not scraped),false,,,,n/a — priced directly from partner yard
Long Island,Core (Center Moriches area),Mulch,Chocolate Mulch,yd,25,false,1060.00,42.40,750.00,96.25,846.25,182.71,17.24,false,2 loads: 20yd on tri-axle + 5yd on small dump,false,,,,no broker data (LI market not scraped),false,,,,n/a — priced directly from partner yard
Long Island,Core (Center Moriches area),Mulch,Chocolate Mulch,yd,30,false,1260.00,42.00,900.00,106.75,1006.75,216.41,17.18,false,2 loads: 20yd on tri-axle + 10yd on medium dump,false,,,,no broker data (LI market not scraped),false,,,,n/a — priced directly from partner yard
Long Island,West Hamptons,Mulch,Chocolate Mulch,yd,3,false,210.00,70.00,90.00,75.00,165.00,38.61,18.39,false,1 load: 3yd on small dump,false,,,,no broker data (LI market not scraped),false,,,,n/a — priced directly from partner yard
Long Island,West Hamptons,Mulch,Chocolate Mulch,yd,4,false,245.00,61.25,120.00,75.00,195.00,42.59,17.39,false,1 load: 4yd on small dump,false,,,,no broker data (LI market not scraped),false,,,,n/a — priced directly from partner yard
Long Island,West Hamptons,Mulch,Chocolate Mulch,yd,5,false,285.00,57.00,150.00,75.00,225.00,51.44,18.05,false,1 load: 5yd on small dump,false,,,,no broker data (LI market not scraped),false,,,,n/a — priced directly from partner yard
Long Island,West Hamptons,Mulch,Chocolate Mulch,yd,6,false,320.00,53.33,180.00,75.00,255.00,55.42,17.32,false,1 load: 6yd on small dump,false,,,,no broker data (LI market not scraped),false,,,,n/a — priced directly from partner yard
Long Island,West Hamptons,Mulch,Chocolate Mulch,yd,8,false,435.00,54.38,240.00,105.00,345.00,77.08,17.72,false,1 load: 8yd on medium dump,false,,,,no broker data (LI market not scraped),false,,,,n/a — priced directly from partner yard
Long Island,West Hamptons,Mulch,Chocolate Mulch,yd,10,false,510.00,51.00,300.00,105.00,405.00,89.91,17.63,false,1 load: 10yd on medium dump,false,,,,no broker data (LI market not scraped),false,,,,n/a — priced directly from partner yard
Long Island,West Hamptons,Mulch,Chocolate Mulch,yd,12,false,640.00,53.33,360.00,150.00,510.00,111.14,17.37,false,1 load: 12yd on tri-axle,false,,,,no broker data (LI market not scraped),false,,,,n/a — priced directly from partner yard
Long Island,West Hamptons,Mulch,Chocolate Mulch,yd,15,false,750.00,50.00,450.00,150.00,600.00,127.95,17.06,false,1 load: 15yd on tri-axle,false,,,,no broker data (LI market not scraped),false,,,,n/a — priced directly from partner yard
Long Island,West Hamptons,Mulch,Chocolate Mulch,yd,20,false,940.00,47.00,600.00,150.00,750.00,162.44,17.28,false,1 load: 20yd on tri-axle,false,,,,no broker data (LI market not scraped),false,,,,n/a — priced directly from partner yard
Long Island,West Hamptons,Mulch,Chocolate Mulch,yd,25,false,1200.00,48.00,750.00,206.25,956.25,208.65,17.39,false,2 loads: 20yd on tri-axle + 5yd on small dump,false,,,,no broker data (LI market not scraped),false,,,,n/a — priced directly from partner yard
Long Island,West Hamptons,Mulch,Chocolate Mulch,yd,30,false,1415.00,47.17,900.00,228.75,1128.75,244.91,17.31,false,2 loads: 20yd on tri-axle + 10yd on medium dump,false,,,,no broker data (LI market not scraped),false,,,,n/a — priced directly from partner yard
Long Island,Brookhaven,Mulch,Chocolate Mulch,yd,3,false,210.00,70.00,90.00,75.00,165.00,38.61,18.39,false,1 load: 3yd on small dump,false,,,,no broker data (LI market not scraped),false,,,,n/a — priced directly from partner yard
Long Island,Brookhaven,Mulch,Chocolate Mulch,yd,4,false,245.00,61.25,120.00,75.00,195.00,42.59,17.39,false,1 load: 4yd on small dump,false,,,,no broker data (LI market not scraped),false,,,,n/a — priced directly from partner yard
Long Island,Brookhaven,Mulch,Chocolate Mulch,yd,5,false,285.00,57.00,150.00,75.00,225.00,51.44,18.05,false,1 load: 5yd on small dump,false,,,,no broker data (LI market not scraped),false,,,,n/a — priced directly from partner yard
Long Island,Brookhaven,Mulch,Chocolate Mulch,yd,6,false,320.00,53.33,180.00,75.00,255.00,55.42,17.32,false,1 load: 6yd on small dump,false,,,,no broker data (LI market not scraped),false,,,,n/a — priced directly from partner yard
Long Island,Brookhaven,Mulch,Chocolate Mulch,yd,8,false,435.00,54.38,240.00,105.00,345.00,77.08,17.72,false,1 load: 8yd on medium dump,false,,,,no broker data (LI market not scraped),false,,,,n/a — priced directly from partner yard
Long Island,Brookhaven,Mulch,Chocolate Mulch,yd,10,false,510.00,51.00,300.00,105.00,405.00,89.91,17.63,false,1 load: 10yd on medium dump,false,,,,no broker data (LI market not scraped),false,,,,n/a — priced directly from partner yard
Long Island,Brookhaven,Mulch,Chocolate Mulch,yd,12,false,640.00,53.33,360.00,150.00,510.00,111.14,17.37,false,1 load: 12yd on tri-axle,false,,,,no broker data (LI market not scraped),false,,,,n/a — priced directly from partner yard
Long Island,Brookhaven,Mulch,Chocolate Mulch,yd,15,false,750.00,50.00,450.00,150.00,600.00,127.95,17.06,false,1 load: 15yd on tri-axle,false,,,,no broker data (LI market not scraped),false,,,,n/a — priced directly from partner yard
Long Island,Brookhaven,Mulch,Chocolate Mulch,yd,20,false,940.00,47.00,600.00,150.00,750.00,162.44,17.28,false,1 load: 20yd on tri-axle,false,,,,no broker data (LI market not scraped),false,,,,n/a — priced directly from partner yard
Long Island,Brookhaven,Mulch,Chocolate Mulch,yd,25,false,1200.00,48.00,750.00,206.25,956.25,208.65,17.39,false,2 loads: 20yd on tri-axle + 5yd on small dump,false,,,,no broker data (LI market not scraped),false,,,,n/a — priced directly from partner yard
Long Island,Brookhaven,Mulch,Chocolate Mulch,yd,30,false,1415.00,47.17,900.00,228.75,1128.75,244.91,17.31,false,2 loads: 20yd on tri-axle + 10yd on medium dump,false,,,,no broker data (LI market not scraped),false,,,,n/a — priced directly from partner yard
Long Island,East End,Mulch,Chocolate Mulch,yd,3,false,240.00,80.00,90.00,100.00,190.00,42.74,17.81,false,1 load: 3yd on small dump,false,,,,no broker data (LI market not scraped),false,,,,n/a — priced directly from partner yard
Long Island,East End,Mulch,Chocolate Mulch,yd,4,false,275.00,68.75,120.00,100.00,220.00,46.73,16.99,false,1 load: 4yd on small dump,false,,,,no broker data (LI market not scraped),false,,,,n/a — priced directly from partner yard
Long Island,East End,Mulch,Chocolate Mulch,yd,5,false,315.00,63.00,150.00,100.00,250.00,55.56,17.64,false,1 load: 5yd on small dump,false,,,,no broker data (LI market not scraped),false,,,,n/a — priced directly from partner yard
Long Island,East End,Mulch,Chocolate Mulch,yd,6,false,350.00,58.33,180.00,100.00,280.00,59.55,17.01,false,1 load: 6yd on small dump,false,,,,no broker data (LI market not scraped),false,,,,n/a — priced directly from partner yard
Long Island,East End,Mulch,Chocolate Mulch,yd,8,false,475.00,59.38,240.00,140.00,380.00,80.92,17.04,false,1 load: 8yd on medium dump,false,,,,no broker data (LI market not scraped),false,,,,n/a — priced directly from partner yard
Long Island,East End,Mulch,Chocolate Mulch,yd,10,false,550.00,55.00,300.00,140.00,440.00,93.75,17.05,false,1 load: 10yd on medium dump,false,,,,no broker data (LI market not scraped),false,,,,n/a — priced directly from partner yard
Long Island,East End,Mulch,Chocolate Mulch,yd,12,false,700.00,58.33,360.00,200.00,560.00,119.40,17.06,false,1 load: 12yd on tri-axle,false,,,,no broker data (LI market not scraped),false,,,,n/a — priced directly from partner yard
Long Island,East End,Mulch,Chocolate Mulch,yd,15,false,815.00,54.33,450.00,200.00,650.00,141.06,17.31,false,1 load: 15yd on tri-axle,false,,,,no broker data (LI market not scraped),false,,,,n/a — priced directly from partner yard
Long Island,East End,Mulch,Chocolate Mulch,yd,20,false,1000.00,50.00,600.00,200.00,800.00,170.70,17.07,false,1 load: 20yd on tri-axle,false,,,,no broker data (LI market not scraped),false,,,,n/a — priced directly from partner yard
Long Island,East End,Mulch,Chocolate Mulch,yd,25,false,1285.00,51.40,750.00,275.00,1025.00,222.44,17.31,false,2 loads: 20yd on tri-axle + 5yd on small dump,false,,,,no broker data (LI market not scraped),false,,,,n/a — priced directly from partner yard
Long Island,East End,Mulch,Chocolate Mulch,yd,30,false,1510.00,50.33,900.00,305.00,1205.00,260.91,17.28,false,2 loads: 20yd on tri-axle + 10yd on medium dump,false,,,,no broker data (LI market not scraped),false,,,,n/a — priced directly from partner yard
Long Island,North Shore,Mulch,Chocolate Mulch,yd,3,true,270.00,90.00,90.00,125.00,215.00,46.87,17.36,false,1 load: 3yd on small dump,false,,,,no broker data (LI market not scraped),false,,,,n/a — priced directly from partner yard
Long Island,North Shore,Mulch,Chocolate Mulch,yd,4,true,310.00,77.50,120.00,125.00,245.00,55.71,17.97,false,1 load: 4yd on small dump,false,,,,no broker data (LI market not scraped),false,,,,n/a — priced directly from partner yard
Long Island,North Shore,Mulch,Chocolate Mulch,yd,5,false,345.00,69.00,150.00,125.00,275.00,59.70,17.30,false,1 load: 5yd on small dump,false,,,,no broker data (LI market not scraped),false,,,,n/a — priced directly from partner yard
Long Island,North Shore,Mulch,Chocolate Mulch,yd,6,false,385.00,64.17,180.00,125.00,305.00,68.53,17.80,false,1 load: 6yd on small dump,false,,,,no broker data (LI market not scraped),false,,,,n/a — priced directly from partner yard
Long Island,North Shore,Mulch,Chocolate Mulch,yd,8,false,520.00,65.00,240.00,175.00,415.00,89.62,17.23,false,1 load: 8yd on medium dump,false,,,,no broker data (LI market not scraped),false,,,,n/a — priced directly from partner yard
Long Island,North Shore,Mulch,Chocolate Mulch,yd,10,false,595.00,59.50,300.00,175.00,475.00,102.44,17.22,false,1 load: 10yd on medium dump,false,,,,no broker data (LI market not scraped),false,,,,n/a — priced directly from partner yard
Long Island,North Shore,Mulch,Chocolate Mulch,yd,12,false,765.00,63.75,360.00,250.00,610.00,132.51,17.32,false,1 load: 12yd on tri-axle,false,,,,no broker data (LI market not scraped),false,,,,n/a — priced directly from partner yard
Long Island,North Shore,Mulch,Chocolate Mulch,yd,15,false,875.00,58.33,450.00,250.00,700.00,149.32,17.07,false,1 load: 15yd on tri-axle,false,,,,no broker data (LI market not scraped),false,,,,n/a — priced directly from partner yard
Long Island,North Shore,Mulch,Chocolate Mulch,yd,20,false,1065.00,53.25,600.00,250.00,850.00,183.81,17.26,false,1 load: 20yd on tri-axle,false,,,,no broker data (LI market not scraped),false,,,,n/a — priced directly from partner yard
Long Island,North Shore,Mulch,Chocolate Mulch,yd,25,false,1370.00,54.80,750.00,343.75,1093.75,236.22,17.24,false,2 loads: 20yd on tri-axle + 5yd on small dump,false,,,,no broker data (LI market not scraped),false,,,,n/a — priced directly from partner yard
Long Island,North Shore,Mulch,Chocolate Mulch,yd,30,false,1605.00,53.50,900.00,381.25,1281.25,276.90,17.25,false,2 loads: 20yd on tri-axle + 10yd on medium dump,false,,,,no broker data (LI market not scraped),false,,,,n/a — priced directly from partner yard
Long Island,Core (Center Moriches area),Mulch,Red Mulch,yd,3,false,175.00,58.33,105.00,35.00,140.00,29.63,16.93,false,1 load: 3yd on small dump,false,,,,no broker data (LI market not scraped),false,,,,n/a — priced directly from partner yard
Long Island,Core (Center Moriches area),Mulch,Red Mulch,yd,4,false,220.00,55.00,140.00,35.00,175.00,38.32,17.42,false,1 load: 4yd on small dump,false,,,,no broker data (LI market not scraped),false,,,,n/a — priced directly from partner yard
Long Island,Core (Center Moriches area),Mulch,Red Mulch,yd,5,false,265.00,53.00,175.00,35.00,210.00,47.02,17.74,false,1 load: 5yd on small dump,false,,,,no broker data (LI market not scraped),false,,,,n/a — priced directly from partner yard
Long Island,Core (Center Moriches area),Mulch,Red Mulch,yd,6,false,310.00,51.67,210.00,35.00,245.00,55.71,17.97,false,1 load: 6yd on small dump,false,,,,no broker data (LI market not scraped),false,,,,n/a — priced directly from partner yard
Long Island,Core (Center Moriches area),Mulch,Red Mulch,yd,8,false,415.00,51.88,280.00,49.00,329.00,73.66,17.75,false,1 load: 8yd on medium dump,false,,,,no broker data (LI market not scraped),false,,,,n/a — priced directly from partner yard
Long Island,Core (Center Moriches area),Mulch,Red Mulch,yd,10,false,500.00,50.00,350.00,49.00,399.00,86.20,17.24,false,1 load: 10yd on medium dump,false,,,,no broker data (LI market not scraped),false,,,,n/a — priced directly from partner yard
Long Island,Core (Center Moriches area),Mulch,Red Mulch,yd,12,false,615.00,51.25,420.00,70.00,490.00,106.86,17.38,false,1 load: 12yd on tri-axle,false,,,,no broker data (LI market not scraped),false,,,,n/a — priced directly from partner yard
Long Island,Core (Center Moriches area),Mulch,Red Mulch,yd,15,false,745.00,49.67,525.00,70.00,595.00,128.09,17.19,false,1 load: 15yd on tri-axle,false,,,,no broker data (LI market not scraped),false,,,,n/a — priced directly from partner yard
Long Island,Core (Center Moriches area),Mulch,Red Mulch,yd,20,false,965.00,48.25,700.00,70.00,770.00,166.72,17.28,false,1 load: 20yd on tri-axle,false,,,,no broker data (LI market not scraped),false,,,,n/a — priced directly from partner yard
Long Island,Core (Center Moriches area),Mulch,Red Mulch,yd,25,false,1215.00,48.60,875.00,96.25,971.25,208.22,17.14,false,2 loads: 20yd on tri-axle + 5yd on small dump,false,,,,no broker data (LI market not scraped),false,,,,n/a — priced directly from partner yard
Long Island,Core (Center Moriches area),Mulch,Red Mulch,yd,30,false,1450.00,48.33,1050.00,106.75,1156.75,250.90,17.30,false,2 loads: 20yd on tri-axle + 10yd on medium dump,false,,,,no broker data (LI market not scraped),false,,,,n/a — priced directly from partner yard
Long Island,West Hamptons,Mulch,Red Mulch,yd,3,false,225.00,75.00,105.00,75.00,180.00,38.17,16.97,false,1 load: 3yd on small dump,false,,,,no broker data (LI market not scraped),false,,,,n/a — priced directly from partner yard
Long Island,West Hamptons,Mulch,Red Mulch,yd,4,false,270.00,67.50,140.00,75.00,215.00,46.87,17.36,false,1 load: 4yd on small dump,false,,,,no broker data (LI market not scraped),false,,,,n/a — priced directly from partner yard
Long Island,West Hamptons,Mulch,Red Mulch,yd,5,false,315.00,63.00,175.00,75.00,250.00,55.56,17.64,false,1 load: 5yd on small dump,false,,,,no broker data (LI market not scraped),false,,,,n/a — priced directly from partner yard
Long Island,West Hamptons,Mulch,Red Mulch,yd,6,false,360.00,60.00,210.00,75.00,285.00,64.26,17.85,false,1 load: 6yd on small dump,false,,,,no broker data (LI market not scraped),false,,,,n/a — priced directly from partner yard
Long Island,West Hamptons,Mulch,Red Mulch,yd,8,false,485.00,60.63,280.00,105.00,385.00,85.63,17.66,false,1 load: 8yd on medium dump,false,,,,no broker data (LI market not scraped),false,,,,n/a — priced directly from partner yard
Long Island,West Hamptons,Mulch,Red Mulch,yd,10,false,570.00,57.00,350.00,105.00,455.00,98.17,17.22,false,1 load: 10yd on medium dump,false,,,,no broker data (LI market not scraped),false,,,,n/a — priced directly from partner yard
Long Island,West Hamptons,Mulch,Red Mulch,yd,12,false,715.00,59.58,420.00,150.00,570.00,123.97,17.34,false,1 load: 12yd on tri-axle,false,,,,no broker data (LI market not scraped),false,,,,n/a — priced directly from partner yard
Long Island,West Hamptons,Mulch,Red Mulch,yd,15,false,845.00,56.33,525.00,150.00,675.00,145.19,17.18,false,1 load: 15yd on tri-axle,false,,,,no broker data (LI market not scraped),false,,,,n/a — priced directly from partner yard
Long Island,West Hamptons,Mulch,Red Mulch,yd,20,false,1065.00,53.25,700.00,150.00,850.00,183.81,17.26,false,1 load: 20yd on tri-axle,false,,,,no broker data (LI market not scraped),false,,,,n/a — priced directly from partner yard
Long Island,West Hamptons,Mulch,Red Mulch,yd,25,false,1355.00,54.20,875.00,206.25,1081.25,234.16,17.28,false,2 loads: 20yd on tri-axle + 5yd on small dump,false,,,,no broker data (LI market not scraped),false,,,,n/a — priced directly from partner yard
Long Island,West Hamptons,Mulch,Red Mulch,yd,30,false,1600.00,53.33,1050.00,228.75,1278.75,274.55,17.16,false,2 loads: 20yd on tri-axle + 10yd on medium dump,false,,,,no broker data (LI market not scraped),false,,,,n/a — priced directly from partner yard
Long Island,Brookhaven,Mulch,Red Mulch,yd,3,false,225.00,75.00,105.00,75.00,180.00,38.17,16.97,false,1 load: 3yd on small dump,false,,,,no broker data (LI market not scraped),false,,,,n/a — priced directly from partner yard
Long Island,Brookhaven,Mulch,Red Mulch,yd,4,false,270.00,67.50,140.00,75.00,215.00,46.87,17.36,false,1 load: 4yd on small dump,false,,,,no broker data (LI market not scraped),false,,,,n/a — priced directly from partner yard
Long Island,Brookhaven,Mulch,Red Mulch,yd,5,false,315.00,63.00,175.00,75.00,250.00,55.56,17.64,false,1 load: 5yd on small dump,false,,,,no broker data (LI market not scraped),false,,,,n/a — priced directly from partner yard
Long Island,Brookhaven,Mulch,Red Mulch,yd,6,false,360.00,60.00,210.00,75.00,285.00,64.26,17.85,false,1 load: 6yd on small dump,false,,,,no broker data (LI market not scraped),false,,,,n/a — priced directly from partner yard
Long Island,Brookhaven,Mulch,Red Mulch,yd,8,false,485.00,60.63,280.00,105.00,385.00,85.63,17.66,false,1 load: 8yd on medium dump,false,,,,no broker data (LI market not scraped),false,,,,n/a — priced directly from partner yard
Long Island,Brookhaven,Mulch,Red Mulch,yd,10,false,570.00,57.00,350.00,105.00,455.00,98.17,17.22,false,1 load: 10yd on medium dump,false,,,,no broker data (LI market not scraped),false,,,,n/a — priced directly from partner yard
Long Island,Brookhaven,Mulch,Red Mulch,yd,12,false,715.00,59.58,420.00,150.00,570.00,123.97,17.34,false,1 load: 12yd on tri-axle,false,,,,no broker data (LI market not scraped),false,,,,n/a — priced directly from partner yard
Long Island,Brookhaven,Mulch,Red Mulch,yd,15,false,845.00,56.33,525.00,150.00,675.00,145.19,17.18,false,1 load: 15yd on tri-axle,false,,,,no broker data (LI market not scraped),false,,,,n/a — priced directly from partner yard
Long Island,Brookhaven,Mulch,Red Mulch,yd,20,false,1065.00,53.25,700.00,150.00,850.00,183.81,17.26,false,1 load: 20yd on tri-axle,false,,,,no broker data (LI market not scraped),false,,,,n/a — priced directly from partner yard
Long Island,Brookhaven,Mulch,Red Mulch,yd,25,false,1355.00,54.20,875.00,206.25,1081.25,234.16,17.28,false,2 loads: 20yd on tri-axle + 5yd on small dump,false,,,,no broker data (LI market not scraped),false,,,,n/a — priced directly from partner yard
Long Island,Brookhaven,Mulch,Red Mulch,yd,30,false,1600.00,53.33,1050.00,228.75,1278.75,274.55,17.16,false,2 loads: 20yd on tri-axle + 10yd on medium dump,false,,,,no broker data (LI market not scraped),false,,,,n/a — priced directly from partner yard
Long Island,East End,Mulch,Red Mulch,yd,3,false,260.00,86.67,105.00,100.00,205.00,47.16,18.14,false,1 load: 3yd on small dump,false,,,,no broker data (LI market not scraped),false,,,,n/a — priced directly from partner yard
Long Island,East End,Mulch,Red Mulch,yd,4,false,300.00,75.00,140.00,100.00,240.00,51.00,17.00,false,1 load: 4yd on small dump,false,,,,no broker data (LI market not scraped),false,,,,n/a — priced directly from partner yard
Long Island,East End,Mulch,Red Mulch,yd,5,false,345.00,69.00,175.00,100.00,275.00,59.70,17.30,false,1 load: 5yd on small dump,false,,,,no broker data (LI market not scraped),false,,,,n/a — priced directly from partner yard
Long Island,East End,Mulch,Red Mulch,yd,6,false,390.00,65.00,210.00,100.00,310.00,68.39,17.54,false,1 load: 6yd on small dump,false,,,,no broker data (LI market not scraped),false,,,,n/a — priced directly from partner yard
Long Island,East End,Mulch,Red Mulch,yd,8,false,525.00,65.63,280.00,140.00,420.00,89.47,17.04,false,1 load: 8yd on medium dump,false,,,,no broker data (LI market not scraped),false,,,,n/a — priced directly from partner yard
Long Island,East End,Mulch,Red Mulch,yd,10,false,615.00,61.50,350.00,140.00,490.00,106.86,17.38,false,1 load: 10yd on medium dump,false,,,,no broker data (LI market not scraped),false,,,,n/a — priced directly from partner yard
Long Island,East End,Mulch,Red Mulch,yd,12,false,775.00,64.58,420.00,200.00,620.00,132.22,17.06,false,1 load: 12yd on tri-axle,false,,,,no broker data (LI market not scraped),false,,,,n/a — priced directly from partner yard
Long Island,East End,Mulch,Red Mulch,yd,15,false,910.00,60.67,525.00,200.00,725.00,158.31,17.40,false,1 load: 15yd on tri-axle,false,,,,no broker data (LI market not scraped),false,,,,n/a — priced directly from partner yard
Long Island,East End,Mulch,Red Mulch,yd,20,false,1125.00,56.25,700.00,200.00,900.00,192.07,17.07,false,1 load: 20yd on tri-axle,false,,,,no broker data (LI market not scraped),false,,,,n/a — priced directly from partner yard
Long Island,East End,Mulch,Red Mulch,yd,25,false,1440.00,57.60,875.00,275.00,1150.00,247.94,17.22,false,2 loads: 20yd on tri-axle + 5yd on small dump,false,,,,no broker data (LI market not scraped),false,,,,n/a — priced directly from partner yard
Long Island,East End,Mulch,Red Mulch,yd,30,false,1695.00,56.50,1050.00,305.00,1355.00,290.55,17.14,false,2 loads: 20yd on tri-axle + 10yd on medium dump,false,,,,no broker data (LI market not scraped),false,,,,n/a — priced directly from partner yard
Long Island,North Shore,Mulch,Red Mulch,yd,3,true,290.00,96.67,105.00,125.00,230.00,51.29,17.69,false,1 load: 3yd on small dump,false,,,,no broker data (LI market not scraped),false,,,,n/a — priced directly from partner yard
Long Island,North Shore,Mulch,Red Mulch,yd,4,true,335.00,83.75,140.00,125.00,265.00,59.98,17.91,false,1 load: 4yd on small dump,false,,,,no broker data (LI market not scraped),false,,,,n/a — priced directly from partner yard
Long Island,North Shore,Mulch,Red Mulch,yd,5,false,375.00,75.00,175.00,125.00,300.00,63.83,17.02,false,1 load: 5yd on small dump,false,,,,no broker data (LI market not scraped),false,,,,n/a — priced directly from partner yard
Long Island,North Shore,Mulch,Red Mulch,yd,6,false,420.00,70.00,210.00,125.00,335.00,72.52,17.27,false,1 load: 6yd on small dump,false,,,,no broker data (LI market not scraped),false,,,,n/a — priced directly from partner yard
Long Island,North Shore,Mulch,Red Mulch,yd,8,false,570.00,71.25,280.00,175.00,455.00,98.17,17.22,false,1 load: 8yd on medium dump,false,,,,no broker data (LI market not scraped),false,,,,n/a — priced directly from partner yard
Long Island,North Shore,Mulch,Red Mulch,yd,10,false,660.00,66.00,350.00,175.00,525.00,115.56,17.51,false,1 load: 10yd on medium dump,false,,,,no broker data (LI market not scraped),false,,,,n/a — priced directly from partner yard
Long Island,North Shore,Mulch,Red Mulch,yd,12,false,840.00,70.00,420.00,250.00,670.00,145.34,17.30,false,1 load: 12yd on tri-axle,false,,,,no broker data (LI market not scraped),false,,,,n/a — priced directly from partner yard
Long Island,North Shore,Mulch,Red Mulch,yd,15,false,970.00,64.67,525.00,250.00,775.00,166.57,17.17,false,1 load: 15yd on tri-axle,false,,,,no broker data (LI market not scraped),false,,,,n/a — priced directly from partner yard
Long Island,North Shore,Mulch,Red Mulch,yd,20,false,1190.00,59.50,700.00,250.00,950.00,205.19,17.24,false,1 load: 20yd on tri-axle,false,,,,no broker data (LI market not scraped),false,,,,n/a — priced directly from partner yard
Long Island,North Shore,Mulch,Red Mulch,yd,25,false,1525.00,61.00,875.00,343.75,1218.75,261.73,17.16,false,2 loads: 20yd on tri-axle + 5yd on small dump,false,,,,no broker data (LI market not scraped),false,,,,n/a — priced directly from partner yard
Long Island,North Shore,Mulch,Red Mulch,yd,30,false,1790.00,59.67,1050.00,381.25,1431.25,306.54,17.13,false,2 loads: 20yd on tri-axle + 10yd on medium dump,false,,,,no broker data (LI market not scraped),false,,,,n/a — priced directly from partner yard
Long Island,Core (Center Moriches area),Soil,Screened Organic Topsoil,yd,3,false,135.00,45.00,72.00,35.00,107.00,23.79,17.62,false,1 load: 3yd on small dump,false,,,,no broker data (LI market not scraped),false,,,,n/a — priced directly from partner yard
Long Island,Core (Center Moriches area),Soil,Screened Organic Topsoil,yd,4,false,165.00,41.25,96.00,35.00,131.00,28.91,17.52,false,1 load: 4yd on small dump,false,,,,no broker data (LI market not scraped),false,,,,n/a — priced directly from partner yard
Long Island,Core (Center Moriches area),Soil,Screened Organic Topsoil,yd,5,false,195.00,39.00,120.00,35.00,155.00,34.05,17.46,false,1 load: 5yd on small dump,false,,,,no broker data (LI market not scraped),false,,,,n/a — priced directly from partner yard
Long Island,Core (Center Moriches area),Soil,Screened Organic Topsoil,yd,6,false,225.00,37.50,144.00,35.00,179.00,39.17,17.41,false,1 load: 6yd on small dump,false,,,,no broker data (LI market not scraped),false,,,,n/a — priced directly from partner yard
Long Island,Core (Center Moriches area),Soil,Screened Organic Topsoil,yd,8,false,305.00,38.13,192.00,49.00,241.00,54.85,17.99,false,1 load: 8yd on medium dump,false,,,,no broker data (LI market not scraped),false,,,,n/a — priced directly from partner yard
Long Island,Core (Center Moriches area),Soil,Screened Organic Topsoil,yd,10,false,365.00,36.50,240.00,49.00,289.00,65.11,17.84,false,1 load: 10yd on medium dump,false,,,,no broker data (LI market not scraped),false,,,,n/a — priced directly from partner yard
Long Island,Core (Center Moriches area),Soil,Screened Organic Topsoil,yd,12,false,450.00,37.50,288.00,70.00,358.00,78.65,17.48,false,1 load: 12yd on tri-axle,false,,,,no broker data (LI market not scraped),false,,,,n/a — priced directly from partner yard
Long Island,Core (Center Moriches area),Soil,Screened Organic Topsoil,yd,15,false,540.00,36.00,360.00,70.00,430.00,94.04,17.41,false,1 load: 15yd on tri-axle,false,,,,no broker data (LI market not scraped),false,,,,n/a — priced directly from partner yard
Long Island,Core (Center Moriches area),Soil,Screened Organic Topsoil,yd,20,false,690.00,34.50,480.00,70.00,550.00,119.69,17.35,false,1 load: 20yd on tri-axle,false,,,,no broker data (LI market not scraped),false,,,,n/a — priced directly from partner yard
Long Island,Core (Center Moriches area),Soil,Screened Organic Topsoil,yd,25,false,875.00,35.00,600.00,96.25,696.25,153.07,17.49,false,2 loads: 20yd on tri-axle + 5yd on small dump,false,,,,no broker data (LI market not scraped),false,,,,n/a — priced directly from partner yard
Long Island,Core (Center Moriches area),Soil,Screened Organic Topsoil,yd,30,false,1035.00,34.50,720.00,106.75,826.75,177.94,17.19,false,2 loads: 20yd on tri-axle + 10yd on medium dump,false,,,,no broker data (LI market not scraped),false,,,,n/a — priced directly from partner yard
Long Island,West Hamptons,Soil,Screened Organic Topsoil,yd,3,false,185.00,61.67,72.00,75.00,147.00,32.34,17.48,false,1 load: 3yd on small dump,false,,,,no broker data (LI market not scraped),false,,,,n/a — priced directly from partner yard
Long Island,West Hamptons,Soil,Screened Organic Topsoil,yd,4,false,215.00,53.75,96.00,75.00,171.00,37.47,17.43,false,1 load: 4yd on small dump,false,,,,no broker data (LI market not scraped),false,,,,n/a — priced directly from partner yard
Long Island,West Hamptons,Soil,Screened Organic Topsoil,yd,5,false,245.00,49.00,120.00,75.00,195.00,42.59,17.39,false,1 load: 5yd on small dump,false,,,,no broker data (LI market not scraped),false,,,,n/a — priced directly from partner yard
Long Island,West Hamptons,Soil,Screened Organic Topsoil,yd,6,false,275.00,45.83,144.00,75.00,219.00,47.73,17.35,false,1 load: 6yd on small dump,false,,,,no broker data (LI market not scraped),false,,,,n/a — priced directly from partner yard
Long Island,West Hamptons,Soil,Screened Organic Topsoil,yd,8,false,375.00,46.88,192.00,105.00,297.00,66.83,17.82,false,1 load: 8yd on medium dump,false,,,,no broker data (LI market not scraped),false,,,,n/a — priced directly from partner yard
Long Island,West Hamptons,Soil,Screened Organic Topsoil,yd,10,false,435.00,43.50,240.00,105.00,345.00,77.08,17.72,false,1 load: 10yd on medium dump,false,,,,no broker data (LI market not scraped),false,,,,n/a — priced directly from partner yard
Long Island,West Hamptons,Soil,Screened Organic Topsoil,yd,12,false,550.00,45.83,288.00,150.00,438.00,95.75,17.41,false,1 load: 12yd on tri-axle,false,,,,no broker data (LI market not scraped),false,,,,n/a — priced directly from partner yard
Long Island,West Hamptons,Soil,Screened Organic Topsoil,yd,15,false,640.00,42.67,360.00,150.00,510.00,111.14,17.37,false,1 load: 15yd on tri-axle,false,,,,no broker data (LI market not scraped),false,,,,n/a — priced directly from partner yard
Long Island,West Hamptons,Soil,Screened Organic Topsoil,yd,20,false,790.00,39.50,480.00,150.00,630.00,136.79,17.32,false,1 load: 20yd on tri-axle,false,,,,no broker data (LI market not scraped),false,,,,n/a — priced directly from partner yard
Long Island,West Hamptons,Soil,Screened Organic Topsoil,yd,25,false,1010.00,40.40,600.00,206.25,806.25,174.16,17.24,false,2 loads: 20yd on tri-axle + 5yd on small dump,false,,,,no broker data (LI market not scraped),false,,,,n/a — priced directly from partner yard
Long Island,West Hamptons,Soil,Screened Organic Topsoil,yd,30,false,1190.00,39.67,720.00,228.75,948.75,206.44,17.35,false,2 loads: 20yd on tri-axle + 10yd on medium dump,false,,,,no broker data (LI market not scraped),false,,,,n/a — priced directly from partner yard
Long Island,Brookhaven,Soil,Screened Organic Topsoil,yd,3,false,185.00,61.67,72.00,75.00,147.00,32.34,17.48,false,1 load: 3yd on small dump,false,,,,no broker data (LI market not scraped),false,,,,n/a — priced directly from partner yard
Long Island,Brookhaven,Soil,Screened Organic Topsoil,yd,4,false,215.00,53.75,96.00,75.00,171.00,37.47,17.43,false,1 load: 4yd on small dump,false,,,,no broker data (LI market not scraped),false,,,,n/a — priced directly from partner yard
Long Island,Brookhaven,Soil,Screened Organic Topsoil,yd,5,false,245.00,49.00,120.00,75.00,195.00,42.59,17.39,false,1 load: 5yd on small dump,false,,,,no broker data (LI market not scraped),false,,,,n/a — priced directly from partner yard
Long Island,Brookhaven,Soil,Screened Organic Topsoil,yd,6,false,275.00,45.83,144.00,75.00,219.00,47.73,17.35,false,1 load: 6yd on small dump,false,,,,no broker data (LI market not scraped),false,,,,n/a — priced directly from partner yard
Long Island,Brookhaven,Soil,Screened Organic Topsoil,yd,8,false,375.00,46.88,192.00,105.00,297.00,66.83,17.82,false,1 load: 8yd on medium dump,false,,,,no broker data (LI market not scraped),false,,,,n/a — priced directly from partner yard
Long Island,Brookhaven,Soil,Screened Organic Topsoil,yd,10,false,435.00,43.50,240.00,105.00,345.00,77.08,17.72,false,1 load: 10yd on medium dump,false,,,,no broker data (LI market not scraped),false,,,,n/a — priced directly from partner yard
Long Island,Brookhaven,Soil,Screened Organic Topsoil,yd,12,false,550.00,45.83,288.00,150.00,438.00,95.75,17.41,false,1 load: 12yd on tri-axle,false,,,,no broker data (LI market not scraped),false,,,,n/a — priced directly from partner yard
Long Island,Brookhaven,Soil,Screened Organic Topsoil,yd,15,false,640.00,42.67,360.00,150.00,510.00,111.14,17.37,false,1 load: 15yd on tri-axle,false,,,,no broker data (LI market not scraped),false,,,,n/a — priced directly from partner yard
Long Island,Brookhaven,Soil,Screened Organic Topsoil,yd,20,false,790.00,39.50,480.00,150.00,630.00,136.79,17.32,false,1 load: 20yd on tri-axle,false,,,,no broker data (LI market not scraped),false,,,,n/a — priced directly from partner yard
Long Island,Brookhaven,Soil,Screened Organic Topsoil,yd,25,false,1010.00,40.40,600.00,206.25,806.25,174.16,17.24,false,2 loads: 20yd on tri-axle + 5yd on small dump,false,,,,no broker data (LI market not scraped),false,,,,n/a — priced directly from partner yard
Long Island,Brookhaven,Soil,Screened Organic Topsoil,yd,30,false,1190.00,39.67,720.00,228.75,948.75,206.44,17.35,false,2 loads: 20yd on tri-axle + 10yd on medium dump,false,,,,no broker data (LI market not scraped),false,,,,n/a — priced directly from partner yard
Long Island,East End,Soil,Screened Organic Topsoil,yd,3,false,215.00,71.67,72.00,100.00,172.00,36.47,16.96,false,1 load: 3yd on small dump,false,,,,no broker data (LI market not scraped),false,,,,n/a — priced directly from partner yard
Long Island,East End,Soil,Screened Organic Topsoil,yd,4,false,245.00,61.25,96.00,100.00,196.00,41.59,16.98,false,1 load: 4yd on small dump,false,,,,no broker data (LI market not scraped),false,,,,n/a — priced directly from partner yard
Long Island,East End,Soil,Screened Organic Topsoil,yd,5,false,275.00,55.00,120.00,100.00,220.00,46.73,16.99,false,1 load: 5yd on small dump,false,,,,no broker data (LI market not scraped),false,,,,n/a — priced directly from partner yard
Long Island,East End,Soil,Screened Organic Topsoil,yd,6,false,305.00,50.83,144.00,100.00,244.00,51.85,17.00,false,1 load: 6yd on small dump,false,,,,no broker data (LI market not scraped),false,,,,n/a — priced directly from partner yard
Long Island,East End,Soil,Screened Organic Topsoil,yd,8,false,415.00,51.88,192.00,140.00,332.00,70.66,17.03,false,1 load: 8yd on medium dump,false,,,,no broker data (LI market not scraped),false,,,,n/a — priced directly from partner yard
Long Island,East End,Soil,Screened Organic Topsoil,yd,10,false,475.00,47.50,240.00,140.00,380.00,80.92,17.04,false,1 load: 10yd on medium dump,false,,,,no broker data (LI market not scraped),false,,,,n/a — priced directly from partner yard
Long Island,East End,Soil,Screened Organic Topsoil,yd,12,false,610.00,50.83,288.00,200.00,488.00,104.01,17.05,false,1 load: 12yd on tri-axle,false,,,,no broker data (LI market not scraped),false,,,,n/a — priced directly from partner yard
Long Island,East End,Soil,Screened Organic Topsoil,yd,15,false,700.00,46.67,360.00,200.00,560.00,119.40,17.06,false,1 load: 15yd on tri-axle,false,,,,no broker data (LI market not scraped),false,,,,n/a — priced directly from partner yard
Long Island,East End,Soil,Screened Organic Topsoil,yd,20,false,850.00,42.50,480.00,200.00,680.00,145.05,17.06,false,1 load: 20yd on tri-axle,false,,,,no broker data (LI market not scraped),false,,,,n/a — priced directly from partner yard
Long Island,East End,Soil,Screened Organic Topsoil,yd,25,false,1095.00,43.80,600.00,275.00,875.00,187.94,17.16,false,2 loads: 20yd on tri-axle + 5yd on small dump,false,,,,no broker data (LI market not scraped),false,,,,n/a — priced directly from partner yard
Long Island,East End,Soil,Screened Organic Topsoil,yd,30,false,1285.00,42.83,720.00,305.00,1025.00,222.44,17.31,false,2 loads: 20yd on tri-axle + 10yd on medium dump,false,,,,no broker data (LI market not scraped),false,,,,n/a — priced directly from partner yard
Long Island,North Shore,Soil,Screened Organic Topsoil,yd,3,true,250.00,83.33,72.00,125.00,197.00,45.45,18.18,false,1 load: 3yd on small dump,false,,,,no broker data (LI market not scraped),false,,,,n/a — priced directly from partner yard
Long Island,North Shore,Soil,Screened Organic Topsoil,yd,4,true,280.00,70.00,96.00,125.00,221.00,50.58,18.06,false,1 load: 4yd on small dump,false,,,,no broker data (LI market not scraped),false,,,,n/a — priced directly from partner yard
Long Island,North Shore,Soil,Screened Organic Topsoil,yd,5,false,310.00,62.00,120.00,125.00,245.00,55.71,17.97,false,1 load: 5yd on small dump,false,,,,no broker data (LI market not scraped),false,,,,n/a — priced directly from partner yard
Long Island,North Shore,Soil,Screened Organic Topsoil,yd,6,false,340.00,56.67,144.00,125.00,269.00,60.84,17.89,false,1 load: 6yd on small dump,false,,,,no broker data (LI market not scraped),false,,,,n/a — priced directly from partner yard
Long Island,North Shore,Soil,Screened Organic Topsoil,yd,8,false,460.00,57.50,192.00,175.00,367.00,79.36,17.25,false,1 load: 8yd on medium dump,false,,,,no broker data (LI market not scraped),false,,,,n/a — priced directly from partner yard
Long Island,North Shore,Soil,Screened Organic Topsoil,yd,10,false,520.00,52.00,240.00,175.00,415.00,89.62,17.23,false,1 load: 10yd on medium dump,false,,,,no broker data (LI market not scraped),false,,,,n/a — priced directly from partner yard
Long Island,North Shore,Soil,Screened Organic Topsoil,yd,12,false,675.00,56.25,288.00,250.00,538.00,117.13,17.35,false,1 load: 12yd on tri-axle,false,,,,no broker data (LI market not scraped),false,,,,n/a — priced directly from partner yard
Long Island,North Shore,Soil,Screened Organic Topsoil,yd,15,false,765.00,51.00,360.00,250.00,610.00,132.51,17.32,false,1 load: 15yd on tri-axle,false,,,,no broker data (LI market not scraped),false,,,,n/a — priced directly from partner yard
Long Island,North Shore,Soil,Screened Organic Topsoil,yd,20,false,915.00,45.75,480.00,250.00,730.00,158.16,17.29,false,1 load: 20yd on tri-axle,false,,,,no broker data (LI market not scraped),false,,,,n/a — priced directly from partner yard
Long Island,North Shore,Soil,Screened Organic Topsoil,yd,25,false,1180.00,47.20,600.00,343.75,943.75,201.73,17.10,false,2 loads: 20yd on tri-axle + 5yd on small dump,false,,,,no broker data (LI market not scraped),false,,,,n/a — priced directly from partner yard
Long Island,North Shore,Soil,Screened Organic Topsoil,yd,30,false,1380.00,46.00,720.00,381.25,1101.25,238.43,17.28,false,2 loads: 20yd on tri-axle + 10yd on medium dump,false,,,,no broker data (LI market not scraped),false,,,,n/a — priced directly from partner yard
Long Island,Core (Center Moriches area),Soil,Certified Organic Compost,yd,3,false,165.00,55.00,96.00,35.00,131.00,28.91,17.52,false,1 load: 3yd on small dump,false,,,,no broker data (LI market not scraped),false,,,,n/a — priced directly from partner yard
Long Island,Core (Center Moriches area),Soil,Certified Organic Compost,yd,4,false,205.00,51.25,128.00,35.00,163.00,35.76,17.44,false,1 load: 4yd on small dump,false,,,,no broker data (LI market not scraped),false,,,,n/a — priced directly from partner yard
Long Island,Core (Center Moriches area),Soil,Certified Organic Compost,yd,5,false,245.00,49.00,160.00,35.00,195.00,42.59,17.39,false,1 load: 5yd on small dump,false,,,,no broker data (LI market not scraped),false,,,,n/a — priced directly from partner yard
Long Island,Core (Center Moriches area),Soil,Certified Organic Compost,yd,6,false,285.00,47.50,192.00,35.00,227.00,49.44,17.35,false,1 load: 6yd on small dump,false,,,,no broker data (LI market not scraped),false,,,,n/a — priced directly from partner yard
Long Island,Core (Center Moriches area),Soil,Certified Organic Compost,yd,8,false,385.00,48.13,256.00,49.00,305.00,68.53,17.80,false,1 load: 8yd on medium dump,false,,,,no broker data (LI market not scraped),false,,,,n/a — priced directly from partner yard
Long Island,Core (Center Moriches area),Soil,Certified Organic Compost,yd,10,false,465.00,46.50,320.00,49.00,369.00,82.22,17.68,false,1 load: 10yd on medium dump,false,,,,no broker data (LI market not scraped),false,,,,n/a — priced directly from partner yard
Long Island,Core (Center Moriches area),Soil,Certified Organic Compost,yd,12,false,570.00,47.50,384.00,70.00,454.00,99.17,17.40,false,1 load: 12yd on tri-axle,false,,,,no broker data (LI market not scraped),false,,,,n/a — priced directly from partner yard
Long Island,Core (Center Moriches area),Soil,Certified Organic Compost,yd,15,false,690.00,46.00,480.00,70.00,550.00,119.69,17.35,false,1 load: 15yd on tri-axle,false,,,,no broker data (LI market not scraped),false,,,,n/a — priced directly from partner yard
Long Island,Core (Center Moriches area),Soil,Certified Organic Compost,yd,20,false,890.00,44.50,640.00,70.00,710.00,153.89,17.29,false,1 load: 20yd on tri-axle,false,,,,no broker data (LI market not scraped),false,,,,n/a — priced directly from partner yard
Long Island,Core (Center Moriches area),Soil,Certified Organic Compost,yd,25,false,1125.00,45.00,800.00,96.25,896.25,195.82,17.41,false,2 loads: 20yd on tri-axle + 5yd on small dump,false,,,,no broker data (LI market not scraped),false,,,,n/a — priced directly from partner yard
Long Island,Core (Center Moriches area),Soil,Certified Organic Compost,yd,30,false,1335.00,44.50,960.00,106.75,1066.75,229.24,17.17,false,2 loads: 20yd on tri-axle + 10yd on medium dump,false,,,,no broker data (LI market not scraped),false,,,,n/a — priced directly from partner yard
Long Island,West Hamptons,Soil,Certified Organic Compost,yd,3,false,215.00,71.67,96.00,75.00,171.00,37.47,17.43,false,1 load: 3yd on small dump,false,,,,no broker data (LI market not scraped),false,,,,n/a — priced directly from partner yard
Long Island,West Hamptons,Soil,Certified Organic Compost,yd,4,false,255.00,63.75,128.00,75.00,203.00,44.30,17.37,false,1 load: 4yd on small dump,false,,,,no broker data (LI market not scraped),false,,,,n/a — priced directly from partner yard
Long Island,West Hamptons,Soil,Certified Organic Compost,yd,5,false,295.00,59.00,160.00,75.00,235.00,51.14,17.34,false,1 load: 5yd on small dump,false,,,,no broker data (LI market not scraped),false,,,,n/a — priced directly from partner yard
Long Island,West Hamptons,Soil,Certified Organic Compost,yd,6,false,335.00,55.83,192.00,75.00,267.00,57.98,17.31,false,1 load: 6yd on small dump,false,,,,no broker data (LI market not scraped),false,,,,n/a — priced directly from partner yard
Long Island,West Hamptons,Soil,Certified Organic Compost,yd,8,false,455.00,56.88,256.00,105.00,361.00,80.50,17.69,false,1 load: 8yd on medium dump,false,,,,no broker data (LI market not scraped),false,,,,n/a — priced directly from partner yard
Long Island,West Hamptons,Soil,Certified Organic Compost,yd,10,false,535.00,53.50,320.00,105.00,425.00,94.19,17.60,false,1 load: 10yd on medium dump,false,,,,no broker data (LI market not scraped),false,,,,n/a — priced directly from partner yard
Long Island,West Hamptons,Soil,Certified Organic Compost,yd,12,false,670.00,55.83,384.00,150.00,534.00,116.27,17.35,false,1 load: 12yd on tri-axle,false,,,,no broker data (LI market not scraped),false,,,,n/a — priced directly from partner yard
Long Island,West Hamptons,Soil,Certified Organic Compost,yd,15,false,790.00,52.67,480.00,150.00,630.00,136.79,17.32,false,1 load: 15yd on tri-axle,false,,,,no broker data (LI market not scraped),false,,,,n/a — priced directly from partner yard
Long Island,West Hamptons,Soil,Certified Organic Compost,yd,20,false,990.00,49.50,640.00,150.00,790.00,170.99,17.27,false,1 load: 20yd on tri-axle,false,,,,no broker data (LI market not scraped),false,,,,n/a — priced directly from partner yard
Long Island,West Hamptons,Soil,Certified Organic Compost,yd,25,false,1260.00,50.40,800.00,206.25,1006.25,216.91,17.22,false,2 loads: 20yd on tri-axle + 5yd on small dump,false,,,,no broker data (LI market not scraped),false,,,,n/a — priced directly from partner yard
Long Island,West Hamptons,Soil,Certified Organic Compost,yd,30,false,1490.00,49.67,960.00,228.75,1188.75,257.74,17.30,false,2 loads: 20yd on tri-axle + 10yd on medium dump,false,,,,no broker data (LI market not scraped),false,,,,n/a — priced directly from partner yard
Long Island,Brookhaven,Soil,Certified Organic Compost,yd,3,false,215.00,71.67,96.00,75.00,171.00,37.47,17.43,false,1 load: 3yd on small dump,false,,,,no broker data (LI market not scraped),false,,,,n/a — priced directly from partner yard
Long Island,Brookhaven,Soil,Certified Organic Compost,yd,4,false,255.00,63.75,128.00,75.00,203.00,44.30,17.37,false,1 load: 4yd on small dump,false,,,,no broker data (LI market not scraped),false,,,,n/a — priced directly from partner yard
Long Island,Brookhaven,Soil,Certified Organic Compost,yd,5,false,295.00,59.00,160.00,75.00,235.00,51.14,17.34,false,1 load: 5yd on small dump,false,,,,no broker data (LI market not scraped),false,,,,n/a — priced directly from partner yard
Long Island,Brookhaven,Soil,Certified Organic Compost,yd,6,false,335.00,55.83,192.00,75.00,267.00,57.98,17.31,false,1 load: 6yd on small dump,false,,,,no broker data (LI market not scraped),false,,,,n/a — priced directly from partner yard
Long Island,Brookhaven,Soil,Certified Organic Compost,yd,8,false,455.00,56.88,256.00,105.00,361.00,80.50,17.69,false,1 load: 8yd on medium dump,false,,,,no broker data (LI market not scraped),false,,,,n/a — priced directly from partner yard
Long Island,Brookhaven,Soil,Certified Organic Compost,yd,10,false,535.00,53.50,320.00,105.00,425.00,94.19,17.60,false,1 load: 10yd on medium dump,false,,,,no broker data (LI market not scraped),false,,,,n/a — priced directly from partner yard
Long Island,Brookhaven,Soil,Certified Organic Compost,yd,12,false,670.00,55.83,384.00,150.00,534.00,116.27,17.35,false,1 load: 12yd on tri-axle,false,,,,no broker data (LI market not scraped),false,,,,n/a — priced directly from partner yard
Long Island,Brookhaven,Soil,Certified Organic Compost,yd,15,false,790.00,52.67,480.00,150.00,630.00,136.79,17.32,false,1 load: 15yd on tri-axle,false,,,,no broker data (LI market not scraped),false,,,,n/a — priced directly from partner yard
Long Island,Brookhaven,Soil,Certified Organic Compost,yd,20,false,990.00,49.50,640.00,150.00,790.00,170.99,17.27,false,1 load: 20yd on tri-axle,false,,,,no broker data (LI market not scraped),false,,,,n/a — priced directly from partner yard
Long Island,Brookhaven,Soil,Certified Organic Compost,yd,25,false,1260.00,50.40,800.00,206.25,1006.25,216.91,17.22,false,2 loads: 20yd on tri-axle + 5yd on small dump,false,,,,no broker data (LI market not scraped),false,,,,n/a — priced directly from partner yard
Long Island,Brookhaven,Soil,Certified Organic Compost,yd,30,false,1490.00,49.67,960.00,228.75,1188.75,257.74,17.30,false,2 loads: 20yd on tri-axle + 10yd on medium dump,false,,,,no broker data (LI market not scraped),false,,,,n/a — priced directly from partner yard
Long Island,East End,Soil,Certified Organic Compost,yd,3,false,245.00,81.67,96.00,100.00,196.00,41.59,16.98,false,1 load: 3yd on small dump,false,,,,no broker data (LI market not scraped),false,,,,n/a — priced directly from partner yard
Long Island,East End,Soil,Certified Organic Compost,yd,4,false,285.00,71.25,128.00,100.00,228.00,48.44,16.99,false,1 load: 4yd on small dump,false,,,,no broker data (LI market not scraped),false,,,,n/a — priced directly from partner yard
Long Island,East End,Soil,Certified Organic Compost,yd,5,false,325.00,65.00,160.00,100.00,260.00,55.27,17.01,false,1 load: 5yd on small dump,false,,,,no broker data (LI market not scraped),false,,,,n/a — priced directly from partner yard
Long Island,East End,Soil,Certified Organic Compost,yd,6,false,365.00,60.83,192.00,100.00,292.00,62.11,17.02,false,1 load: 6yd on small dump,false,,,,no broker data (LI market not scraped),false,,,,n/a — priced directly from partner yard
Long Island,East End,Soil,Certified Organic Compost,yd,8,false,495.00,61.88,256.00,140.00,396.00,84.34,17.04,false,1 load: 8yd on medium dump,false,,,,no broker data (LI market not scraped),false,,,,n/a — priced directly from partner yard
Long Island,East End,Soil,Certified Organic Compost,yd,10,false,575.00,57.50,320.00,140.00,460.00,98.03,17.05,false,1 load: 10yd on medium dump,false,,,,no broker data (LI market not scraped),false,,,,n/a — priced directly from partner yard
Long Island,East End,Soil,Certified Organic Compost,yd,12,false,730.00,60.83,384.00,200.00,584.00,124.53,17.06,false,1 load: 12yd on tri-axle,false,,,,no broker data (LI market not scraped),false,,,,n/a — priced directly from partner yard
Long Island,East End,Soil,Certified Organic Compost,yd,15,false,850.00,56.67,480.00,200.00,680.00,145.05,17.06,false,1 load: 15yd on tri-axle,false,,,,no broker data (LI market not scraped),false,,,,n/a — priced directly from partner yard
Long Island,East End,Soil,Certified Organic Compost,yd,20,false,1050.00,52.50,640.00,200.00,840.00,179.25,17.07,false,1 load: 20yd on tri-axle,false,,,,no broker data (LI market not scraped),false,,,,n/a — priced directly from partner yard
Long Island,East End,Soil,Certified Organic Compost,yd,25,false,1345.00,53.80,800.00,275.00,1075.00,230.69,17.15,false,2 loads: 20yd on tri-axle + 5yd on small dump,false,,,,no broker data (LI market not scraped),false,,,,n/a — priced directly from partner yard
Long Island,East End,Soil,Certified Organic Compost,yd,30,false,1585.00,52.83,960.00,305.00,1265.00,273.74,17.27,false,2 loads: 20yd on tri-axle + 10yd on medium dump,false,,,,no broker data (LI market not scraped),false,,,,n/a — priced directly from partner yard
Long Island,North Shore,Soil,Certified Organic Compost,yd,3,true,280.00,93.33,96.00,125.00,221.00,50.58,18.06,false,1 load: 3yd on small dump,false,,,,no broker data (LI market not scraped),false,,,,n/a — priced directly from partner yard
Long Island,North Shore,Soil,Certified Organic Compost,yd,4,true,320.00,80.00,128.00,125.00,253.00,57.42,17.94,false,1 load: 4yd on small dump,false,,,,no broker data (LI market not scraped),false,,,,n/a — priced directly from partner yard
Long Island,North Shore,Soil,Certified Organic Compost,yd,5,false,360.00,72.00,160.00,125.00,285.00,64.26,17.85,false,1 load: 5yd on small dump,false,,,,no broker data (LI market not scraped),false,,,,n/a — priced directly from partner yard
Long Island,North Shore,Soil,Certified Organic Compost,yd,6,false,400.00,66.67,192.00,125.00,317.00,71.10,17.77,false,1 load: 6yd on small dump,false,,,,no broker data (LI market not scraped),false,,,,n/a — priced directly from partner yard
Long Island,North Shore,Soil,Certified Organic Compost,yd,8,false,540.00,67.50,256.00,175.00,431.00,93.04,17.23,false,1 load: 8yd on medium dump,false,,,,no broker data (LI market not scraped),false,,,,n/a — priced directly from partner yard
Long Island,North Shore,Soil,Certified Organic Compost,yd,10,false,620.00,62.00,320.00,175.00,495.00,106.72,17.21,false,1 load: 10yd on medium dump,false,,,,no broker data (LI market not scraped),false,,,,n/a — priced directly from partner yard
Long Island,North Shore,Soil,Certified Organic Compost,yd,12,false,795.00,66.25,384.00,250.00,634.00,137.65,17.31,false,1 load: 12yd on tri-axle,false,,,,no broker data (LI market not scraped),false,,,,n/a — priced directly from partner yard
Long Island,North Shore,Soil,Certified Organic Compost,yd,15,false,915.00,61.00,480.00,250.00,730.00,158.16,17.29,false,1 load: 15yd on tri-axle,false,,,,no broker data (LI market not scraped),false,,,,n/a — priced directly from partner yard
Long Island,North Shore,Soil,Certified Organic Compost,yd,20,false,1115.00,55.75,640.00,250.00,890.00,192.37,17.25,false,1 load: 20yd on tri-axle,false,,,,no broker data (LI market not scraped),false,,,,n/a — priced directly from partner yard
Long Island,North Shore,Soil,Certified Organic Compost,yd,25,false,1430.00,57.20,800.00,343.75,1143.75,244.48,17.10,false,2 loads: 20yd on tri-axle + 5yd on small dump,false,,,,no broker data (LI market not scraped),false,,,,n/a — priced directly from partner yard
Long Island,North Shore,Soil,Certified Organic Compost,yd,30,false,1680.00,56.00,960.00,381.25,1341.25,289.73,17.25,false,2 loads: 20yd on tri-axle + 10yd on medium dump,false,,,,no broker data (LI market not scraped),false,,,,n/a — priced directly from partner yard
Long Island,Core (Center Moriches area),Soil,Clean Fill,yd,3,false,90.00,30.00,36.00,35.00,71.00,16.09,17.88,false,1 load: 3yd on small dump,false,,,,no broker data (LI market not scraped),false,,,,n/a — priced directly from partner yard
Long Island,Core (Center Moriches area),Soil,Clean Fill,yd,4,false,105.00,26.25,48.00,35.00,83.00,18.66,17.77,false,1 load: 4yd on small dump,false,,,,no broker data (LI market not scraped),false,,,,n/a — priced directly from partner yard
Long Island,Core (Center Moriches area),Soil,Clean Fill,yd,5,false,120.00,24.00,60.00,35.00,95.00,21.22,17.68,false,1 load: 5yd on small dump,false,,,,no broker data (LI market not scraped),false,,,,n/a — priced directly from partner yard
Long Island,Core (Center Moriches area),Soil,Clean Fill,yd,6,false,135.00,22.50,72.00,35.00,107.00,23.79,17.62,false,1 load: 6yd on small dump,false,,,,no broker data (LI market not scraped),false,,,,n/a — priced directly from partner yard
Long Island,Core (Center Moriches area),Soil,Clean Fill,yd,8,false,185.00,23.13,96.00,49.00,145.00,34.34,18.56,false,1 load: 8yd on medium dump,false,,,,no broker data (LI market not scraped),false,,,,n/a — priced directly from partner yard
Long Island,Core (Center Moriches area),Soil,Clean Fill,yd,10,false,215.00,21.50,120.00,49.00,169.00,39.47,18.36,false,1 load: 10yd on medium dump,false,,,,no broker data (LI market not scraped),false,,,,n/a — priced directly from partner yard
Long Island,Core (Center Moriches area),Soil,Clean Fill,yd,12,false,270.00,22.50,144.00,70.00,214.00,47.87,17.73,false,1 load: 12yd on tri-axle,false,,,,no broker data (LI market not scraped),false,,,,n/a — priced directly from partner yard
Long Island,Core (Center Moriches area),Soil,Clean Fill,yd,15,false,315.00,21.00,180.00,70.00,250.00,55.56,17.64,false,1 load: 15yd on tri-axle,false,,,,no broker data (LI market not scraped),false,,,,n/a — priced directly from partner yard
Long Island,Core (Center Moriches area),Soil,Clean Fill,yd,20,false,390.00,19.50,240.00,70.00,310.00,68.39,17.54,false,1 load: 20yd on tri-axle,false,,,,no broker data (LI market not scraped),false,,,,n/a — priced directly from partner yard
Long Island,Core (Center Moriches area),Soil,Clean Fill,yd,25,false,500.00,20.00,300.00,96.25,396.25,88.95,17.79,false,2 loads: 20yd on tri-axle + 5yd on small dump,false,,,,no broker data (LI market not scraped),false,,,,n/a — priced directly from partner yard
Long Island,Core (Center Moriches area),Soil,Clean Fill,yd,30,false,585.00,19.50,360.00,106.75,466.75,100.98,17.26,false,2 loads: 20yd on tri-axle + 10yd on medium dump,false,,,,no broker data (LI market not scraped),false,,,,n/a — priced directly from partner yard
Long Island,West Hamptons,Soil,Clean Fill,yd,3,false,140.00,46.67,36.00,75.00,111.00,24.64,17.60,false,1 load: 3yd on small dump,false,,,,no broker data (LI market not scraped),false,,,,n/a — priced directly from partner yard
Long Island,West Hamptons,Soil,Clean Fill,yd,4,false,155.00,38.75,48.00,75.00,123.00,27.20,17.55,false,1 load: 4yd on small dump,false,,,,no broker data (LI market not scraped),false,,,,n/a — priced directly from partner yard
Long Island,West Hamptons,Soil,Clean Fill,yd,5,false,170.00,34.00,60.00,75.00,135.00,29.77,17.51,false,1 load: 5yd on small dump,false,,,,no broker data (LI market not scraped),false,,,,n/a — priced directly from partner yard
Long Island,West Hamptons,Soil,Clean Fill,yd,6,false,185.00,30.83,72.00,75.00,147.00,32.34,17.48,false,1 load: 6yd on small dump,false,,,,no broker data (LI market not scraped),false,,,,n/a — priced directly from partner yard
Long Island,West Hamptons,Soil,Clean Fill,yd,8,false,255.00,31.88,96.00,105.00,201.00,46.30,18.16,false,1 load: 8yd on medium dump,false,,,,no broker data (LI market not scraped),false,,,,n/a — priced directly from partner yard
Long Island,West Hamptons,Soil,Clean Fill,yd,10,false,285.00,28.50,120.00,105.00,225.00,51.44,18.05,false,1 load: 10yd on medium dump,false,,,,no broker data (LI market not scraped),false,,,,n/a — priced directly from partner yard
Long Island,West Hamptons,Soil,Clean Fill,yd,12,false,370.00,30.83,144.00,150.00,294.00,64.97,17.56,false,1 load: 12yd on tri-axle,false,,,,no broker data (LI market not scraped),false,,,,n/a — priced directly from partner yard
Long Island,West Hamptons,Soil,Clean Fill,yd,15,false,415.00,27.67,180.00,150.00,330.00,72.66,17.51,false,1 load: 15yd on tri-axle,false,,,,no broker data (LI market not scraped),false,,,,n/a — priced directly from partner yard
Long Island,West Hamptons,Soil,Clean Fill,yd,20,false,490.00,24.50,240.00,150.00,390.00,85.49,17.45,false,1 load: 20yd on tri-axle,false,,,,no broker data (LI market not scraped),false,,,,n/a — priced directly from partner yard
Long Island,West Hamptons,Soil,Clean Fill,yd,25,false,635.00,25.40,300.00,206.25,506.25,110.03,17.33,false,2 loads: 20yd on tri-axle + 5yd on small dump,false,,,,no broker data (LI market not scraped),false,,,,n/a — priced directly from partner yard
Long Island,West Hamptons,Soil,Clean Fill,yd,30,false,740.00,24.67,360.00,228.75,588.75,129.49,17.50,false,2 loads: 20yd on tri-axle + 10yd on medium dump,false,,,,no broker data (LI market not scraped),false,,,,n/a — priced directly from partner yard
Long Island,Brookhaven,Soil,Clean Fill,yd,3,false,140.00,46.67,36.00,75.00,111.00,24.64,17.60,false,1 load: 3yd on small dump,false,,,,no broker data (LI market not scraped),false,,,,n/a — priced directly from partner yard
Long Island,Brookhaven,Soil,Clean Fill,yd,4,false,155.00,38.75,48.00,75.00,123.00,27.20,17.55,false,1 load: 4yd on small dump,false,,,,no broker data (LI market not scraped),false,,,,n/a — priced directly from partner yard
Long Island,Brookhaven,Soil,Clean Fill,yd,5,false,170.00,34.00,60.00,75.00,135.00,29.77,17.51,false,1 load: 5yd on small dump,false,,,,no broker data (LI market not scraped),false,,,,n/a — priced directly from partner yard
Long Island,Brookhaven,Soil,Clean Fill,yd,6,false,185.00,30.83,72.00,75.00,147.00,32.34,17.48,false,1 load: 6yd on small dump,false,,,,no broker data (LI market not scraped),false,,,,n/a — priced directly from partner yard
Long Island,Brookhaven,Soil,Clean Fill,yd,8,false,255.00,31.88,96.00,105.00,201.00,46.30,18.16,false,1 load: 8yd on medium dump,false,,,,no broker data (LI market not scraped),false,,,,n/a — priced directly from partner yard
Long Island,Brookhaven,Soil,Clean Fill,yd,10,false,285.00,28.50,120.00,105.00,225.00,51.44,18.05,false,1 load: 10yd on medium dump,false,,,,no broker data (LI market not scraped),false,,,,n/a — priced directly from partner yard
Long Island,Brookhaven,Soil,Clean Fill,yd,12,false,370.00,30.83,144.00,150.00,294.00,64.97,17.56,false,1 load: 12yd on tri-axle,false,,,,no broker data (LI market not scraped),false,,,,n/a — priced directly from partner yard
Long Island,Brookhaven,Soil,Clean Fill,yd,15,false,415.00,27.67,180.00,150.00,330.00,72.66,17.51,false,1 load: 15yd on tri-axle,false,,,,no broker data (LI market not scraped),false,,,,n/a — priced directly from partner yard
Long Island,Brookhaven,Soil,Clean Fill,yd,20,false,490.00,24.50,240.00,150.00,390.00,85.49,17.45,false,1 load: 20yd on tri-axle,false,,,,no broker data (LI market not scraped),false,,,,n/a — priced directly from partner yard
Long Island,Brookhaven,Soil,Clean Fill,yd,25,false,635.00,25.40,300.00,206.25,506.25,110.03,17.33,false,2 loads: 20yd on tri-axle + 5yd on small dump,false,,,,no broker data (LI market not scraped),false,,,,n/a — priced directly from partner yard
Long Island,Brookhaven,Soil,Clean Fill,yd,30,false,740.00,24.67,360.00,228.75,588.75,129.49,17.50,false,2 loads: 20yd on tri-axle + 10yd on medium dump,false,,,,no broker data (LI market not scraped),false,,,,n/a — priced directly from partner yard
Long Island,East End,Soil,Clean Fill,yd,3,false,170.00,56.67,36.00,100.00,136.00,28.77,16.92,false,1 load: 3yd on small dump,false,,,,no broker data (LI market not scraped),false,,,,n/a — priced directly from partner yard
Long Island,East End,Soil,Clean Fill,yd,4,false,185.00,46.25,48.00,100.00,148.00,31.34,16.94,false,1 load: 4yd on small dump,false,,,,no broker data (LI market not scraped),false,,,,n/a — priced directly from partner yard
Long Island,East End,Soil,Clean Fill,yd,5,false,200.00,40.00,60.00,100.00,160.00,33.90,16.95,false,1 load: 5yd on small dump,false,,,,no broker data (LI market not scraped),false,,,,n/a — priced directly from partner yard
Long Island,East End,Soil,Clean Fill,yd,6,false,215.00,35.83,72.00,100.00,172.00,36.47,16.96,false,1 load: 6yd on small dump,false,,,,no broker data (LI market not scraped),false,,,,n/a — priced directly from partner yard
Long Island,East End,Soil,Clean Fill,yd,8,false,295.00,36.88,96.00,140.00,236.00,50.14,17.00,false,1 load: 8yd on medium dump,false,,,,no broker data (LI market not scraped),false,,,,n/a — priced directly from partner yard
Long Island,East End,Soil,Clean Fill,yd,10,false,325.00,32.50,120.00,140.00,260.00,55.27,17.01,false,1 load: 10yd on medium dump,false,,,,no broker data (LI market not scraped),false,,,,n/a — priced directly from partner yard
Long Island,East End,Soil,Clean Fill,yd,12,false,430.00,35.83,144.00,200.00,344.00,73.23,17.03,false,1 load: 12yd on tri-axle,false,,,,no broker data (LI market not scraped),false,,,,n/a — priced directly from partner yard
Long Island,East End,Soil,Clean Fill,yd,15,false,475.00,31.67,180.00,200.00,380.00,80.92,17.04,false,1 load: 15yd on tri-axle,false,,,,no broker data (LI market not scraped),false,,,,n/a — priced directly from partner yard
Long Island,East End,Soil,Clean Fill,yd,20,false,550.00,27.50,240.00,200.00,440.00,93.75,17.05,false,1 load: 20yd on tri-axle,false,,,,no broker data (LI market not scraped),false,,,,n/a — priced directly from partner yard
Long Island,East End,Soil,Clean Fill,yd,25,false,720.00,28.80,300.00,275.00,575.00,123.82,17.20,false,2 loads: 20yd on tri-axle + 5yd on small dump,false,,,,no broker data (LI market not scraped),false,,,,n/a — priced directly from partner yard
Long Island,East End,Soil,Clean Fill,yd,30,false,835.00,27.83,360.00,305.00,665.00,145.49,17.42,false,2 loads: 20yd on tri-axle + 10yd on medium dump,false,,,,no broker data (LI market not scraped),false,,,,n/a — priced directly from partner yard
Long Island,North Shore,Soil,Clean Fill,yd,3,true,205.00,68.33,36.00,125.00,161.00,37.76,18.42,false,1 load: 3yd on small dump,false,,,,no broker data (LI market not scraped),false,,,,n/a — priced directly from partner yard
Long Island,North Shore,Soil,Clean Fill,yd,4,true,220.00,55.00,48.00,125.00,173.00,40.32,18.33,false,1 load: 4yd on small dump,false,,,,no broker data (LI market not scraped),false,,,,n/a — priced directly from partner yard
Long Island,North Shore,Soil,Clean Fill,yd,5,false,235.00,47.00,60.00,125.00,185.00,42.88,18.25,false,1 load: 5yd on small dump,false,,,,no broker data (LI market not scraped),false,,,,n/a — priced directly from partner yard
Long Island,North Shore,Soil,Clean Fill,yd,6,false,250.00,41.67,72.00,125.00,197.00,45.45,18.18,false,1 load: 6yd on small dump,false,,,,no broker data (LI market not scraped),false,,,,n/a — priced directly from partner yard
Long Island,North Shore,Soil,Clean Fill,yd,8,false,340.00,42.50,96.00,175.00,271.00,58.84,17.31,false,1 load: 8yd on medium dump,false,,,,no broker data (LI market not scraped),false,,,,n/a — priced directly from partner yard
Long Island,North Shore,Soil,Clean Fill,yd,10,false,370.00,37.00,120.00,175.00,295.00,63.97,17.29,false,1 load: 10yd on medium dump,false,,,,no broker data (LI market not scraped),false,,,,n/a — priced directly from partner yard
Long Island,North Shore,Soil,Clean Fill,yd,12,false,495.00,41.25,144.00,250.00,394.00,86.34,17.44,false,1 load: 12yd on tri-axle,false,,,,no broker data (LI market not scraped),false,,,,n/a — priced directly from partner yard
Long Island,North Shore,Soil,Clean Fill,yd,15,false,540.00,36.00,180.00,250.00,430.00,94.04,17.41,false,1 load: 15yd on tri-axle,false,,,,no broker data (LI market not scraped),false,,,,n/a — priced directly from partner yard
Long Island,North Shore,Soil,Clean Fill,yd,20,false,615.00,30.75,240.00,250.00,490.00,106.86,17.38,false,1 load: 20yd on tri-axle,false,,,,no broker data (LI market not scraped),false,,,,n/a — priced directly from partner yard
Long Island,North Shore,Soil,Clean Fill,yd,25,false,805.00,32.20,300.00,343.75,643.75,137.60,17.09,false,2 loads: 20yd on tri-axle + 5yd on small dump,false,,,,no broker data (LI market not scraped),false,,,,n/a — priced directly from partner yard
Long Island,North Shore,Soil,Clean Fill,yd,30,false,930.00,31.00,360.00,381.25,741.25,161.48,17.36,false,2 loads: 20yd on tri-axle + 10yd on medium dump,false,,,,no broker data (LI market not scraped),false,,,,n/a — priced directly from partner yard
