seller,seller_class,pickup_only,delivered_flag,category,normalized_material,catalog_slug,product_name,material_detail,price,unit,price_per_yd,price_per_ton,delivery_fee_model,delivery_minimum,source_url,date_checked,density_class,notes,data_source,verified
Mulch Mound,yard,false,,mulch,Natural Brown / Triple Shredded,,Dallas Mulch Delivery,Arlington1,46,yd,46,153.33,unknown,,https://mulchmound.com/products/dallas-texas-mulch-delivery,2026-09-28T03:52:46.353Z,mulch,,own_scrape,y
Mulch Mound,yard,false,,mulch,Natural Brown / Double Shredded,,Dallas Mulch Delivery,Arlington1,34,yd,34,113.33,unknown,,https://mulchmound.com/products/dallas-texas-mulch-delivery,2026-09-28T03:52:46.353Z,mulch,,own_scrape,y
Mulch Mound,yard,false,,mulch,Dyed Brown / Double Shredded,,Dallas Mulch Delivery,Arlington1,46,yd,46,153.33,unknown,,https://mulchmound.com/products/dallas-texas-mulch-delivery,2026-09-28T03:52:46.353Z,mulch,,own_scrape,y
Mulch Mound,yard,false,,mulch,Dyed Black / Double Shredded,,Dallas Mulch Delivery,Arlington1,46,yd,46,153.33,unknown,,https://mulchmound.com/products/dallas-texas-mulch-delivery,2026-09-28T03:52:46.353Z,mulch,,own_scrape,y
Mulch Mound,yard,false,,mulch,Dyed Red / Double Shredded,,Dallas Mulch Delivery,Arlington1,46,yd,46,153.33,unknown,,https://mulchmound.com/products/dallas-texas-mulch-delivery,2026-09-28T03:52:46.353Z,mulch,,own_scrape,y
Mulch Mound,yard,false,,mulch,Cedar / Double Shredded,,Dallas Mulch Delivery,Arlington1,55,yd,55,183.33,unknown,,https://mulchmound.com/products/dallas-texas-mulch-delivery,2026-09-28T03:52:46.353Z,mulch,,own_scrape,y
Mulch Mound,yard,false,,mulch,Pine Bark / Double Shredded,,Dallas Mulch Delivery,Arlington1,55,yd,55,183.33,unknown,,https://mulchmound.com/products/dallas-texas-mulch-delivery,2026-09-28T03:52:46.353Z,mulch,,own_scrape,y
Mulch Mound,yard,false,,mulch,Playground / Standard,,Dallas Mulch Delivery,Arlington1,52,yd,52,173.33,unknown,,https://mulchmound.com/products/dallas-texas-mulch-delivery,2026-09-28T03:52:46.353Z,mulch,,own_scrape,y
Mulch Mound,yard,false,,sand,Masonry / Bulk,,Dallas Sand Delivery,mulch_mound_dallas_tx,74,yd,74,54.81,unknown,,https://mulchmound.com/products/dallas-texas-sand-delivery,2026-09-28T03:52:47.591Z,sand,,own_scrape,y
Mulch Mound,yard,false,,sand,Fill / Bulk,,Dallas Sand Delivery,mulch_mound_dallas_tx,69,yd,69,51.11,unknown,,https://mulchmound.com/products/dallas-texas-sand-delivery,2026-09-28T03:52:47.591Z,sand,,own_scrape,y
Mulch Mound,yard,false,,sand,Play / Bulk,,Dallas Sand Delivery,Arlington1,97,yd,97,71.85,unknown,,https://mulchmound.com/products/dallas-texas-sand-delivery,2026-09-28T03:52:47.591Z,sand,,own_scrape,y
Mulch Mound,yard,false,,sand,Concrete / Bulk,,Dallas Sand Delivery,Arlington1,96,yd,96,71.11,unknown,,https://mulchmound.com/products/dallas-texas-sand-delivery,2026-09-28T03:52:47.591Z,sand,,own_scrape,y
Mulch Mound,yard,false,,soil,Gardening Blend / Standard,,Dallas Soil Delivery,Arlington1,55,yd,55,50,unknown,,https://mulchmound.com/products/dallas-texas-soil-delivery,2026-09-28T03:52:48.835Z,soil,,own_scrape,y
Mulch Mound,yard,false,,soil,Top Soil / Screened,,Dallas Soil Delivery,Arlington1,49,yd,49,44.55,unknown,,https://mulchmound.com/products/dallas-texas-soil-delivery,2026-09-28T03:52:48.835Z,soil,,own_scrape,y
Mulch Mound,yard,false,,soil,Gardening Blend / Premium,,Dallas Soil Delivery,mulch_mound_dallas_tx,101,yd,101,91.82,unknown,,https://mulchmound.com/products/dallas-texas-soil-delivery,2026-09-28T03:52:48.835Z,soil,,own_scrape,y
Mulch Mound,yard,false,,gravel,"West Texas Black / 3"" Minus",,Dallas Gravel Delivery,justin_texas,545,yd,545,389.29,unknown,,https://mulchmound.com/products/dallas-texas-stone-delivery,2026-09-28T03:52:50.064Z,gravel,,own_scrape,y
Mulch Mound,yard,false,,gravel,"West Texas Black / 1""",,Dallas Gravel Delivery,justin_texas,549,yd,549,392.14,unknown,,https://mulchmound.com/products/dallas-texas-stone-delivery,2026-09-28T03:52:50.064Z,gravel,,own_scrape,y
Mulch Mound,yard,false,,gravel,"Road Base / 1.5""",,Dallas Gravel Delivery,justin_texas,127,yd,127,90.71,unknown,,https://mulchmound.com/products/dallas-texas-stone-delivery,2026-09-28T03:52:50.064Z,gravel,,own_scrape,y
Mulch Mound,yard,false,,gravel,"Road Base / 0.75""",,Dallas Gravel Delivery,justin_texas,127,yd,127,90.71,unknown,,https://mulchmound.com/products/dallas-texas-stone-delivery,2026-09-28T03:52:50.064Z,gravel,,own_scrape,y
Mulch Mound,yard,false,,gravel,"Washed Granite / 0.75""",,Dallas Gravel Delivery,justin_texas,182,yd,182,130,unknown,,https://mulchmound.com/products/dallas-texas-stone-delivery,2026-09-28T03:52:50.064Z,gravel,,own_scrape,y
Mulch Mound,yard,false,,gravel,Crushed Stone / #57,,Dallas Gravel Delivery,mulch_mound_dallas_tx,133,yd,133,95,unknown,,https://mulchmound.com/products/dallas-texas-stone-delivery,2026-09-28T03:52:50.064Z,gravel,,own_scrape,y
Mulch Mound,yard,false,,gravel,"Limestone / 0.75""",,Dallas Gravel Delivery,Arlington1,110,yd,110,78.57,unknown,,https://mulchmound.com/products/dallas-texas-stone-delivery,2026-09-28T03:52:50.064Z,gravel,,own_scrape,y
Mulch Mound,yard,false,,mulch,Natural Brown / Triple Shredded,,Fort Worth Mulch Delivery,Arlington1,46,yd,46,153.33,unknown,,https://mulchmound.com/products/fort-worth-texas-mulch-delivery,2026-09-28T03:52:51.321Z,mulch,,own_scrape,y
Mulch Mound,yard,false,,mulch,Natural Brown / Double Shredded,,Fort Worth Mulch Delivery,Arlington1,34,yd,34,113.33,unknown,,https://mulchmound.com/products/fort-worth-texas-mulch-delivery,2026-09-28T03:52:51.321Z,mulch,,own_scrape,y
Mulch Mound,yard,false,,mulch,Dyed Brown / Double Shredded,,Fort Worth Mulch Delivery,Arlington1,46,yd,46,153.33,unknown,,https://mulchmound.com/products/fort-worth-texas-mulch-delivery,2026-09-28T03:52:51.321Z,mulch,,own_scrape,y
Mulch Mound,yard,false,,mulch,Dyed Black / Double Shredded,,Fort Worth Mulch Delivery,Arlington1,46,yd,46,153.33,unknown,,https://mulchmound.com/products/fort-worth-texas-mulch-delivery,2026-09-28T03:52:51.321Z,mulch,,own_scrape,y
Mulch Mound,yard,false,,mulch,Dyed Red / Double Shredded,,Fort Worth Mulch Delivery,Arlington1,46,yd,46,153.33,unknown,,https://mulchmound.com/products/fort-worth-texas-mulch-delivery,2026-09-28T03:52:51.321Z,mulch,,own_scrape,y
Mulch Mound,yard,false,,mulch,Cedar / Double Shredded,,Fort Worth Mulch Delivery,Arlington1,55,yd,55,183.33,unknown,,https://mulchmound.com/products/fort-worth-texas-mulch-delivery,2026-09-28T03:52:51.321Z,mulch,,own_scrape,y
Mulch Mound,yard,false,,mulch,Pine Bark / Double Shredded,,Fort Worth Mulch Delivery,Arlington1,55,yd,55,183.33,unknown,,https://mulchmound.com/products/fort-worth-texas-mulch-delivery,2026-09-28T03:52:51.321Z,mulch,,own_scrape,y
Mulch Mound,yard,false,,mulch,Playground / Standard,,Fort Worth Mulch Delivery,Arlington1,52,yd,52,173.33,unknown,,https://mulchmound.com/products/fort-worth-texas-mulch-delivery,2026-09-28T03:52:51.321Z,mulch,,own_scrape,y
Mulch Mound,yard,false,,sand,Masonry / Bulk,,Fort Worth Sand Delivery,mulch_mound_fort_worth_tx,74,yd,74,54.81,unknown,,https://mulchmound.com/products/fort-worth-texas-sand-delivery,2026-09-28T03:52:52.564Z,sand,,own_scrape,y
Mulch Mound,yard,false,,sand,Fill / Bulk,,Fort Worth Sand Delivery,mulch_mound_fort_worth_tx,69,yd,69,51.11,unknown,,https://mulchmound.com/products/fort-worth-texas-sand-delivery,2026-09-28T03:52:52.564Z,sand,,own_scrape,y
Mulch Mound,yard,false,,sand,Play / Bulk,,Fort Worth Sand Delivery,Arlington1,97,yd,97,71.85,unknown,,https://mulchmound.com/products/fort-worth-texas-sand-delivery,2026-09-28T03:52:52.564Z,sand,,own_scrape,y
Mulch Mound,yard,false,,sand,Concrete / Bulk,,Fort Worth Sand Delivery,Arlington1,96,yd,96,71.11,unknown,,https://mulchmound.com/products/fort-worth-texas-sand-delivery,2026-09-28T03:52:52.564Z,sand,,own_scrape,y
Mulch Mound,yard,false,,soil,Gardening Blend / Standard,,Fort Worth Soil Delivery,Arlington1,55,yd,55,50,unknown,,https://mulchmound.com/products/fort-worth-texas-soil-delivery,2026-09-28T03:52:53.826Z,soil,,own_scrape,y
Mulch Mound,yard,false,,soil,Top Soil / Screened,,Fort Worth Soil Delivery,Arlington1,49,yd,49,44.55,unknown,,https://mulchmound.com/products/fort-worth-texas-soil-delivery,2026-09-28T03:52:53.826Z,soil,,own_scrape,y
Mulch Mound,yard,false,,soil,Gardening Blend / Premium,,Fort Worth Soil Delivery,aledo_texas,65,yd,65,59.09,unknown,,https://mulchmound.com/products/fort-worth-texas-soil-delivery,2026-09-28T03:52:53.826Z,soil,,own_scrape,y
Mulch Mound,yard,false,,gravel,"West Texas Black / 3"" Minus",,Fort Worth Gravel Delivery,justin_texas,545,yd,545,389.29,unknown,,https://mulchmound.com/products/fort-worth-texas-stone-delivery,2026-09-28T03:52:55.061Z,gravel,,own_scrape,y
Mulch Mound,yard,false,,gravel,"West Texas Black / 1""",,Fort Worth Gravel Delivery,justin_texas,549,yd,549,392.14,unknown,,https://mulchmound.com/products/fort-worth-texas-stone-delivery,2026-09-28T03:52:55.061Z,gravel,,own_scrape,y
Mulch Mound,yard,false,,gravel,"Road Base / 1.5""",,Fort Worth Gravel Delivery,justin_texas,127,yd,127,90.71,unknown,,https://mulchmound.com/products/fort-worth-texas-stone-delivery,2026-09-28T03:52:55.061Z,gravel,,own_scrape,y
Mulch Mound,yard,false,,gravel,"Road Base / 0.75""",,Fort Worth Gravel Delivery,justin_texas,127,yd,127,90.71,unknown,,https://mulchmound.com/products/fort-worth-texas-stone-delivery,2026-09-28T03:52:55.061Z,gravel,,own_scrape,y
Mulch Mound,yard,false,,gravel,"Washed Granite / 0.75""",,Fort Worth Gravel Delivery,justin_texas,182,yd,182,130,unknown,,https://mulchmound.com/products/fort-worth-texas-stone-delivery,2026-09-28T03:52:55.061Z,gravel,,own_scrape,y
Mulch Mound,yard,false,,gravel,Crushed Stone / #57,,Fort Worth Gravel Delivery,mulch_mound_fort_worth_tx,133,yd,133,95,unknown,,https://mulchmound.com/products/fort-worth-texas-stone-delivery,2026-09-28T03:52:55.061Z,gravel,,own_scrape,y
Mulch Mound,yard,false,,gravel,"Limestone / 0.75""",,Fort Worth Gravel Delivery,Arlington1,110,yd,110,78.57,unknown,,https://mulchmound.com/products/fort-worth-texas-stone-delivery,2026-09-28T03:52:55.061Z,gravel,,own_scrape,y
Mulch Mound,yard,false,,mulch,Dyed Brown / Double Shredded,,Plano Mulch Delivery,mulch_mound_plano_tx,55,yd,55,183.33,unknown,,https://mulchmound.com/products/plano-texas-mulch-delivery,2026-09-28T03:52:56.317Z,mulch,,own_scrape,y
Mulch Mound,yard,false,,mulch,Dyed Black / Double Shredded,,Plano Mulch Delivery,mulch_mound_plano_tx,55,yd,55,183.33,unknown,,https://mulchmound.com/products/plano-texas-mulch-delivery,2026-09-28T03:52:56.317Z,mulch,,own_scrape,y
Mulch Mound,yard,false,,mulch,Natural Brown / Double Shredded,,Plano Mulch Delivery,mulch_mound_plano_tx,49,yd,49,163.33,unknown,,https://mulchmound.com/products/plano-texas-mulch-delivery,2026-09-28T03:52:56.317Z,mulch,,own_scrape,y
Mulch Mound,yard,false,,mulch,Natural Brown / Triple Shredded,,Plano Mulch Delivery,Arlington1,46,yd,46,153.33,unknown,,https://mulchmound.com/products/plano-texas-mulch-delivery,2026-09-28T03:52:56.317Z,mulch,,own_scrape,y
Mulch Mound,yard,false,,mulch,Dyed Red / Double Shredded,,Plano Mulch Delivery,Arlington1,46,yd,46,153.33,unknown,,https://mulchmound.com/products/plano-texas-mulch-delivery,2026-09-28T03:52:56.317Z,mulch,,own_scrape,y
Mulch Mound,yard,false,,mulch,Cedar / Double Shredded,,Plano Mulch Delivery,Arlington1,55,yd,55,183.33,unknown,,https://mulchmound.com/products/plano-texas-mulch-delivery,2026-09-28T03:52:56.317Z,mulch,,own_scrape,y
Mulch Mound,yard,false,,mulch,Pine Bark / Double Shredded,,Plano Mulch Delivery,Arlington1,55,yd,55,183.33,unknown,,https://mulchmound.com/products/plano-texas-mulch-delivery,2026-09-28T03:52:56.317Z,mulch,,own_scrape,y
Mulch Mound,yard,false,,mulch,Playground / Standard,,Plano Mulch Delivery,Arlington1,52,yd,52,173.33,unknown,,https://mulchmound.com/products/plano-texas-mulch-delivery,2026-09-28T03:52:56.317Z,mulch,,own_scrape,y
Mulch Mound,yard,false,,sand,Masonry / Bulk,,Plano Sand Delivery,mulch_mound_plano_tx,74,yd,74,54.81,unknown,,https://mulchmound.com/products/plano-texas-sand-delivery,2026-09-28T03:52:57.581Z,sand,,own_scrape,y
Mulch Mound,yard,false,,sand,Fill / Bulk,,Plano Sand Delivery,mulch_mound_plano_tx,69,yd,69,51.11,unknown,,https://mulchmound.com/products/plano-texas-sand-delivery,2026-09-28T03:52:57.581Z,sand,,own_scrape,y
Mulch Mound,yard,false,,sand,Play / Bulk,,Plano Sand Delivery,Arlington1,97,yd,97,71.85,unknown,,https://mulchmound.com/products/plano-texas-sand-delivery,2026-09-28T03:52:57.581Z,sand,,own_scrape,y
Mulch Mound,yard,false,,sand,Concrete / Bulk,,Plano Sand Delivery,Arlington1,96,yd,96,71.11,unknown,,https://mulchmound.com/products/plano-texas-sand-delivery,2026-09-28T03:52:57.581Z,sand,,own_scrape,y
Mulch Mound,yard,false,,soil,Top Soil / Screened,,Plano Soil Delivery,mulch_mound_plano_tx,55,yd,55,50,unknown,,https://mulchmound.com/products/plano-texas-soil-delivery,2026-09-28T03:52:58.832Z,soil,,own_scrape,y
Mulch Mound,yard,false,,soil,Gardening Blend / Standard,,Plano Soil Delivery,Arlington1,55,yd,55,50,unknown,,https://mulchmound.com/products/plano-texas-soil-delivery,2026-09-28T03:52:58.832Z,soil,,own_scrape,y
Mulch Mound,yard,false,,gravel,"West Texas Black / 3"" Minus",,Plano Gravel Delivery,justin_texas,545,yd,545,389.29,unknown,,https://mulchmound.com/products/plano-texas-stone-delivery,2026-09-28T03:53:00.108Z,gravel,,own_scrape,y
Mulch Mound,yard,false,,gravel,"West Texas Black / 1""",,Plano Gravel Delivery,justin_texas,549,yd,549,392.14,unknown,,https://mulchmound.com/products/plano-texas-stone-delivery,2026-09-28T03:53:00.108Z,gravel,,own_scrape,y
Mulch Mound,yard,false,,gravel,"Road Base / 1.5""",,Plano Gravel Delivery,justin_texas,127,yd,127,90.71,unknown,,https://mulchmound.com/products/plano-texas-stone-delivery,2026-09-28T03:53:00.108Z,gravel,,own_scrape,y
Mulch Mound,yard,false,,gravel,"Road Base / 0.75""",,Plano Gravel Delivery,justin_texas,127,yd,127,90.71,unknown,,https://mulchmound.com/products/plano-texas-stone-delivery,2026-09-28T03:53:00.108Z,gravel,,own_scrape,y
Mulch Mound,yard,false,,gravel,"Washed Granite / 0.75""",,Plano Gravel Delivery,justin_texas,182,yd,182,130,unknown,,https://mulchmound.com/products/plano-texas-stone-delivery,2026-09-28T03:53:00.108Z,gravel,,own_scrape,y
Mulch Mound,yard,false,,gravel,Crushed Stone / #57,,Plano Gravel Delivery,mulch_mound_plano_tx,133,yd,133,95,unknown,,https://mulchmound.com/products/plano-texas-stone-delivery,2026-09-28T03:53:00.108Z,gravel,,own_scrape,y
Mulch Mound,yard,false,,gravel,"Limestone / 0.75""",,Plano Gravel Delivery,Arlington1,110,yd,110,78.57,unknown,,https://mulchmound.com/products/plano-texas-stone-delivery,2026-09-28T03:53:00.108Z,gravel,,own_scrape,y
Mulch Mound,yard,false,,mulch,Dyed Brown / Double Shredded,,Frisco Mulch Delivery,mulch_mound_frisco_tx,64,yd,64,213.33,unknown,,https://mulchmound.com/products/frisco-texas-mulch-delivery,2026-09-28T03:53:01.371Z,mulch,,own_scrape,y
Mulch Mound,yard,false,,mulch,Dyed Black / Double Shredded,,Frisco Mulch Delivery,mulch_mound_frisco_tx,64,yd,64,213.33,unknown,,https://mulchmound.com/products/frisco-texas-mulch-delivery,2026-09-28T03:53:01.371Z,mulch,,own_scrape,y
Mulch Mound,yard,false,,mulch,Natural Brown / Double Shredded,,Frisco Mulch Delivery,mulch_mound_frisco_tx,57,yd,57,190,unknown,,https://mulchmound.com/products/frisco-texas-mulch-delivery,2026-09-28T03:53:01.371Z,mulch,,own_scrape,y
Mulch Mound,yard,false,,mulch,Natural Brown / Triple Shredded,,Frisco Mulch Delivery,Arlington1,46,yd,46,153.33,unknown,,https://mulchmound.com/products/frisco-texas-mulch-delivery,2026-09-28T03:53:01.371Z,mulch,,own_scrape,y
Mulch Mound,yard,false,,mulch,Dyed Red / Double Shredded,,Frisco Mulch Delivery,Arlington1,46,yd,46,153.33,unknown,,https://mulchmound.com/products/frisco-texas-mulch-delivery,2026-09-28T03:53:01.371Z,mulch,,own_scrape,y
Mulch Mound,yard,false,,mulch,Cedar / Double Shredded,,Frisco Mulch Delivery,Arlington1,55,yd,55,183.33,unknown,,https://mulchmound.com/products/frisco-texas-mulch-delivery,2026-09-28T03:53:01.371Z,mulch,,own_scrape,y
Mulch Mound,yard,false,,mulch,Pine Bark / Double Shredded,,Frisco Mulch Delivery,Arlington1,55,yd,55,183.33,unknown,,https://mulchmound.com/products/frisco-texas-mulch-delivery,2026-09-28T03:53:01.371Z,mulch,,own_scrape,y
Mulch Mound,yard,false,,mulch,Playground / Standard,,Frisco Mulch Delivery,Arlington1,52,yd,52,173.33,unknown,,https://mulchmound.com/products/frisco-texas-mulch-delivery,2026-09-28T03:53:01.371Z,mulch,,own_scrape,y
Mulch Mound,yard,false,,sand,Masonry / Bulk,,Frisco Sand Delivery,mulch_mound_frisco_tx,74,yd,74,54.81,unknown,,https://mulchmound.com/products/frisco-texas-sand-delivery,2026-09-28T03:53:02.604Z,sand,,own_scrape,y
Mulch Mound,yard,false,,sand,Fill / Bulk,,Frisco Sand Delivery,mulch_mound_frisco_tx,69,yd,69,51.11,unknown,,https://mulchmound.com/products/frisco-texas-sand-delivery,2026-09-28T03:53:02.604Z,sand,,own_scrape,y
Mulch Mound,yard,false,,sand,Play / Bulk,,Frisco Sand Delivery,Arlington1,97,yd,97,71.85,unknown,,https://mulchmound.com/products/frisco-texas-sand-delivery,2026-09-28T03:53:02.604Z,sand,,own_scrape,y
Mulch Mound,yard,false,,sand,Concrete / Bulk,,Frisco Sand Delivery,Arlington1,96,yd,96,71.11,unknown,,https://mulchmound.com/products/frisco-texas-sand-delivery,2026-09-28T03:53:02.604Z,sand,,own_scrape,y
Mulch Mound,yard,false,,soil,Top Soil / Screened,,Frisco Soil Delivery,mulch_mound_frisco_tx,64,yd,64,58.18,unknown,,https://mulchmound.com/products/frisco-texas-soil-delivery,2026-09-28T03:53:03.849Z,soil,,own_scrape,y
Mulch Mound,yard,false,,soil,Gardening Blend / Standard,,Frisco Soil Delivery,Arlington1,55,yd,55,50,unknown,,https://mulchmound.com/products/frisco-texas-soil-delivery,2026-09-28T03:53:03.849Z,soil,,own_scrape,y
Mulch Mound,yard,false,,gravel,Decorative / Pea Gravel,,Frisco Gravel Delivery,placeholder,87,yd,87,62.14,unknown,,https://mulchmound.com/products/frisco-texas-stone-delivery,2026-09-28T03:53:05.101Z,gravel,,own_scrape,y
Mulch Mound,yard,false,,gravel,"West Texas Black / 3"" Minus",,Frisco Gravel Delivery,justin_texas,545,yd,545,389.29,unknown,,https://mulchmound.com/products/frisco-texas-stone-delivery,2026-09-28T03:53:05.101Z,gravel,,own_scrape,y
Mulch Mound,yard,false,,gravel,"West Texas Black / 1""",,Frisco Gravel Delivery,justin_texas,549,yd,549,392.14,unknown,,https://mulchmound.com/products/frisco-texas-stone-delivery,2026-09-28T03:53:05.101Z,gravel,,own_scrape,y
Mulch Mound,yard,false,,gravel,"Road Base / 1.5""",,Frisco Gravel Delivery,justin_texas,127,yd,127,90.71,unknown,,https://mulchmound.com/products/frisco-texas-stone-delivery,2026-09-28T03:53:05.101Z,gravel,,own_scrape,y
Mulch Mound,yard,false,,gravel,"Road Base / 0.75""",,Frisco Gravel Delivery,justin_texas,127,yd,127,90.71,unknown,,https://mulchmound.com/products/frisco-texas-stone-delivery,2026-09-28T03:53:05.101Z,gravel,,own_scrape,y
Mulch Mound,yard,false,,gravel,"Washed Granite / 0.75""",,Frisco Gravel Delivery,justin_texas,182,yd,182,130,unknown,,https://mulchmound.com/products/frisco-texas-stone-delivery,2026-09-28T03:53:05.101Z,gravel,,own_scrape,y
Mulch Mound,yard,false,,gravel,Crushed Stone / #57,,Frisco Gravel Delivery,mulch_mound_frisco_tx,133,yd,133,95,unknown,,https://mulchmound.com/products/frisco-texas-stone-delivery,2026-09-28T03:53:05.101Z,gravel,,own_scrape,y
Mulch Mound,yard,false,,gravel,"Limestone / 0.75""",,Frisco Gravel Delivery,Arlington1,110,yd,110,78.57,unknown,,https://mulchmound.com/products/frisco-texas-stone-delivery,2026-09-28T03:53:05.101Z,gravel,,own_scrape,y
Mulch Mound,yard,false,,mulch,Dyed Brown / Double Shredded,,McKinney Mulch Delivery,mulch_mound_mckinney_tx,71,yd,71,236.67,unknown,,https://mulchmound.com/products/mckinney-texas-mulch-delivery,2026-09-28T03:53:06.423Z,mulch,,own_scrape,y
Mulch Mound,yard,false,,mulch,Dyed Black / Double Shredded,,McKinney Mulch Delivery,mulch_mound_mckinney_tx,71,yd,71,236.67,unknown,,https://mulchmound.com/products/mckinney-texas-mulch-delivery,2026-09-28T03:53:06.423Z,mulch,,own_scrape,y
Mulch Mound,yard,false,,mulch,Natural Brown / Double Shredded,,McKinney Mulch Delivery,mulch_mound_mckinney_tx,51,yd,51,170,unknown,,https://mulchmound.com/products/mckinney-texas-mulch-delivery,2026-09-28T03:53:06.423Z,mulch,,own_scrape,y
Mulch Mound,yard,false,,mulch,Natural Brown / Triple Shredded,,McKinney Mulch Delivery,Dallas2,46,yd,46,153.33,unknown,,https://mulchmound.com/products/mckinney-texas-mulch-delivery,2026-09-28T03:53:06.423Z,mulch,,own_scrape,y
Mulch Mound,yard,false,,mulch,Cedar / Double Shredded,,McKinney Mulch Delivery,Dallas2,55,yd,55,183.33,unknown,,https://mulchmound.com/products/mckinney-texas-mulch-delivery,2026-09-28T03:53:06.423Z,mulch,,own_scrape,y
Mulch Mound,yard,false,,mulch,Dyed Red / Double Shredded,,McKinney Mulch Delivery,Dallas2,46,yd,46,153.33,unknown,,https://mulchmound.com/products/mckinney-texas-mulch-delivery,2026-09-28T03:53:06.423Z,mulch,,own_scrape,y
Mulch Mound,yard,false,,mulch,Pine Bark / Double Shredded,,McKinney Mulch Delivery,Dallas2,55,yd,55,183.33,unknown,,https://mulchmound.com/products/mckinney-texas-mulch-delivery,2026-09-28T03:53:06.423Z,mulch,,own_scrape,y
Mulch Mound,yard,false,,mulch,Playground / Standard,,McKinney Mulch Delivery,Dallas2,52,yd,52,173.33,unknown,,https://mulchmound.com/products/mckinney-texas-mulch-delivery,2026-09-28T03:53:06.423Z,mulch,,own_scrape,y
Mulch Mound,yard,false,,sand,Masonry / Bulk,,McKinney Sand Delivery,mulch_mound_mckinney_tx,74,yd,74,54.81,unknown,,https://mulchmound.com/products/mckinney-texas-sand-delivery,2026-09-28T03:53:07.661Z,sand,,own_scrape,y
Mulch Mound,yard,false,,sand,Fill / Bulk,,McKinney Sand Delivery,mulch_mound_mckinney_tx,69,yd,69,51.11,unknown,,https://mulchmound.com/products/mckinney-texas-sand-delivery,2026-09-28T03:53:07.661Z,sand,,own_scrape,y
Mulch Mound,yard,false,,sand,Play / Bulk,,McKinney Sand Delivery,Dallas2,97,yd,97,71.85,unknown,,https://mulchmound.com/products/mckinney-texas-sand-delivery,2026-09-28T03:53:07.661Z,sand,,own_scrape,y
Mulch Mound,yard,false,,sand,Concrete / Bulk,,McKinney Sand Delivery,Dallas2,96,yd,96,71.11,unknown,,https://mulchmound.com/products/mckinney-texas-sand-delivery,2026-09-28T03:53:07.661Z,sand,,own_scrape,y
Mulch Mound,yard,false,,soil,Gardening Blend / Standard,,McKinney Soil Delivery,Dallas2,55,yd,55,50,unknown,,https://mulchmound.com/products/mckinney-texas-soil-delivery,2026-09-28T03:53:08.895Z,soil,,own_scrape,y
Mulch Mound,yard,false,,soil,Top Soil / Screened,,McKinney Soil Delivery,Dallas2,49,yd,49,44.55,unknown,,https://mulchmound.com/products/mckinney-texas-soil-delivery,2026-09-28T03:53:08.895Z,soil,,own_scrape,y
Mulch Mound,yard,false,,gravel,"West Texas Black / 1""",,McKinney Gravel Delivery,whitesboro_texas,549,yd,549,392.14,unknown,,https://mulchmound.com/products/mckinney-texas-stone-delivery,2026-09-28T03:53:10.140Z,gravel,,own_scrape,y
Mulch Mound,yard,false,,gravel,"Road Base / 1.5""",,McKinney Gravel Delivery,whitesboro_texas,127,yd,127,90.71,unknown,,https://mulchmound.com/products/mckinney-texas-stone-delivery,2026-09-28T03:53:10.140Z,gravel,,own_scrape,y
Mulch Mound,yard,false,,gravel,"Road Base / 0.75""",,McKinney Gravel Delivery,whitesboro_texas,127,yd,127,90.71,unknown,,https://mulchmound.com/products/mckinney-texas-stone-delivery,2026-09-28T03:53:10.140Z,gravel,,own_scrape,y
Mulch Mound,yard,false,,gravel,Crushed Stone / #57,,McKinney Gravel Delivery,mulch_mound_mckinney_tx,133,yd,133,95,unknown,,https://mulchmound.com/products/mckinney-texas-stone-delivery,2026-09-28T03:53:10.140Z,gravel,,own_scrape,y
Mulch Mound,yard,false,,gravel,"Limestone / 0.75""",,McKinney Gravel Delivery,Dallas2,110,yd,110,78.57,unknown,,https://mulchmound.com/products/mckinney-texas-stone-delivery,2026-09-28T03:53:10.140Z,gravel,,own_scrape,y
Mulch Mound,yard,false,,mulch,Dyed Brown / Double Shredded,,Denton Mulch Delivery,mulch_mound_denton_tx,74,yd,74,246.67,unknown,,https://mulchmound.com/products/denton-texas-mulch-delivery,2026-09-28T03:53:16.329Z,mulch,,own_scrape,y
Mulch Mound,yard,false,,mulch,Dyed Black / Double Shredded,,Denton Mulch Delivery,mulch_mound_denton_tx,79,yd,79,263.33,unknown,,https://mulchmound.com/products/denton-texas-mulch-delivery,2026-09-28T03:53:16.329Z,mulch,,own_scrape,y
Mulch Mound,yard,false,,mulch,Natural Brown / Double Shredded,,Denton Mulch Delivery,mulch_mound_denton_tx,52,yd,52,173.33,unknown,,https://mulchmound.com/products/denton-texas-mulch-delivery,2026-09-28T03:53:16.329Z,mulch,,own_scrape,y
Mulch Mound,yard,false,,mulch,Natural Brown / Triple Shredded,,Denton Mulch Delivery,Arlington1,46,yd,46,153.33,unknown,,https://mulchmound.com/products/denton-texas-mulch-delivery,2026-09-28T03:53:16.329Z,mulch,,own_scrape,y
Mulch Mound,yard,false,,mulch,Dyed Red / Double Shredded,,Denton Mulch Delivery,Arlington1,46,yd,46,153.33,unknown,,https://mulchmound.com/products/denton-texas-mulch-delivery,2026-09-28T03:53:16.329Z,mulch,,own_scrape,y
Mulch Mound,yard,false,,mulch,Cedar / Double Shredded,,Denton Mulch Delivery,Arlington1,55,yd,55,183.33,unknown,,https://mulchmound.com/products/denton-texas-mulch-delivery,2026-09-28T03:53:16.329Z,mulch,,own_scrape,y
Mulch Mound,yard,false,,mulch,Pine Bark / Double Shredded,,Denton Mulch Delivery,Arlington1,55,yd,55,183.33,unknown,,https://mulchmound.com/products/denton-texas-mulch-delivery,2026-09-28T03:53:16.329Z,mulch,,own_scrape,y
Mulch Mound,yard,false,,mulch,Playground / Standard,,Denton Mulch Delivery,Arlington1,52,yd,52,173.33,unknown,,https://mulchmound.com/products/denton-texas-mulch-delivery,2026-09-28T03:53:16.329Z,mulch,,own_scrape,y
Mulch Mound,yard,false,,sand,Masonry / Bulk,,Denton Sand Delivery,mulch_mound_denton_tx,74,yd,74,54.81,unknown,,https://mulchmound.com/products/denton-texas-sand-delivery,2026-09-28T03:53:17.581Z,sand,,own_scrape,y
Mulch Mound,yard,false,,sand,Fill / Bulk,,Denton Sand Delivery,mulch_mound_denton_tx,69,yd,69,51.11,unknown,,https://mulchmound.com/products/denton-texas-sand-delivery,2026-09-28T03:53:17.581Z,sand,,own_scrape,y
Mulch Mound,yard,false,,sand,Play / Bulk,,Denton Sand Delivery,Arlington1,97,yd,97,71.85,unknown,,https://mulchmound.com/products/denton-texas-sand-delivery,2026-09-28T03:53:17.581Z,sand,,own_scrape,y
Mulch Mound,yard,false,,sand,Concrete / Bulk,,Denton Sand Delivery,Arlington1,96,yd,96,71.11,unknown,,https://mulchmound.com/products/denton-texas-sand-delivery,2026-09-28T03:53:17.581Z,sand,,own_scrape,y
Mulch Mound,yard,false,,soil,Gardening Blend / Standard,,Denton Soil Delivery,Arlington1,55,yd,55,50,unknown,,https://mulchmound.com/products/denton-texas-soil-delivery,2026-09-28T03:53:18.823Z,soil,,own_scrape,y
Mulch Mound,yard,false,,soil,Top Soil / Screened,,Denton Soil Delivery,Arlington1,49,yd,49,44.55,unknown,,https://mulchmound.com/products/denton-texas-soil-delivery,2026-09-28T03:53:18.823Z,soil,,own_scrape,y
Mulch Mound,yard,false,,soil,Gardening Blend / Premium,,Denton Soil Delivery,mulch_mound_denton_tx,101,yd,101,91.82,unknown,,https://mulchmound.com/products/denton-texas-soil-delivery,2026-09-28T03:53:18.823Z,soil,,own_scrape,y
Mulch Mound,yard,false,,gravel,"West Texas Black / 3"" Minus",,Denton Gravel Delivery,justin_texas,545,yd,545,389.29,unknown,,https://mulchmound.com/products/denton-texas-stone-delivery,2026-09-28T03:53:20.045Z,gravel,,own_scrape,y
Mulch Mound,yard,false,,gravel,"West Texas Black / 1""",,Denton Gravel Delivery,justin_texas,549,yd,549,392.14,unknown,,https://mulchmound.com/products/denton-texas-stone-delivery,2026-09-28T03:53:20.045Z,gravel,,own_scrape,y
Mulch Mound,yard,false,,gravel,"Road Base / 1.5""",,Denton Gravel Delivery,justin_texas,127,yd,127,90.71,unknown,,https://mulchmound.com/products/denton-texas-stone-delivery,2026-09-28T03:53:20.045Z,gravel,,own_scrape,y
Mulch Mound,yard,false,,gravel,"Road Base / 0.75""",,Denton Gravel Delivery,justin_texas,127,yd,127,90.71,unknown,,https://mulchmound.com/products/denton-texas-stone-delivery,2026-09-28T03:53:20.045Z,gravel,,own_scrape,y
Mulch Mound,yard,false,,gravel,"Washed Granite / 0.75""",,Denton Gravel Delivery,justin_texas,182,yd,182,130,unknown,,https://mulchmound.com/products/denton-texas-stone-delivery,2026-09-28T03:53:20.045Z,gravel,,own_scrape,y
Mulch Mound,yard,false,,gravel,Crushed Stone / #57,,Denton Gravel Delivery,mulch_mound_denton_tx,133,yd,133,95,unknown,,https://mulchmound.com/products/denton-texas-stone-delivery,2026-09-28T03:53:20.045Z,gravel,,own_scrape,y
Mulch Mound,yard,false,,gravel,"Limestone / 0.75""",,Denton Gravel Delivery,Arlington1,110,yd,110,78.57,unknown,,https://mulchmound.com/products/denton-texas-stone-delivery,2026-09-28T03:53:20.045Z,gravel,,own_scrape,y
Mulch Mound,yard,false,,mulch,Dyed Brown / Double Shredded,,Arlington Mulch Delivery,mulch_mound_arlington_tx,64,yd,64,213.33,unknown,,https://mulchmound.com/products/arlington-texas-mulch-delivery,2026-09-28T03:53:26.242Z,mulch,,own_scrape,y
Mulch Mound,yard,false,,mulch,Dyed Black / Double Shredded,,Arlington Mulch Delivery,mulch_mound_arlington_tx,64,yd,64,213.33,unknown,,https://mulchmound.com/products/arlington-texas-mulch-delivery,2026-09-28T03:53:26.242Z,mulch,,own_scrape,y
Mulch Mound,yard,false,,mulch,Natural Brown / Double Shredded,,Arlington Mulch Delivery,mulch_mound_arlington_tx,57,yd,57,190,unknown,,https://mulchmound.com/products/arlington-texas-mulch-delivery,2026-09-28T03:53:26.242Z,mulch,,own_scrape,y
Mulch Mound,yard,false,,mulch,Natural Brown / Triple Shredded,,Arlington Mulch Delivery,Arlington1,46,yd,46,153.33,unknown,,https://mulchmound.com/products/arlington-texas-mulch-delivery,2026-09-28T03:53:26.242Z,mulch,,own_scrape,y
Mulch Mound,yard,false,,mulch,Dyed Red / Double Shredded,,Arlington Mulch Delivery,Arlington1,46,yd,46,153.33,unknown,,https://mulchmound.com/products/arlington-texas-mulch-delivery,2026-09-28T03:53:26.242Z,mulch,,own_scrape,y
Mulch Mound,yard,false,,mulch,Cedar / Double Shredded,,Arlington Mulch Delivery,Arlington1,55,yd,55,183.33,unknown,,https://mulchmound.com/products/arlington-texas-mulch-delivery,2026-09-28T03:53:26.242Z,mulch,,own_scrape,y
Mulch Mound,yard,false,,mulch,Pine Bark / Double Shredded,,Arlington Mulch Delivery,Arlington1,55,yd,55,183.33,unknown,,https://mulchmound.com/products/arlington-texas-mulch-delivery,2026-09-28T03:53:26.242Z,mulch,,own_scrape,y
Mulch Mound,yard,false,,mulch,Playground / Standard,,Arlington Mulch Delivery,Arlington1,52,yd,52,173.33,unknown,,https://mulchmound.com/products/arlington-texas-mulch-delivery,2026-09-28T03:53:26.242Z,mulch,,own_scrape,y
Mulch Mound,yard,false,,sand,Masonry / Bulk,,Arlington Sand Delivery,mulch_mound_arlington_tx,74,yd,74,54.81,unknown,,https://mulchmound.com/products/arlington-texas-sand-delivery,2026-09-28T03:53:27.499Z,sand,,own_scrape,y
Mulch Mound,yard,false,,sand,Fill / Bulk,,Arlington Sand Delivery,mulch_mound_arlington_tx,69,yd,69,51.11,unknown,,https://mulchmound.com/products/arlington-texas-sand-delivery,2026-09-28T03:53:27.499Z,sand,,own_scrape,y
Mulch Mound,yard,false,,sand,Play / Bulk,,Arlington Sand Delivery,Arlington1,97,yd,97,71.85,unknown,,https://mulchmound.com/products/arlington-texas-sand-delivery,2026-09-28T03:53:27.499Z,sand,,own_scrape,y
Mulch Mound,yard,false,,sand,Concrete / Bulk,,Arlington Sand Delivery,Arlington1,96,yd,96,71.11,unknown,,https://mulchmound.com/products/arlington-texas-sand-delivery,2026-09-28T03:53:27.499Z,sand,,own_scrape,y
Mulch Mound,yard,false,,soil,Top Soil / Screened,,Arlington Soil Delivery,mulch_mound_arlington_tx,64,yd,64,58.18,unknown,,https://mulchmound.com/products/arlington-texas-soil-delivery,2026-09-28T03:53:28.739Z,soil,,own_scrape,y
Mulch Mound,yard,false,,soil,Gardening Blend / Standard,,Arlington Soil Delivery,Arlington1,55,yd,55,50,unknown,,https://mulchmound.com/products/arlington-texas-soil-delivery,2026-09-28T03:53:28.739Z,soil,,own_scrape,y
Mulch Mound,yard,false,,gravel,"West Texas Black / 3"" Minus",,Arlington Gravel Delivery,justin_texas,545,yd,545,389.29,unknown,,https://mulchmound.com/products/arlington-texas-stone-delivery,2026-09-28T03:53:29.966Z,gravel,,own_scrape,y
Mulch Mound,yard,false,,gravel,"West Texas Black / 1""",,Arlington Gravel Delivery,justin_texas,549,yd,549,392.14,unknown,,https://mulchmound.com/products/arlington-texas-stone-delivery,2026-09-28T03:53:29.966Z,gravel,,own_scrape,y
Mulch Mound,yard,false,,gravel,"Road Base / 1.5""",,Arlington Gravel Delivery,justin_texas,127,yd,127,90.71,unknown,,https://mulchmound.com/products/arlington-texas-stone-delivery,2026-09-28T03:53:29.966Z,gravel,,own_scrape,y
Mulch Mound,yard,false,,gravel,"Road Base / 0.75""",,Arlington Gravel Delivery,justin_texas,127,yd,127,90.71,unknown,,https://mulchmound.com/products/arlington-texas-stone-delivery,2026-09-28T03:53:29.966Z,gravel,,own_scrape,y
Mulch Mound,yard,false,,gravel,"Washed Granite / 0.75""",,Arlington Gravel Delivery,justin_texas,182,yd,182,130,unknown,,https://mulchmound.com/products/arlington-texas-stone-delivery,2026-09-28T03:53:29.966Z,gravel,,own_scrape,y
Mulch Mound,yard,false,,gravel,Crushed Stone / #57,,Arlington Gravel Delivery,mulch_mound_arlington_tx,133,yd,133,95,unknown,,https://mulchmound.com/products/arlington-texas-stone-delivery,2026-09-28T03:53:29.966Z,gravel,,own_scrape,y
Mulch Mound,yard,false,,gravel,"Limestone / 0.75""",,Arlington Gravel Delivery,Arlington1,110,yd,110,78.57,unknown,,https://mulchmound.com/products/arlington-texas-stone-delivery,2026-09-28T03:53:29.966Z,gravel,,own_scrape,y
Mulch Mound,yard,false,,mulch,Dyed Brown / Double Shredded,,Garland Mulch Delivery,mulch_mound_garland_tx,64,yd,64,213.33,unknown,,https://mulchmound.com/products/garland-texas-mulch-delivery,2026-09-28T03:53:36.117Z,mulch,,own_scrape,y
Mulch Mound,yard,false,,mulch,Dyed Black / Double Shredded,,Garland Mulch Delivery,mulch_mound_garland_tx,64,yd,64,213.33,unknown,,https://mulchmound.com/products/garland-texas-mulch-delivery,2026-09-28T03:53:36.117Z,mulch,,own_scrape,y
Mulch Mound,yard,false,,mulch,Natural Brown / Double Shredded,,Garland Mulch Delivery,mulch_mound_garland_tx,57,yd,57,190,unknown,,https://mulchmound.com/products/garland-texas-mulch-delivery,2026-09-28T03:53:36.117Z,mulch,,own_scrape,y
Mulch Mound,yard,false,,mulch,Natural Brown / Triple Shredded,,Garland Mulch Delivery,Arlington1,46,yd,46,153.33,unknown,,https://mulchmound.com/products/garland-texas-mulch-delivery,2026-09-28T03:53:36.117Z,mulch,,own_scrape,y
Mulch Mound,yard,false,,mulch,Dyed Red / Double Shredded,,Garland Mulch Delivery,Arlington1,46,yd,46,153.33,unknown,,https://mulchmound.com/products/garland-texas-mulch-delivery,2026-09-28T03:53:36.117Z,mulch,,own_scrape,y
Mulch Mound,yard,false,,mulch,Cedar / Double Shredded,,Garland Mulch Delivery,Arlington1,55,yd,55,183.33,unknown,,https://mulchmound.com/products/garland-texas-mulch-delivery,2026-09-28T03:53:36.117Z,mulch,,own_scrape,y
Mulch Mound,yard,false,,mulch,Pine Bark / Double Shredded,,Garland Mulch Delivery,Arlington1,55,yd,55,183.33,unknown,,https://mulchmound.com/products/garland-texas-mulch-delivery,2026-09-28T03:53:36.117Z,mulch,,own_scrape,y
Mulch Mound,yard,false,,mulch,Playground / Standard,,Garland Mulch Delivery,Arlington1,52,yd,52,173.33,unknown,,https://mulchmound.com/products/garland-texas-mulch-delivery,2026-09-28T03:53:36.117Z,mulch,,own_scrape,y
Mulch Mound,yard,false,,sand,Masonry / Bulk,,Garland Sand Delivery,mulch_mound_garland_tx,74,yd,74,54.81,unknown,,https://mulchmound.com/products/garland-texas-sand-delivery,2026-09-28T03:53:37.365Z,sand,,own_scrape,y
Mulch Mound,yard,false,,sand,Fill / Bulk,,Garland Sand Delivery,mulch_mound_garland_tx,69,yd,69,51.11,unknown,,https://mulchmound.com/products/garland-texas-sand-delivery,2026-09-28T03:53:37.365Z,sand,,own_scrape,y
Mulch Mound,yard,false,,sand,Play / Bulk,,Garland Sand Delivery,Arlington1,97,yd,97,71.85,unknown,,https://mulchmound.com/products/garland-texas-sand-delivery,2026-09-28T03:53:37.365Z,sand,,own_scrape,y
Mulch Mound,yard,false,,sand,Concrete / Bulk,,Garland Sand Delivery,Arlington1,96,yd,96,71.11,unknown,,https://mulchmound.com/products/garland-texas-sand-delivery,2026-09-28T03:53:37.365Z,sand,,own_scrape,y
Mulch Mound,yard,false,,soil,Top Soil / Screened,,Garland Soil Delivery,mulch_mound_garland_tx,64,yd,64,58.18,unknown,,https://mulchmound.com/products/garland-texas-soil-delivery,2026-09-28T03:53:38.616Z,soil,,own_scrape,y
Mulch Mound,yard,false,,soil,Gardening Blend / Standard,,Garland Soil Delivery,Arlington1,55,yd,55,50,unknown,,https://mulchmound.com/products/garland-texas-soil-delivery,2026-09-28T03:53:38.616Z,soil,,own_scrape,y
Mulch Mound,yard,false,,gravel,Crushed Stone / #57,,Garland Gravel Delivery,mulch_mound_garland_tx,133,yd,133,95,unknown,,https://mulchmound.com/products/garland-texas-stone-delivery,2026-09-28T03:53:39.855Z,gravel,,own_scrape,y
Mulch Mound,yard,false,,gravel,"Limestone / 0.75""",,Garland Gravel Delivery,Arlington1,110,yd,110,78.57,unknown,,https://mulchmound.com/products/garland-texas-stone-delivery,2026-09-28T03:53:39.855Z,gravel,,own_scrape,y
MyGravelBuddy,broker,false,,other,Test Product,,Test Product,,1,ton,,1,unknown,,https://mygravelbuddy.com/product/conversion-test-19d6347a/,2026-09-28T03:54:26.516Z,other,,own_scrape,y
MyGravelBuddy,broker,false,,sand,Concrete Sand,,Concrete Sand,,217.55,ton,293.69,217.55,unknown,,https://mygravelbuddy.com/product/concrete-sand/,2026-09-28T03:54:26.516Z,sand,,own_scrape,y
MyGravelBuddy,broker,false,,gravel,Riprap Med,,Riprap Med,,220.49,ton,308.69,220.49,unknown,,https://mygravelbuddy.com/product/riprap-med/,2026-09-28T03:54:26.516Z,gravel,,own_scrape,y
MyGravelBuddy,broker,false,,other,Wood Chips,,Wood Chips,,270,ton,,270,unknown,,https://mygravelbuddy.com/product/wood-chips/,2026-09-28T03:54:26.516Z,other,,own_scrape,y
MyGravelBuddy,broker,false,,soil,Compost,,Compost,,237.5,ton,261.25,237.5,unknown,,https://mygravelbuddy.com/product/compost/,2026-09-28T03:54:26.516Z,soil,,own_scrape,y
MyGravelBuddy,broker,false,,mulch,Red Mulch,,Red Mulch,,244.22,ton,73.27,244.22,unknown,,https://mygravelbuddy.com/product/red-mulch/,2026-09-28T03:54:26.516Z,mulch,,own_scrape,y
MyGravelBuddy,broker,false,,gravel,Walkway Gravel,,Walkway Gravel,,241.46,ton,338.04,241.46,unknown,,https://mygravelbuddy.com/product/walkway-gravel/,2026-09-28T03:54:26.516Z,gravel,,own_scrape,y
MyGravelBuddy,broker,false,,soil,Topsoil,,Topsoil,,237.91,ton,261.7,237.91,unknown,,https://mygravelbuddy.com/product/topsoil/,2026-09-28T03:54:26.516Z,soil,,own_scrape,y
MyGravelBuddy,broker,false,,gravel,Stone Dust (Screenings),,Stone Dust (Screenings),,211.37,ton,295.92,211.37,unknown,,https://mygravelbuddy.com/product/stone-dust-screenings/,2026-09-28T03:54:26.516Z,gravel,,own_scrape,y
MyGravelBuddy,broker,false,,gravel,Road Base,,Road Base,,219.4,ton,307.16,219.4,unknown,,https://mygravelbuddy.com/product/road-base/,2026-09-28T03:54:26.516Z,gravel,,own_scrape,y
MyGravelBuddy,broker,false,,gravel,River Rock,,River Rock,,373.64,ton,523.1,373.64,unknown,,https://mygravelbuddy.com/product/river-rock/,2026-09-28T03:54:26.516Z,gravel,,own_scrape,y
MyGravelBuddy,broker,false,,other,Railroad Ballast,,Railroad Ballast,,264.29,ton,,264.29,unknown,,https://mygravelbuddy.com/product/railroad-ballast/,2026-09-28T03:54:26.516Z,other,,own_scrape,y
MyGravelBuddy,broker,false,,sand,Playground Sand,,Playground Sand,,229.15,ton,309.35,229.15,unknown,,https://mygravelbuddy.com/product/playground-sand/,2026-09-28T03:54:26.516Z,sand,,own_scrape,y
MyGravelBuddy,broker,false,,sand,Mason Sand,,Mason Sand,,230.04,ton,310.55,230.04,unknown,,https://mygravelbuddy.com/product/mason-sand/,2026-09-28T03:54:26.516Z,sand,,own_scrape,y
MyGravelBuddy,broker,false,,soil,Garden Soil,,Garden Soil,,228,ton,250.8,228,unknown,,https://mygravelbuddy.com/product/garden-soil/,2026-09-28T03:54:26.516Z,soil,,own_scrape,y
MyGravelBuddy,broker,false,,sand,Fill Sand,,Fill Sand,,200.36,ton,270.49,200.36,unknown,,https://mygravelbuddy.com/product/fill-sand/,2026-09-28T03:54:26.516Z,sand,,own_scrape,y
MyGravelBuddy,broker,false,,soil,Fill Dirt,,Fill Dirt,,211.75,ton,232.93,211.75,unknown,,https://mygravelbuddy.com/product/fill-dirt/,2026-09-28T03:54:26.516Z,soil,,own_scrape,y
MyGravelBuddy,broker,false,,gravel,Driveway Gravel,,Driveway Gravel,,232.27,ton,325.18,232.27,unknown,,https://mygravelbuddy.com/product/driveway-gravel/,2026-09-28T03:54:26.516Z,gravel,,own_scrape,y
MyGravelBuddy,broker,false,,gravel,Drain Rock,,Drain Rock,,211.61,ton,296.25,211.61,unknown,,https://mygravelbuddy.com/product/drain-rock/,2026-09-28T03:54:26.516Z,gravel,,own_scrape,y
MyGravelBuddy,broker,false,,gravel,Decomposed Granite,,Decomposed Granite,,246.33,ton,344.86,246.33,unknown,,https://mygravelbuddy.com/product/decomposed-granite/,2026-09-28T03:54:26.516Z,gravel,,own_scrape,y
MyGravelBuddy,broker,false,,other,Crushed Concrete,,Crushed Concrete,,217.98,ton,,217.98,unknown,,https://mygravelbuddy.com/product/crushed-concrete/,2026-09-28T03:54:26.516Z,other,,own_scrape,y
MyGravelBuddy,broker,false,,mulch,Brown Shredded Mulch,,Brown Shredded Mulch,,224.5,ton,67.35,224.5,unknown,,https://mygravelbuddy.com/product/brown-shredded-mulch/,2026-09-28T03:54:26.516Z,mulch,,own_scrape,y
MyGravelBuddy,broker,false,,mulch,Black Shredded Mulch,,Black Shredded Mulch,,224.5,ton,67.35,224.5,unknown,,https://mygravelbuddy.com/product/black-shredded-mulch/,2026-09-28T03:54:26.516Z,mulch,,own_scrape,y
MyGravelBuddy,broker,false,,other,Asphalt Millings,,Asphalt Millings,,205.9,ton,,205.9,unknown,,https://mygravelbuddy.com/product/asphalt-millings/,2026-09-28T03:54:26.516Z,other,,own_scrape,y
MyGravelBuddy,broker,false,,gravel,3/8″ Natural Pea Gravel,,3/8″ Natural Pea Gravel,,240.91,ton,337.27,240.91,unknown,,https://mygravelbuddy.com/product/3-8-inch-natural-pea-gravel/,2026-09-28T03:54:26.517Z,gravel,,own_scrape,y
MyGravelBuddy,broker,false,,gravel,3/8″ Crushed Stone,,3/8″ Crushed Stone,,241.46,ton,338.04,241.46,unknown,,https://mygravelbuddy.com/product/3-8-inch-crushed-stone/,2026-09-28T03:54:26.517Z,gravel,,own_scrape,y
MyGravelBuddy,broker,false,,gravel,3/4″ Crushed Stone,,3/4″ Crushed Stone,,216.84,ton,303.58,216.84,unknown,,https://mygravelbuddy.com/product/3-4-inch-crushed-stone/,2026-09-28T03:54:26.517Z,gravel,,own_scrape,y
MyGravelBuddy,broker,false,,gravel,1 1/2″ Crushed Gravel,,1 1/2″ Crushed Gravel,,223.25,ton,312.55,223.25,unknown,,https://mygravelbuddy.com/product/1-1-2-inch-crushed-gravel/,2026-09-28T03:54:26.517Z,gravel,,own_scrape,y
MyGravelBuddy,broker,false,,gravel,#67 Stone,,#67 Stone,,216.3,ton,302.82,216.3,unknown,,https://mygravelbuddy.com/product/67-stone/,2026-09-28T03:54:26.517Z,gravel,,own_scrape,y
MyGravelBuddy,broker,false,,gravel,#4 Crushed Stone,,#4 Crushed Stone,,224.65,ton,314.51,224.65,unknown,,https://mygravelbuddy.com/product/4-crushed-stone/,2026-09-28T03:54:26.517Z,gravel,,own_scrape,y
MyGravelBuddy,broker,false,,gravel,#57 Crushed Stone,,#57 Crushed Stone,,216.84,ton,303.58,216.84,unknown,,https://mygravelbuddy.com/product/57-crushed-stone/,2026-09-28T03:54:26.517Z,gravel,,own_scrape,y
MyGravelBuddy,broker,false,,gravel,#89 Crushed Stone,,#89 Crushed Stone,,209,ton,292.6,209,unknown,,https://mygravelbuddy.com/product/89-crushed-stone/,2026-09-28T03:54:26.517Z,gravel,,own_scrape,y
Outdoor Warehouse Supply,yard,false,true,gravel,Black Decomposed Granite,,Black Decomposed Granite,,215,yd,215,153.57,true,,https://www.outdoorwarehousesupply.com/product-category/bulk-materials/gravel/,2026-09-28T03:52:45.013Z,gravel,,own_scrape,y
Outdoor Warehouse Supply,yard,false,true,gravel,Limestone Rip Rap,,Limestone Rip Rap,,95,yd,95,67.86,true,,https://www.outdoorwarehousesupply.com/product-category/bulk-materials/gravel/,2026-09-28T03:52:45.013Z,gravel,,own_scrape,y
Outdoor Warehouse Supply,yard,false,true,gravel,"Granite Chips - 1"" minus",,"Granite Chips - 1"" minus",,140,yd,140,100,true,,https://www.outdoorwarehousesupply.com/product-category/bulk-materials/gravel/,2026-09-28T03:52:45.013Z,gravel,,own_scrape,y
Outdoor Warehouse Supply,yard,false,true,gravel,Native Gravel - Large,,Native Gravel - Large,,100,yd,100,71.43,true,,https://www.outdoorwarehousesupply.com/product-category/bulk-materials/gravel/,2026-09-28T03:52:45.013Z,gravel,,own_scrape,y
Outdoor Warehouse Supply,yard,false,true,gravel,Texas Black Star Gravel - Large,,Texas Black Star Gravel - Large,,320,yd,320,228.57,true,,https://www.outdoorwarehousesupply.com/product-category/bulk-materials/gravel/,2026-09-28T03:52:45.013Z,gravel,,own_scrape,y
Outdoor Warehouse Supply,yard,false,true,gravel,Texas Black Star Gravel - Small,,Texas Black Star Gravel - Small,,320,yd,320,228.57,true,,https://www.outdoorwarehousesupply.com/product-category/bulk-materials/gravel/,2026-09-28T03:52:45.013Z,gravel,,own_scrape,y
Outdoor Warehouse Supply,yard,false,true,gravel,Pea Gravel,,Pea Gravel,,100,yd,100,71.43,true,,https://www.outdoorwarehousesupply.com/product-category/bulk-materials/gravel/,2026-09-28T03:52:45.013Z,gravel,,own_scrape,y
Outdoor Warehouse Supply,yard,false,true,gravel,Native Gravel - Small,,Native Gravel - Small,,100,yd,100,71.43,true,,https://www.outdoorwarehousesupply.com/product-category/bulk-materials/gravel/,2026-09-28T03:52:45.013Z,gravel,,own_scrape,y
Outdoor Warehouse Supply,yard,false,true,gravel,Flex Base - Large,,Flex Base - Large,,65,yd,65,46.43,true,,https://www.outdoorwarehousesupply.com/product-category/bulk-materials/gravel/,2026-09-28T03:52:45.013Z,gravel,,own_scrape,y
Outdoor Warehouse Supply,yard,false,true,gravel,Fines Base - Small,,Fines Base - Small,,65,yd,65,46.43,true,,https://www.outdoorwarehousesupply.com/product-category/bulk-materials/gravel/,2026-09-28T03:52:45.013Z,gravel,,own_scrape,y
Outdoor Warehouse Supply,yard,false,true,mulch,Black Label Mulch,,Black Label Mulch,,45,yd,45,150,true,,https://www.outdoorwarehousesupply.com/product-category/bulk-materials/sand-soil-mulch/,2026-09-28T03:52:45.013Z,mulch,,own_scrape,y
Outdoor Warehouse Supply,yard,false,true,sand,White Sand,,White Sand,,150,yd,150,111.11,true,,https://www.outdoorwarehousesupply.com/product-category/bulk-materials/sand-soil-mulch/,2026-09-28T03:52:45.013Z,sand,,own_scrape,y
Outdoor Warehouse Supply,yard,false,true,sand,Cushion Sand,,Cushion Sand,,42,yd,42,31.11,true,,https://www.outdoorwarehousesupply.com/product-category/bulk-materials/sand-soil-mulch/,2026-09-28T03:52:45.013Z,sand,,own_scrape,y
Outdoor Warehouse Supply,yard,false,true,soil,Enriched Top Soil,,Enriched Top Soil,,52,yd,52,47.27,true,,https://www.outdoorwarehousesupply.com/product-category/bulk-materials/sand-soil-mulch/,2026-09-28T03:52:45.013Z,soil,,own_scrape,y
Outdoor Warehouse Supply,yard,false,true,sand,Mason Sand,,Mason Sand,,65,yd,65,48.15,true,,https://www.outdoorwarehousesupply.com/product-category/bulk-materials/sand-soil-mulch/,2026-09-28T03:52:45.013Z,sand,,own_scrape,y
Outdoor Warehouse Supply,yard,false,true,mulch,Hardwood Mulch,,Hardwood Mulch,,40,yd,40,133.33,true,,https://www.outdoorwarehousesupply.com/product-category/bulk-materials/sand-soil-mulch/,2026-09-28T03:52:45.013Z,mulch,,own_scrape,y
Outdoor Warehouse Supply,yard,false,true,sand,Concrete Sand,,Concrete Sand,,80,yd,80,59.26,true,,https://www.outdoorwarehousesupply.com/product-category/bulk-materials/sand-soil-mulch/,2026-09-28T03:52:45.013Z,sand,,own_scrape,y
Fort Worth Grass & Stone,yard,false,false,gravel,Decomposed Granite,,Decomposed Granite,,110,yd,110,78.57,false,,https://fortworthgrass.com/bulk-materials,2026-09-28T03:52:45.013Z,gravel,,own_scrape,y
Fort Worth Grass & Stone,yard,false,false,gravel,Gravel (1 in.),,Gravel (1 in.),,90,yd,90,64.29,false,,https://fortworthgrass.com/bulk-materials,2026-09-28T03:52:45.013Z,gravel,,own_scrape,y
Fort Worth Grass & Stone,yard,false,false,sand,Masonry Sand,,Masonry Sand,,100,yd,100,74.07,false,,https://fortworthgrass.com/bulk-materials,2026-09-28T03:52:45.013Z,sand,,own_scrape,y
Fort Worth Grass & Stone,yard,false,false,soil,Premium Soil Mix,,Premium Soil Mix,,55,yd,55,50,false,,https://fortworthgrass.com/bulk-materials,2026-09-28T03:52:45.013Z,soil,,own_scrape,y
Fort Worth Grass & Stone,yard,false,false,mulch,Texas Native Tree Mulch,,Texas Native Tree Mulch,,50,yd,50,166.67,false,,https://fortworthgrass.com/bulk-materials,2026-09-28T03:52:45.013Z,mulch,,own_scrape,y
Fort Worth Grass & Stone,yard,false,false,gravel,"White Marble (1-2"" size)",,"White Marble (1-2"" size)",,310,ton,434,310,false,,https://fortworthgrass.com/bulk-materials,2026-09-28T03:52:45.013Z,gravel,,own_scrape,y
Gravel Monkey,broker,false,true,gravel,#57 Crushed Stone,,#57 Crushed Stone,"entry price $435 for 2 ton minimum (national, not DFW-specific)",217.5,ton,304.5,217.5,true,,https://mygravelmonkey.com/llms.txt,2026-09-28T03:52:45.014Z,gravel,,own_scrape,y
Gravel Monkey,broker,false,true,gravel,Crusher Run,,Crusher Run,"entry price $425 for 2 ton minimum (national, not DFW-specific)",212.5,ton,297.5,212.5,true,,https://mygravelmonkey.com/llms.txt,2026-09-28T03:52:45.014Z,gravel,,own_scrape,y
Gravel Monkey,broker,false,true,gravel,Road Base,,Road Base,"entry price $415 for 2 ton minimum (national, not DFW-specific)",207.5,ton,290.5,207.5,true,,https://mygravelmonkey.com/llms.txt,2026-09-28T03:52:45.014Z,gravel,,own_scrape,y
Gravel Monkey,broker,false,true,gravel,Driveway Gravel,,Driveway Gravel,"entry price $432 for 2 ton minimum (national, not DFW-specific)",216,ton,302.4,216,true,,https://mygravelmonkey.com/llms.txt,2026-09-28T03:52:45.014Z,gravel,,own_scrape,y
Gravel Monkey,broker,false,true,gravel,"3/4"" Driveway Gravel",,"3/4"" Driveway Gravel","entry price $435 for 2 ton minimum (national, not DFW-specific)",217.5,ton,304.5,217.5,true,,https://mygravelmonkey.com/llms.txt,2026-09-28T03:52:45.014Z,gravel,,own_scrape,y
Gravel Monkey,broker,false,true,gravel,Walkway Gravel,,Walkway Gravel,"entry price $440 for 2 ton minimum (national, not DFW-specific)",220,ton,308,220,true,,https://mygravelmonkey.com/llms.txt,2026-09-28T03:52:45.014Z,gravel,,own_scrape,y
Gravel Monkey,broker,false,true,gravel,Drain Rock,,Drain Rock,"entry price $472 for 3 ton minimum (national, not DFW-specific)",157.33,ton,220.26,157.33,true,,https://mygravelmonkey.com/llms.txt,2026-09-28T03:52:45.014Z,gravel,,own_scrape,y
Gravel Monkey,broker,false,true,gravel,Decomposed Granite,,Decomposed Granite,"entry price $674 for 3 ton minimum (national, not DFW-specific)",224.67,ton,314.54,224.67,true,,https://mygravelmonkey.com/llms.txt,2026-09-28T03:52:45.014Z,gravel,,own_scrape,y
Gravel Monkey,broker,false,true,gravel,"3/8"" Natural Pea Gravel",,"3/8"" Natural Pea Gravel","entry price $698 for 2 ton minimum (national, not DFW-specific)",349,ton,488.6,349,true,,https://mygravelmonkey.com/llms.txt,2026-09-28T03:52:45.014Z,gravel,,own_scrape,y
Gravel Monkey,broker,false,true,gravel,River Rock (various sizes),,River Rock (various sizes),"entry price $822 for 2 ton minimum (national, not DFW-specific)",411,ton,575.4,411,true,,https://mygravelmonkey.com/llms.txt,2026-09-28T03:52:45.014Z,gravel,,own_scrape,y
Gravel Monkey,broker,false,true,gravel,"1""-1 1/2"" Crushed Concrete",,"1""-1 1/2"" Crushed Concrete","entry price $625 for 3 ton minimum (national, not DFW-specific)",208.33,ton,291.66,208.33,true,,https://mygravelmonkey.com/llms.txt,2026-09-28T03:52:45.014Z,gravel,,own_scrape,y
Gravel Monkey,broker,false,true,soil,Fill Dirt,,Fill Dirt,"entry price $336 for 3 ton minimum (national, not DFW-specific)",112,ton,123.2,112,true,,https://mygravelmonkey.com/llms.txt,2026-09-28T03:52:45.014Z,soil,,own_scrape,y
Gravel Monkey,broker,false,true,soil,Topsoil,,Topsoil,"entry price $421 for 2 ton minimum (national, not DFW-specific)",210.5,ton,231.55,210.5,true,,https://mygravelmonkey.com/llms.txt,2026-09-28T03:52:45.014Z,soil,,own_scrape,y
Gravel Monkey,broker,false,true,sand,Mason Sand,,Mason Sand,"entry price $556 for 3 ton minimum (national, not DFW-specific)",185.33,ton,250.2,185.33,true,,https://mygravelmonkey.com/llms.txt,2026-09-28T03:52:45.014Z,sand,,own_scrape,y
Gravel Monkey,broker,false,true,sand,Washed Sand,,Washed Sand,"entry price $701 for 3 ton minimum (national, not DFW-specific)",233.67,ton,315.45,233.67,true,,https://mygravelmonkey.com/llms.txt,2026-09-28T03:52:45.014Z,sand,,own_scrape,y
Gravel Monkey,broker,false,true,sand,Playground Sand,,Playground Sand,"entry price $701 for 3 ton minimum (national, not DFW-specific)",233.67,ton,315.45,233.67,true,,https://mygravelmonkey.com/llms.txt,2026-09-28T03:52:45.014Z,sand,,own_scrape,y
Gravel Monkey,broker,false,true,mulch,Shredded Hardwood Mulch,,Shredded Hardwood Mulch,"entry price $372 for 3 yd minimum (national, not DFW-specific)",124,yd,124,413.33,true,,https://mygravelmonkey.com/llms.txt,2026-09-28T03:52:45.014Z,mulch,,own_scrape,y
Fill Dirt Near Me,broker,false,,soil,select fill,,Fill Dirt (from price),"promotional 'from' price, 10-yd minimum per load",10,yd,10,9.09,,,https://filldirtnearme.net,2026-09-27,soil,llm_source=deepseek,external_llm_verified,y
Mulch Mound,yard,false,true,soil,compost,compost,Dallas Compost: Garden Compost / Bulk,compost,48.0,cubic yard,48.0,43.64,included (delivered price; no hidden fees / fuel surcharges),not stated,https://mulchmound.com/products/dallas-texas-compost-delivery,2026-09-28,soil,8 supplier variant(s); price range $48-$65 across variants; lowest shown,owner_csv,unverified
Mulch Mound,yard,false,true,soil,compost,compost,Dallas Compost: Mushroom Compost / Bulk,compost,70.0,cubic yard,70.0,63.64,included (delivered price; no hidden fees / fuel surcharges),not stated,https://mulchmound.com/products/dallas-texas-compost-delivery,2026-09-28,soil,,owner_csv,unverified
Mulch Mound,yard,false,true,soil,select fill,select-fill,Dallas Fill Dirt: Fill Dirt / Bulk,select fill,35.0,cubic yard,35.0,31.82,included (delivered price; no hidden fees / fuel surcharges),not stated,https://mulchmound.com/products/dallas-texas-fill-dirt-delivery,2026-09-28,soil,,owner_csv,unverified
Mulch Mound,yard,false,true,sand,mason sand,mason-sand,Dallas Sand: Masonry / Bulk,mason sand,74.0,cubic yard,74.0,54.81,included (delivered price; no hidden fees / fuel surcharges),not stated,https://mulchmound.com/products/dallas-texas-sand-delivery,2026-09-28,sand,8 supplier variant(s); price range $74-$96 across variants; lowest shown,owner_csv,unverified
Mulch Mound,yard,false,true,sand,select fill,select-fill,Dallas Sand: Fill / Bulk,select fill,63.0,cubic yard,63.0,46.67,included (delivered price; no hidden fees / fuel surcharges),not stated,https://mulchmound.com/products/dallas-texas-sand-delivery,2026-09-28,sand,8 supplier variant(s); price range $63-$69 across variants; lowest shown,owner_csv,unverified
Mulch Mound,yard,false,true,sand,washed sand,play-sand,Dallas Sand: Play / Bulk,washed sand,97.0,cubic yard,97.0,71.85,included (delivered price; no hidden fees / fuel surcharges),not stated,https://mulchmound.com/products/dallas-texas-sand-delivery,2026-09-28,sand,7 supplier variant(s); price range $97-$97 across variants; lowest shown,owner_csv,unverified
Mulch Mound,yard,false,true,sand,washed sand,concrete-sand,Dallas Sand: Concrete / Bulk,washed sand,96.0,cubic yard,96.0,71.11,included (delivered price; no hidden fees / fuel surcharges),not stated,https://mulchmound.com/products/dallas-texas-sand-delivery,2026-09-28,sand,8 supplier variant(s); price range $96-$187 across variants; lowest shown,owner_csv,unverified
Mulch Mound,yard,false,true,stone,decomposed granite,decomposed-granite,Dallas Landscape Rock: Decomposed Granite / Bulk,decomposed granite,101.0,cubic yard,101.0,72.14,included (delivered price; no hidden fees / fuel surcharges),not stated,https://mulchmound.com/products/dallas-texas-landscape-rock-delivery,2026-09-28,stone,8 supplier variant(s); price range $101-$125 across variants; lowest shown,owner_csv,unverified
Mulch Mound,yard,false,true,stone,pea gravel,pea-gravel,Dallas Landscape Rock: Pea Gravel / Bulk,pea gravel,100.0,cubic yard,100.0,71.43,included (delivered price; no hidden fees / fuel surcharges),not stated,https://mulchmound.com/products/dallas-texas-landscape-rock-delivery,2026-09-28,stone,8 supplier variant(s); price range $100-$153 across variants; lowest shown,owner_csv,unverified
Mulch Mound,yard,false,true,stone,decomposed granite,decomposed-granite,"Dallas Landscape Rock: Decomposed Granite / 0.25""",decomposed granite,197.0,cubic yard,197.0,140.71,included (delivered price; no hidden fees / fuel surcharges),not stated,https://mulchmound.com/products/dallas-texas-landscape-rock-delivery,2026-09-28,stone,,owner_csv,unverified
Mulch Mound,yard,false,true,stone,river rock,,Dallas Landscape Rock: Egg Rock / Bulk,river rock,199.0,cubic yard,199.0,142.14,included (delivered price; no hidden fees / fuel surcharges),not stated,https://mulchmound.com/products/dallas-texas-landscape-rock-delivery,2026-09-28,stone,7 supplier variant(s); price range $199-$199 across variants; lowest shown,owner_csv,unverified
Mulch Mound,yard,false,true,stone,river rock,river-rock,Dallas Landscape Rock: River Rock / Bulk,river rock,100.0,cubic yard,100.0,71.43,included (delivered price; no hidden fees / fuel surcharges),not stated,https://mulchmound.com/products/dallas-texas-landscape-rock-delivery,2026-09-28,stone,7 supplier variant(s); price range $100-$100 across variants; lowest shown,owner_csv,unverified
Mulch Mound,yard,false,true,stone,other,,Dallas Landscape Rock: Blackstar / Bulk,other: black star gravel,300.0,cubic yard,300.0,214.29,included (delivered price; no hidden fees / fuel surcharges),not stated,https://mulchmound.com/products/dallas-texas-landscape-rock-delivery,2026-09-28,stone,7 supplier variant(s); price range $300-$300 across variants; lowest shown,owner_csv,unverified
Mulch Mound,yard,false,true,stone,river rock,river-rock,"Dallas Landscape Rock: River Rock / 1-2""",river rock,132.0,cubic yard,132.0,94.29,included (delivered price; no hidden fees / fuel surcharges),not stated,https://mulchmound.com/products/dallas-texas-landscape-rock-delivery,2026-09-28,stone,,owner_csv,unverified
Mulch Mound,yard,false,true,stone,other,,"Plano Gravel: West Texas Black / 3"" Minus",other: black star gravel,545.0,cubic yard,545.0,389.29,included (delivered price; no hidden fees / fuel surcharges),not stated,https://mulchmound.com/products/plano-texas-stone-delivery,2026-09-28,stone,,owner_csv,unverified
Mulch Mound,yard,false,true,stone,other,,"Plano Gravel: West Texas Black / 1""",other: black star gravel,549.0,cubic yard,549.0,392.14,included (delivered price; no hidden fees / fuel surcharges),not stated,https://mulchmound.com/products/plano-texas-stone-delivery,2026-09-28,stone,2 supplier variant(s); price range $549-$549 across variants; lowest shown,owner_csv,unverified
Mulch Mound,yard,false,true,stone,flex base,flex-base,"Plano Gravel: Road Base / 1.5""",flex base,127.0,cubic yard,127.0,90.71,included (delivered price; no hidden fees / fuel surcharges),not stated,https://mulchmound.com/products/plano-texas-stone-delivery,2026-09-28,stone,,owner_csv,unverified
Mulch Mound,yard,false,true,stone,flex base,flex-base,"Plano Gravel: Road Base / 0.75""",flex base,127.0,cubic yard,127.0,90.71,included (delivered price; no hidden fees / fuel surcharges),not stated,https://mulchmound.com/products/plano-texas-stone-delivery,2026-09-28,stone,,owner_csv,unverified
Mulch Mound,yard,false,true,stone,other,,"Plano Gravel: Washed Granite / 0.75""",other: crushed granite gravel,182.0,cubic yard,182.0,130.0,included (delivered price; no hidden fees / fuel surcharges),not stated,https://mulchmound.com/products/plano-texas-stone-delivery,2026-09-28,stone,,owner_csv,unverified
Mulch Mound,yard,false,true,stone,#57 limestone,57-limestone,Plano Gravel: Crushed Stone / #57,#57 limestone,133.0,cubic yard,133.0,95.0,included (delivered price; no hidden fees / fuel surcharges),not stated,https://mulchmound.com/products/plano-texas-stone-delivery,2026-09-28,stone,,owner_csv,unverified
Mulch Mound,yard,false,true,stone,#57 limestone,57-limestone,"Plano Gravel: Limestone / 0.75""",#57 limestone,110.0,cubic yard,110.0,78.57,included (delivered price; no hidden fees / fuel surcharges),not stated,https://mulchmound.com/products/plano-texas-stone-delivery,2026-09-28,stone,7 supplier variant(s); price range $110-$110 across variants; lowest shown,owner_csv,unverified
Mulch Mound,yard,false,true,soil,sandy loam,sandy-loam,Plano Soil: Top Soil / Screened,sandy loam,49.0,cubic yard,49.0,44.55,included (delivered price; no hidden fees / fuel surcharges),not stated,https://mulchmound.com/products/plano-texas-soil-delivery,2026-09-28,soil,8 supplier variant(s); price range $49-$55 across variants; lowest shown,owner_csv,unverified
Mulch Mound,yard,false,true,soil,garden mix,garden-mix,Plano Soil: Gardening Blend / Standard,garden mix,55.0,cubic yard,55.0,50.0,included (delivered price; no hidden fees / fuel surcharges),not stated,https://mulchmound.com/products/plano-texas-soil-delivery,2026-09-28,soil,9 supplier variant(s); price range $55-$139 across variants; lowest shown,owner_csv,unverified
Mulch Mound,yard,false,true,mulch,dyed mulch,brown-dyed,Plano Mulch: Dyed Brown / Double Shredded,dyed mulch,43.0,cubic yard,43.0,143.33,included (delivered price; no hidden fees / fuel surcharges),not stated,https://mulchmound.com/products/plano-texas-mulch-delivery,2026-09-28,mulch,9 supplier variant(s); price range $43-$55 across variants; lowest shown,owner_csv,unverified
Mulch Mound,yard,false,true,mulch,dyed mulch,black-dyed,Plano Mulch: Dyed Black / Double Shredded,dyed mulch,43.0,cubic yard,43.0,143.33,included (delivered price; no hidden fees / fuel surcharges),not stated,https://mulchmound.com/products/plano-texas-mulch-delivery,2026-09-28,mulch,9 supplier variant(s); price range $43-$55 across variants; lowest shown,owner_csv,unverified
Mulch Mound,yard,false,true,mulch,native hardwood mulch,native-hardwood,Plano Mulch: Natural Brown / Double Shredded,native hardwood mulch,27.0,cubic yard,27.0,90.0,included (delivered price; no hidden fees / fuel surcharges),not stated,https://mulchmound.com/products/plano-texas-mulch-delivery,2026-09-28,mulch,9 supplier variant(s); price range $27-$49 across variants; lowest shown,owner_csv,unverified
Mulch Mound,yard,false,true,mulch,native hardwood mulch,native-hardwood,Plano Mulch: Natural Brown / Triple Shredded,native hardwood mulch,46.0,cubic yard,46.0,153.33,included (delivered price; no hidden fees / fuel surcharges),not stated,https://mulchmound.com/products/plano-texas-mulch-delivery,2026-09-28,mulch,7 supplier variant(s); price range $46-$46 across variants; lowest shown,owner_csv,unverified
Mulch Mound,yard,false,true,mulch,dyed mulch,dyed-red,Plano Mulch: Dyed Red / Double Shredded,dyed mulch,46.0,cubic yard,46.0,153.33,included (delivered price; no hidden fees / fuel surcharges),not stated,https://mulchmound.com/products/plano-texas-mulch-delivery,2026-09-28,mulch,7 supplier variant(s); price range $46-$46 across variants; lowest shown,owner_csv,unverified
Mulch Mound,yard,false,true,mulch,cedar mulch,cedar,Plano Mulch: Cedar / Double Shredded,cedar mulch,55.0,cubic yard,55.0,183.33,included (delivered price; no hidden fees / fuel surcharges),not stated,https://mulchmound.com/products/plano-texas-mulch-delivery,2026-09-28,mulch,7 supplier variant(s); price range $55-$55 across variants; lowest shown,owner_csv,unverified
Mulch Mound,yard,false,true,mulch,other,pine-bark,Plano Mulch: Pine Bark / Double Shredded,other: pine bark mulch,55.0,cubic yard,55.0,183.33,included (delivered price; no hidden fees / fuel surcharges),not stated,https://mulchmound.com/products/plano-texas-mulch-delivery,2026-09-28,mulch,7 supplier variant(s); price range $55-$55 across variants; lowest shown,owner_csv,unverified
Mulch Mound,yard,false,true,mulch,other,playground-mulch,Plano Mulch: Playground / Standard,other: playground mulch / wood chips,52.0,cubic yard,52.0,173.33,included (delivered price; no hidden fees / fuel surcharges),not stated,https://mulchmound.com/products/plano-texas-mulch-delivery,2026-09-28,mulch,7 supplier variant(s); price range $52-$52 across variants; lowest shown,owner_csv,unverified
Gravel Monkey,broker,false,true,sand,other,,#10 Rock Screenings (Stone Dust),other: limestone screenings / stone dust,89.4,ton (10-ton delivered load),120.69,89.4,"included (delivered price, tiered by quantity)",3 tons,https://mygravelmonkey.com/product/10-screenings/,2026-09-28,sand,10 tons = $894; smallest tier 3 tons = $539,owner_csv,unverified
Gravel Monkey,broker,false,true,stone,other,,#8 Stone,"other: crushed stone #67/#8/#89 (3/8-3/4"")",89.4,ton (10-ton delivered load),125.16,89.4,"included (delivered price, tiered by quantity)",3 tons,https://mygravelmonkey.com/product/8-stone/,2026-09-28,stone,10 tons = $894; smallest tier 3 tons = $539,owner_csv,unverified
Gravel Monkey,broker,false,true,stone,other,,#67 Stone,"other: crushed stone #67/#8/#89 (3/8-3/4"")",89.4,ton (10-ton delivered load),125.16,89.4,"included (delivered price, tiered by quantity)",3 tons,https://mygravelmonkey.com/product/67-stone/,2026-09-28,stone,10 tons = $894; smallest tier 3 tons = $539,owner_csv,unverified
Gravel Monkey,broker,false,true,stone,flex base,flex-base,Crusher Run,flex base,83.3,ton (10-ton delivered load),116.62,83.3,"included (delivered price, tiered by quantity)",2 tons,https://mygravelmonkey.com/product/crusher-run/,2026-09-28,stone,10 tons = $833; smallest tier 2 tons = $425,owner_csv,unverified
Gravel Monkey,broker,false,true,stone,river rock,river-rock,River Rock,river rock,150.1,ton (10-ton delivered load),210.14,150.1,"included (delivered price, tiered by quantity)",2 tons,https://mygravelmonkey.com/product/river-rock-various-sizes/,2026-09-28,stone,"10 tons = $1,501; smallest tier 2 tons = $822",owner_csv,unverified
Gravel Monkey,broker,false,true,stone,other,,2″-3″ Crushed Gravel,"other: crushed stone #4/#5/#53 (1-3"")",80.5,ton (10-ton delivered load),112.7,80.5,"included (delivered price, tiered by quantity)",3 tons,https://mygravelmonkey.com/product/2-3-inches-crushed-gravel/,2026-09-28,stone,10 tons = $805; smallest tier 3 tons = $485,owner_csv,unverified
Gravel Monkey,broker,false,true,stone,other,,1″ – 1 1/2″ Crushed Gravel,"other: crushed stone #4/#5/#53 (1-3"")",80.5,ton (10-ton delivered load),112.7,80.5,"included (delivered price, tiered by quantity)",3 tons,https://mygravelmonkey.com/product/1-1-5-inch-crushed-gravel/,2026-09-28,stone,10 tons = $805; smallest tier 3 tons = $485,owner_csv,unverified
Gravel Monkey,broker,false,true,stone,other,,3/8″ Crushed Gravel,"other: crushed stone #67/#8/#89 (3/8-3/4"")",80.5,ton (10-ton delivered load),112.7,80.5,"included (delivered price, tiered by quantity)",3 tons,https://mygravelmonkey.com/product/3-eights-inch-crushed-gravel/,2026-09-28,stone,10 tons = $805; smallest tier 3 tons = $485,owner_csv,unverified
Gravel Monkey,broker,false,true,stone,#57 limestone,57-limestone,3/4″ Crushed Gravel,#57 limestone,80.5,ton (10-ton delivered load),112.7,80.5,"included (delivered price, tiered by quantity)",3 tons,https://mygravelmonkey.com/product/3-quarter-inch-crushed-gravel/,2026-09-28,stone,10 tons = $805; smallest tier 3 tons = $485,owner_csv,unverified
Gravel Monkey,broker,false,true,stone,flex base,flex-base,2″-3″ Crushed Concrete,flex base,104.9,ton (10-ton delivered load),146.86,104.9,"included (delivered price, tiered by quantity)",3 tons,https://mygravelmonkey.com/product/2-to-3-crushed-concrete/,2026-09-28,stone,"10 tons = $1,049; smallest tier 3 tons = $625",owner_csv,unverified
Gravel Monkey,broker,false,true,stone,flex base,flex-base,1″-1 1/2″ Crushed Concrete,flex base,104.9,ton (10-ton delivered load),146.86,104.9,"included (delivered price, tiered by quantity)",3 tons,https://mygravelmonkey.com/product/1-to-1-5-inch-crushed-concrete/,2026-09-28,stone,"10 tons = $1,049; smallest tier 3 tons = $625",owner_csv,unverified
Gravel Monkey,broker,false,true,stone,flex base,flex-base,3/8″ Crushed Concrete,flex base,104.9,ton (10-ton delivered load),146.86,104.9,"included (delivered price, tiered by quantity)",3 tons,https://mygravelmonkey.com/product/3-eighths-inch-crushed-concrete/,2026-09-28,stone,"10 tons = $1,049; smallest tier 3 tons = $625",owner_csv,unverified
Gravel Monkey,broker,false,true,stone,flex base,flex-base,3/4″ Crushed Concrete,flex base,104.9,ton (10-ton delivered load),146.86,104.9,"included (delivered price, tiered by quantity)",3 tons,https://mygravelmonkey.com/product/3-quarter-inch-crushed-concrete/,2026-09-28,stone,"10 tons = $1,049; smallest tier 3 tons = $625",owner_csv,unverified
Gravel Monkey,broker,false,true,stone,other,,2″-3″ Crushed Stone,"other: crushed stone #4/#5/#53 (1-3"")",80.5,ton (10-ton delivered load),112.7,80.5,"included (delivered price, tiered by quantity)",3 tons,https://mygravelmonkey.com/product/2-3-inches-crushed-stone/,2026-09-28,stone,10 tons = $805; smallest tier 3 tons = $485,owner_csv,unverified
Gravel Monkey,broker,false,true,stone,other,,1″-1 1/2″ Crushed Stone,"other: crushed stone #4/#5/#53 (1-3"")",80.5,ton (10-ton delivered load),112.7,80.5,"included (delivered price, tiered by quantity)",3 tons,https://mygravelmonkey.com/product/1-1-5-inch-crushed-stone/,2026-09-28,stone,10 tons = $805; smallest tier 3 tons = $485,owner_csv,unverified
Gravel Monkey,broker,false,true,stone,river rock,river-rock,2-4″ River Rock,river rock,225.2,ton (10-ton delivered load),315.28,225.2,"included (delivered price, tiered by quantity)",2 tons,https://mygravelmonkey.com/product/2-4-inches-river-rock/,2026-09-28,stone,"10 tons = $2,252; smallest tier 2 tons = $1,213",owner_csv,unverified
Gravel Monkey,broker,false,true,stone,other,,2″-3″ Walkway Gravel,other: crushed driveway / walkway gravel,81.0,ton (10-ton delivered load),113.4,81.0,"included (delivered price, tiered by quantity)",3 tons,https://mygravelmonkey.com/product/2-to-3-inches-walkway-gravel/,2026-09-28,stone,10 tons = $810; smallest tier 3 tons = $482,owner_csv,unverified
Gravel Monkey,broker,false,true,stone,other,,1″-1 1/2″ Walkway Gravel,other: crushed driveway / walkway gravel,81.0,ton (10-ton delivered load),113.4,81.0,"included (delivered price, tiered by quantity)",3 tons,https://mygravelmonkey.com/product/1-1-5-inch-walkway-gravel/,2026-09-28,stone,10 tons = $810; smallest tier 3 tons = $482,owner_csv,unverified
Gravel Monkey,broker,false,true,stone,other,,3/8″ Walkway Gravel,other: crushed driveway / walkway gravel,81.0,ton (10-ton delivered load),113.4,81.0,"included (delivered price, tiered by quantity)",3 tons,https://mygravelmonkey.com/product/3-eights-inch-walkway-gravel/,2026-09-28,stone,10 tons = $810; smallest tier 3 tons = $482,owner_csv,unverified
Gravel Monkey,broker,false,true,stone,other,,3/4″ Walkway Gravel,other: crushed driveway / walkway gravel,81.0,ton (10-ton delivered load),113.4,81.0,"included (delivered price, tiered by quantity)",3 tons,https://mygravelmonkey.com/product/3-quarter-inch-walkway-gravel/,2026-09-28,stone,10 tons = $810; smallest tier 3 tons = $482,owner_csv,unverified
Gravel Monkey,broker,false,true,stone,other,,2″-3″ Driveway Gravel,other: crushed driveway / walkway gravel,80.5,ton (10-ton delivered load),112.7,80.5,"included (delivered price, tiered by quantity)",3 tons,https://mygravelmonkey.com/product/2-to-3-inches-driveway-gravel/,2026-09-28,stone,10 tons = $805; smallest tier 3 tons = $485,owner_csv,unverified
Gravel Monkey,broker,false,true,stone,other,,1″-1 1/2″ Driveway Gravel,other: crushed driveway / walkway gravel,80.5,ton (10-ton delivered load),112.7,80.5,"included (delivered price, tiered by quantity)",3 tons,https://mygravelmonkey.com/product/1-1-5-inch-driveway-gravel/,2026-09-28,stone,10 tons = $805; smallest tier 3 tons = $485,owner_csv,unverified
Gravel Monkey,broker,false,true,stone,other,,1 1/2″ Driveway Gravel,other: crushed driveway / walkway gravel,80.5,ton (10-ton delivered load),112.7,80.5,"included (delivered price, tiered by quantity)",3 tons,https://mygravelmonkey.com/product/1-1-2-inch-driveway-gravel/,2026-09-28,stone,10 tons = $805; smallest tier 3 tons = $485,owner_csv,unverified
Gravel Monkey,broker,false,true,stone,other,,3/8″ Driveway Gravel,other: crushed driveway / walkway gravel,80.5,ton (10-ton delivered load),112.7,80.5,"included (delivered price, tiered by quantity)",3 tons,https://mygravelmonkey.com/product/3-eights-inch-driveway-gravel/,2026-09-28,stone,10 tons = $805; smallest tier 3 tons = $485,owner_csv,unverified
Gravel Monkey,broker,false,true,stone,other,,3/4″ Driveway Gravel,other: crushed driveway / walkway gravel,80.5,ton (10-ton delivered load),112.7,80.5,"included (delivered price, tiered by quantity)",2 tons,https://mygravelmonkey.com/product/3-quarter-inch-driveway-gravel/,2026-09-28,stone,10 tons = $805; smallest tier 2 tons = $435,owner_csv,unverified
Gravel Monkey,broker,false,true,sand,washed sand,play-sand,Playground Sand,washed sand,108.5,ton (10-ton delivered load),146.48,108.5,"included (delivered price, tiered by quantity)",3 tons,https://mygravelmonkey.com/product/playground-sand/,2026-09-28,sand,"10 tons = $1,085; smallest tier 3 tons = $701",owner_csv,unverified
Gravel Monkey,broker,false,true,sand,washed sand,washed-sand,Washed Sand,washed sand,108.5,ton (10-ton delivered load),146.48,108.5,"included (delivered price, tiered by quantity)",3 tons,https://mygravelmonkey.com/product/washed-sand/,2026-09-28,sand,"10 tons = $1,085; smallest tier 3 tons = $701",owner_csv,unverified
Gravel Monkey,broker,false,true,stone,other,,Driveway Gravel,other: crushed driveway / walkway gravel,80.5,ton (10-ton delivered load),112.7,80.5,"included (delivered price, tiered by quantity)",2 tons,https://mygravelmonkey.com/product/driveway-gravel/,2026-09-28,stone,10 tons = $805; smallest tier 2 tons = $432,owner_csv,unverified
Gravel Monkey,broker,false,true,mulch,native hardwood mulch,native-hardwood,Shredded Hardwood Mulch,native hardwood mulch,94.1,cubic yard (10-yd delivered load),94.1,313.67,"included (delivered price, tiered by quantity)",3 cubic yards,https://mygravelmonkey.com/product/shredded-hardwood-mulch/,2026-09-28,mulch,10 yards = $941; 3 yards = $372,owner_csv,unverified
Gravel Monkey,broker,false,true,soil,sandy loam,sandy-loam,Topsoil,sandy loam,76.8,ton (10-ton delivered load),84.48,76.8,"included (delivered price, tiered by quantity)",2 tons,https://mygravelmonkey.com/product/topsoil/,2026-09-28,soil,10 tons = $768; smallest tier 2 tons = $421,owner_csv,unverified
Gravel Monkey,broker,false,true,stone,other,,Walkway Gravel,other: crushed driveway / walkway gravel,81.0,ton (10-ton delivered load),113.4,81.0,"included (delivered price, tiered by quantity)",2 tons,https://mygravelmonkey.com/product/walkway-gravel/,2026-09-28,stone,10 tons = $810; smallest tier 2 tons = $440,owner_csv,unverified
Gravel Monkey,broker,false,true,stone,other,,Drain Rock,"other: crushed stone #67/#8/#89 (3/8-3/4"")",80.5,ton (10-ton delivered load),112.7,80.5,"included (delivered price, tiered by quantity)",3 tons,https://mygravelmonkey.com/product/drain-rock/,2026-09-28,stone,10 tons = $805; smallest tier 3 tons = $472,owner_csv,unverified
Gravel Monkey,broker,false,true,stone,flex base,flex-base,Road Base,flex base,75.7,ton (10-ton delivered load),105.98,75.7,"included (delivered price, tiered by quantity)",2 tons,https://mygravelmonkey.com/product/road-base/,2026-09-28,stone,10 tons = $757; smallest tier 2 tons = $415,owner_csv,unverified
Gravel Monkey,broker,false,true,stone,other,,3/8″ Crushed Stone,"other: crushed stone #67/#8/#89 (3/8-3/4"")",80.5,ton (10-ton delivered load),112.7,80.5,"included (delivered price, tiered by quantity)",3 tons,https://mygravelmonkey.com/product/3-8-crushed-stone/,2026-09-28,stone,10 tons = $805; smallest tier 3 tons = $485,owner_csv,unverified
Gravel Monkey,broker,false,true,stone,#57 limestone,57-limestone,#57 Crushed Stone,#57 limestone,80.5,ton (10-ton delivered load),112.7,80.5,"included (delivered price, tiered by quantity)",2 tons,https://mygravelmonkey.com/product/57-crushed-stone/,2026-09-28,stone,10 tons = $805; smallest tier 2 tons = $435,owner_csv,spot-check
Gravel Monkey,broker,false,true,stone,flex base,flex-base,Crushed Concrete,flex base,85.7,ton (10-ton delivered load),119.98,85.7,"included (delivered price, tiered by quantity)",3 tons,https://mygravelmonkey.com/product/crushed-concrete/,2026-09-28,stone,10 tons = $857; smallest tier 3 tons = $481,owner_csv,unverified
Gravel Monkey,broker,false,true,stone,pea gravel,pea-gravel,3/8″ Natural Pea Gravel,pea gravel,132.4,ton (10-ton delivered load),185.36,132.4,"included (delivered price, tiered by quantity)",2 tons,https://mygravelmonkey.com/product/3-8-natural-pea-gravel/,2026-09-28,stone,"10 tons = $1,324; smallest tier 2 tons = $698",owner_csv,unverified
Gravel Monkey,broker,false,true,stone,#57 limestone,57-limestone,3/4″ Crushed Stone,#57 limestone,80.5,ton (10-ton delivered load),112.7,80.5,"included (delivered price, tiered by quantity)",3 tons,https://mygravelmonkey.com/product/3-4-crushed-stone/,2026-09-28,stone,10 tons = $805; smallest tier 3 tons = $485,owner_csv,unverified
Gravel Monkey,broker,false,true,soil,select fill,select-fill,Fill Dirt,select fill,52.1,ton (10-ton delivered load),57.31,52.1,"included (delivered price, tiered by quantity)",3 tons,https://mygravelmonkey.com/product/fill-dirt/,2026-09-28,soil,10 tons = $521; smallest tier 3 tons = $336,owner_csv,unverified
Gravel Monkey,broker,false,true,stone,other,,1 1/2″ Crushed Gravel,"other: crushed stone #4/#5/#53 (1-3"")",80.5,ton (10-ton delivered load),112.7,80.5,"included (delivered price, tiered by quantity)",3 tons,https://mygravelmonkey.com/product/1-1-2-crushed-gravel/,2026-09-28,stone,10 tons = $805; smallest tier 3 tons = $485,owner_csv,unverified
Gravel Monkey,broker,false,true,sand,mason sand,mason-sand,Mason Sand,mason sand,86.2,ton (10-ton delivered load),116.37,86.2,"included (delivered price, tiered by quantity)",3 tons,https://mygravelmonkey.com/product/mason-sand/,2026-09-28,sand,10 tons = $862; smallest tier 3 tons = $556,owner_csv,unverified
Gravel Monkey,broker,false,true,stone,decomposed granite,decomposed-granite,Decomposed Granite,decomposed granite,104.4,ton (10-ton delivered load),146.16,104.4,"included (delivered price, tiered by quantity)",3 tons,https://mygravelmonkey.com/product/decomposed-granite/,2026-09-28,stone,"10 tons = $1,044; smallest tier 3 tons = $674",owner_csv,unverified
Soil Building Systems,yard,false,false,soil,compost,compost,pH Balanced Compost,compost,59.99,cubic yard,59.99,54.54,not included; delivery quoted separately,not stated,https://www.sbs-inc.com/shop/soil-amendments/ph-balanced-compost/,2026-09-28,soil,,owner_csv,spot-check
Soil Building Systems,yard,false,false,soil,compost,compost,Professional Compost,compost,41.99,cubic yard,41.99,38.17,not included; delivery quoted separately,not stated,https://www.sbs-inc.com/shop/soil-amendments/professional-compost/,2026-09-28,soil,,owner_csv,unverified
Soil Building Systems,yard,false,false,soil,compost,compost,Blended Compost,compost,58.99,cubic yard,58.99,53.63,not included; delivery quoted separately,not stated,https://www.sbs-inc.com/shop/soil-amendments/blended-compost/,2026-09-28,soil,,owner_csv,unverified
Soil Building Systems,yard,false,false,soil,compost,compost,Acid Lovers Compost,compost,62.99,cubic yard,62.99,57.26,not included; delivery quoted separately,not stated,https://www.sbs-inc.com/shop/soil-amendments/acid-lovers-compost/,2026-09-28,soil,,owner_csv,unverified
Soil Building Systems,yard,false,false,soil,garden mix,garden-mix,Gumbo Buster,garden mix,105.99,cubic yard,105.99,96.35,not included; delivery quoted separately,not stated,https://www.sbs-inc.com/shop/soil-amendments/gumbo-buster/,2026-09-28,soil,,owner_csv,unverified
Soil Building Systems,yard,false,false,soil,garden mix,garden-mix,Clay Slayer,garden mix,78.99,cubic yard,78.99,71.81,not included; delivery quoted separately,not stated,https://www.sbs-inc.com/shop/soil-amendments/clay-slayer/,2026-09-28,soil,,owner_csv,unverified
Soil Building Systems,yard,false,false,stone,other,,Expanded Shale,other: expanded shale,123.99,cubic yard,123.99,88.56,not included; delivery quoted separately,not stated,https://www.sbs-inc.com/shop/soil-amendments/expanded-shale/,2026-09-28,stone,,owner_csv,unverified
Soil Building Systems,yard,false,false,stone,flex base,flex-base,Crushed Concrete – 3″ rock (down to 1-1/2″),flex base,34.99,cubic yard,34.99,24.99,not included; delivery quoted separately,not stated,https://www.sbs-inc.com/shop/landscape-rock/crushed-concrete-3-rock-down-to-1-1-2/,2026-09-28,stone,,owner_csv,unverified
Soil Building Systems,yard,false,false,stone,flex base,flex-base,Crushed Concrete – 1-1/2″ rock (down to 3/4″),flex base,46.5,cubic yard,46.5,33.21,not included; delivery quoted separately,not stated,https://www.sbs-inc.com/shop/landscape-rock/crushed-concrete-1-1-2-rock-down-to-3-4/,2026-09-28,stone,,owner_csv,unverified
Soil Building Systems,yard,false,false,soil,select fill,select-fill,Fill Dirt,select fill,16.99,cubic yard,16.99,15.45,not included; delivery quoted separately,not stated,https://www.sbs-inc.com/shop/clay-dirt/fill-dirt/,2026-09-28,soil,,owner_csv,unverified
Soil Building Systems,yard,false,false,soil,sandy loam,sandy-loam,Sandy Loam (Screened),sandy loam,49.99,cubic yard,49.99,45.45,not included; delivery quoted separately,not stated,https://www.sbs-inc.com/shop/sand/sandy-loam-screened/,2026-09-28,soil,,owner_csv,unverified
Soil Building Systems,yard,false,false,soil,garden mix,garden-mix,Turf Soil,garden mix,77.99,cubic yard,77.99,70.9,not included; delivery quoted separately,not stated,https://www.sbs-inc.com/shop/lawn-soils/turf-soil/,2026-09-28,soil,,owner_csv,unverified
Soil Building Systems,yard,false,false,soil,garden mix,garden-mix,Landscapers Blend (50/50),garden mix,50.99,cubic yard,50.99,46.35,not included; delivery quoted separately,not stated,https://www.sbs-inc.com/shop/landscaping-soils/landscapers-blend-50-50/,2026-09-28,soil,,owner_csv,unverified
Soil Building Systems,yard,false,false,soil,garden mix,garden-mix,Deep Bedding Soil,garden mix,71.99,cubic yard,71.99,65.45,not included; delivery quoted separately,not stated,https://www.sbs-inc.com/shop/landscaping-soils/deep-bedding-soil/,2026-09-28,soil,,owner_csv,unverified
Soil Building Systems,yard,false,false,soil,garden mix,garden-mix,Rose Mix,garden mix,50.99,cubic yard,50.99,46.35,not included; delivery quoted separately,not stated,https://www.sbs-inc.com/shop/landscaping-soils/rose-mix/,2026-09-28,soil,,owner_csv,unverified
Soil Building Systems,yard,false,false,soil,garden mix,garden-mix,pH Balanced Rose Mix,garden mix,58.99,cubic yard,58.99,53.63,not included; delivery quoted separately,not stated,https://www.sbs-inc.com/shop/landscaping-soils/ph-balanced-rose-mix/,2026-09-28,soil,,owner_csv,unverified
Soil Building Systems,yard,false,false,soil,garden mix,garden-mix,Ultra Container Soil,garden mix,99.0,cubic yard,99.0,90.0,not included; delivery quoted separately,not stated,https://www.sbs-inc.com/shop/landscaping-soils/ultra-container-soil/,2026-09-28,soil,,owner_csv,unverified
Soil Building Systems,yard,false,false,soil,garden mix,garden-mix,Specialty Organic-Growers’ Mix,garden mix,56.99,cubic yard,56.99,51.81,not included; delivery quoted separately,not stated,https://www.sbs-inc.com/shop/landscaping-soils/specialty-organic-growers-mix/,2026-09-28,soil,,owner_csv,unverified
Soil Building Systems,yard,false,false,mulch,other,playground-mulch,Construction Mulch,other: playground mulch / wood chips,17.99,cubic yard,17.99,59.97,not included; delivery quoted separately,not stated,https://www.sbs-inc.com/shop/mulch/construction-mulch/,2026-09-28,mulch,,owner_csv,unverified
Soil Building Systems,yard,false,false,soil,garden mix,garden-mix,pH Balanced Potting Compost,garden mix,94.99,cubic yard,94.99,86.35,not included; delivery quoted separately,not stated,https://www.sbs-inc.com/shop/soil-amendments/ph-balanced-potting-compost/,2026-09-28,soil,,owner_csv,unverified
Soil Building Systems,yard,false,false,soil,garden mix,garden-mix,Professional Potting Compost,garden mix,82.99,cubic yard,82.99,75.45,not included; delivery quoted separately,not stated,https://www.sbs-inc.com/shop/soil-amendments/professional-potting-compost/,2026-09-28,soil,,owner_csv,unverified
Soil Building Systems,yard,false,false,mulch,other,playground-mulch,Playground Cushion Chips,other: playground mulch / wood chips,44.99,cubic yard,44.99,149.97,not included; delivery quoted separately,not stated,https://www.sbs-inc.com/shop/mulch/playground-cushion-chips/,2026-09-28,mulch,,owner_csv,unverified
Soil Building Systems,yard,false,false,sand,washed sand,concrete-sand,Washed Concrete Sand,washed sand,72.99,cubic yard,72.99,54.07,not included; delivery quoted separately,not stated,https://www.sbs-inc.com/shop/sand/washed-concrete-sand/,2026-09-28,sand,,owner_csv,unverified
Soil Building Systems,yard,false,false,stone,other,,Expanded Shale,other: expanded shale,124.99,cubic yard,124.99,89.28,not included; delivery quoted separately,not stated,https://www.sbs-inc.com/shop/landscape-rock/expanded-shale-2/,2026-09-28,stone,,owner_csv,unverified
Soil Building Systems,yard,false,false,stone,decomposed granite,decomposed-granite,Decomposed Granite,decomposed granite,92.99,cubic yard,92.99,66.42,not included; delivery quoted separately,not stated,https://www.sbs-inc.com/shop/landscape-rock/decomposed-granite/,2026-09-28,stone,,owner_csv,unverified
Soil Building Systems,yard,false,false,stone,flex base,flex-base,Crushed Concrete Flex Base (1-1/2″),flex base,36.5,cubic yard,36.5,26.07,not included; delivery quoted separately,not stated,https://www.sbs-inc.com/shop/landscape-rock/crushed-concrete-flex-base-1-1-2/,2026-09-28,stone,,owner_csv,unverified
Soil Building Systems,yard,false,false,sand,mason sand,mason-sand,Washed Mortar Sand,mason sand,72.99,cubic yard,72.99,54.07,not included; delivery quoted separately,not stated,https://www.sbs-inc.com/shop/sand/washed-mortar-sand/,2026-09-28,sand,,owner_csv,unverified
Soil Building Systems,yard,false,false,sand,select fill,select-fill,Screened Cushion Sand,select fill,45.99,cubic yard,45.99,34.07,not included; delivery quoted separately,not stated,https://www.sbs-inc.com/shop/sand/screened-cushion-sand/,2026-09-28,sand,,owner_csv,unverified
Soil Building Systems,yard,false,false,soil,sandy loam,sandy-loam,Screened Black Dirt,sandy loam,44.99,cubic yard,44.99,40.9,not included; delivery quoted separately,not stated,https://www.sbs-inc.com/shop/sand/screened-black-dirt/,2026-09-28,soil,,owner_csv,unverified
Soil Building Systems,yard,false,false,soil,sandy loam,sandy-loam,Enriched Top Soil,sandy loam,49.99,cubic yard,49.99,45.45,not included; delivery quoted separately,not stated,https://www.sbs-inc.com/shop/lawn-soils/enriched-top-soil/,2026-09-28,soil,,owner_csv,unverified
Soil Building Systems,yard,false,false,soil,garden mix,garden-mix,pH Balanced Top Dressing,garden mix,84.99,cubic yard,84.99,77.26,not included; delivery quoted separately,not stated,https://www.sbs-inc.com/shop/lawn-soils/ph-balanced-top-dressing/,2026-09-28,soil,,owner_csv,unverified
Soil Building Systems,yard,false,false,soil,garden mix,garden-mix,Dairy Manure Top Dressing,garden mix,75.99,cubic yard,75.99,69.08,not included; delivery quoted separately,not stated,https://www.sbs-inc.com/shop/lawn-soils/dairy-manure-top-dressing/,2026-09-28,soil,,owner_csv,unverified
Soil Building Systems,yard,false,false,soil,garden mix,garden-mix,New Lawn Soil,garden mix,55.99,cubic yard,55.99,50.9,not included; delivery quoted separately,not stated,https://www.sbs-inc.com/shop/lawn-soils/new-lawn-soil/,2026-09-28,soil,,owner_csv,unverified
Soil Building Systems,yard,false,false,soil,garden mix,garden-mix,Professional Top Dressing,garden mix,82.99,cubic yard,82.99,75.45,not included; delivery quoted separately,not stated,https://www.sbs-inc.com/shop/lawn-soils/professional-top-dressing/,2026-09-28,soil,,owner_csv,unverified
Soil Building Systems,yard,false,false,soil,garden mix,garden-mix,Premium Vegetable Bed Blend,garden mix,79.99,cubic yard,79.99,72.72,not included; delivery quoted separately,not stated,https://www.sbs-inc.com/shop/landscaping-soils/premium-vegetable-bed-blend/,2026-09-28,soil,,owner_csv,unverified
Soil Building Systems,yard,false,false,soil,garden mix,garden-mix,Premium Potting Soil,garden mix,78.99,cubic yard,78.99,71.81,not included; delivery quoted separately,not stated,https://www.sbs-inc.com/shop/bedding-mixes/premium-potting-soil/,2026-09-28,soil,,owner_csv,unverified
Soil Building Systems,yard,false,false,soil,garden mix,garden-mix,Container Soil for Baskets,garden mix,40.99,cubic yard,40.99,37.26,not included; delivery quoted separately,not stated,https://www.sbs-inc.com/shop/bedding-mixes/container-soil-for-baskets/,2026-09-28,soil,,owner_csv,unverified
Soil Building Systems,yard,false,false,soil,garden mix,garden-mix,Revitalizer,garden mix,61.99,cubic yard,61.99,56.35,not included; delivery quoted separately,not stated,https://www.sbs-inc.com/shop/bedding-mixes/revitalizer/,2026-09-28,soil,,owner_csv,unverified
Soil Building Systems,yard,false,false,soil,garden mix,garden-mix,Bedding Soil (75/25),garden mix,49.99,cubic yard,49.99,45.45,not included; delivery quoted separately,not stated,https://www.sbs-inc.com/shop/landscaping-soils/bedding-soil-75-25/,2026-09-28,soil,,owner_csv,unverified
Soil Building Systems,yard,false,false,soil,garden mix,garden-mix,Ready-To-Plant,garden mix,58.99,cubic yard,58.99,53.63,not included; delivery quoted separately,not stated,https://www.sbs-inc.com/shop/landscaping-soils/ready-to-plant/,2026-09-28,soil,,owner_csv,unverified
Soil Building Systems,yard,false,false,soil,garden mix,garden-mix,Azalea Mix,garden mix,66.99,cubic yard,66.99,60.9,not included; delivery quoted separately,not stated,https://www.sbs-inc.com/shop/bedding-mixes/azalea-mix/,2026-09-28,soil,,owner_csv,unverified
Soil Building Systems,yard,false,false,mulch,other,,Azalea Bed Fine Cut Mulch,other: specialty mulch,62.99,cubic yard,62.99,209.97,not included; delivery quoted separately,not stated,https://www.sbs-inc.com/shop/mulch/azalea-bed-fine-cut-mulch/,2026-09-28,mulch,,owner_csv,unverified
Soil Building Systems,yard,false,false,mulch,native hardwood mulch,native-hardwood,Super Fine Hardwood Mulch,native hardwood mulch,41.99,cubic yard,41.99,139.97,not included; delivery quoted separately,not stated,https://www.sbs-inc.com/shop/mulch/super-fine-hardwood-mulch/,2026-09-28,mulch,,owner_csv,unverified
Soil Building Systems,yard,false,false,mulch,dyed mulch,dyed-red,Red Mulch,dyed mulch,43.99,cubic yard,43.99,146.63,not included; delivery quoted separately,not stated,https://www.sbs-inc.com/shop/mulch/red-mulch/,2026-09-28,mulch,,owner_csv,unverified
Soil Building Systems,yard,false,false,mulch,other,,Bois D’arc Mulch,other: specialty mulch,84.99,cubic yard,84.99,283.3,not included; delivery quoted separately,not stated,https://www.sbs-inc.com/shop/mulch/bois-darc-mulch/,2026-09-28,mulch,,owner_csv,unverified
Soil Building Systems,yard,false,false,mulch,other,,Azalea Bed Super Fine Mulch,other: specialty mulch,63.99,cubic yard,63.99,213.3,not included; delivery quoted separately,not stated,https://www.sbs-inc.com/shop/mulch/azalea-bed-super-fine-mulch/,2026-09-28,mulch,,owner_csv,unverified
Soil Building Systems,yard,false,false,mulch,native hardwood mulch,native-hardwood,Rustic Cut Hardwood Mulch,native hardwood mulch,32.99,cubic yard,32.99,109.97,not included; delivery quoted separately,not stated,https://soilbuildingsystems.com/products/budgetsensitive,2026-09-28,mulch,,owner_csv,unverified
The Organic Recycler,yard,false,,soil,sandy loam,sandy-loam,Grading Soil,sandy loam,55.0,cubic yard,55.0,50.0,not stated (online order; delivery scheduled by yard),not stated,https://theorganicrecycler.com/product/grading-soil-cubic-yard-only/,2026-09-28,soil,,owner_csv,unverified
The Organic Recycler,yard,false,,mulch,cedar mulch,cedar,Cedar Mulch,cedar mulch,65.0,cubic yard,65.0,216.67,not stated (online order; delivery scheduled by yard),not stated,https://theorganicrecycler.com/product/cedar-mulch/,2026-09-28,mulch,,owner_csv,unverified
The Organic Recycler,yard,false,,mulch,other,pine-bark,Pine Bark Mulch,other: pine bark mulch,63.0,cubic yard,63.0,210.0,not stated (online order; delivery scheduled by yard),not stated,https://theorganicrecycler.com/product/pine-bark-mulch/,2026-09-28,mulch,,owner_csv,unverified
The Organic Recycler,yard,false,,stone,other,,Expanded Shale 3/8″,other: expanded shale,179.0,cubic yard,179.0,127.86,not stated (online order; delivery scheduled by yard),not stated,https://theorganicrecycler.com/product/expanded-shale-3-8/,2026-09-28,stone,,owner_csv,unverified
The Organic Recycler,yard,false,,stone,decomposed granite,decomposed-granite,Decomposed Granite 5/8″,decomposed granite,147.0,cubic yard,147.0,105.0,not stated (online order; delivery scheduled by yard),not stated,https://theorganicrecycler.com/product/decomposed-granite-5-8/,2026-09-28,stone,,owner_csv,unverified
The Organic Recycler,yard,false,,sand,mason sand,mason-sand,Mason Sand,mason sand,128.0,cubic yard,128.0,94.81,not stated (online order; delivery scheduled by yard),not stated,https://theorganicrecycler.com/product/mason-sand/,2026-09-28,sand,,owner_csv,unverified
The Organic Recycler,yard,false,,soil,garden mix,garden-mix,Super Grow,garden mix,176.0,cubic yard,176.0,160.0,not stated (online order; delivery scheduled by yard),not stated,https://theorganicrecycler.com/product/super-grow/,2026-09-28,soil,,owner_csv,unverified
The Organic Recycler,yard,false,,soil,garden mix,garden-mix,Azalea Mix,garden mix,108.0,cubic yard,108.0,98.18,not stated (online order; delivery scheduled by yard),not stated,https://theorganicrecycler.com/product/azalea-mix/,2026-09-28,soil,,owner_csv,unverified
The Organic Recycler,yard,false,,soil,garden mix,garden-mix,All Purpose Planting Mix,garden mix,55.0,cubic yard,55.0,50.0,not stated (online order; delivery scheduled by yard),not stated,https://theorganicrecycler.com/product/all-purpose-planting-mix/,2026-09-28,soil,,owner_csv,unverified
The Organic Recycler,yard,false,,soil,compost,compost,Premium Compost,compost,50.0,cubic yard,50.0,45.45,not stated (online order; delivery scheduled by yard),not stated,https://theorganicrecycler.com/product/premium-compost/,2026-09-28,soil,,owner_csv,unverified
The Organic Recycler,yard,false,,mulch,dyed mulch,dyed-red,Colored Mulch,dyed mulch,47.0,cubic yard,47.0,156.67,not stated (online order; delivery scheduled by yard),not stated,https://theorganicrecycler.com/product/colored-mulch/,2026-09-28,mulch,,owner_csv,unverified
The Organic Recycler,yard,false,,mulch,native hardwood mulch,native-hardwood,Finely Shredded Hardwood Mulch,native hardwood mulch,46.0,cubic yard,46.0,153.33,not stated (online order; delivery scheduled by yard),not stated,https://theorganicrecycler.com/product/finely-shredded-hardwood-mulch/,2026-09-28,mulch,,owner_csv,unverified
The Organic Recycler,yard,false,,mulch,native hardwood mulch,native-hardwood,Hardwood Native Mulch,native hardwood mulch,32.0,cubic yard,32.0,106.67,not stated (online order; delivery scheduled by yard),not stated,https://theorganicrecycler.com/product/hardwood-native-mulch/,2026-09-28,mulch,,owner_csv,unverified
Silver Creek Materials,yard,false,,mulch,native hardwood mulch,native-hardwood,Premium Native Tree Mulch,native hardwood mulch,32,cubic yard,32,106.67,not stated,$20 bulk purchase minimum,https://silvercreekmaterials.com/landscaping/landscaping-products/,2026-09-28,mulch,,owner_csv,spot-check
Silver Creek Materials,yard,false,,mulch,cedar mulch,cedar,Aromatic Cedar Mulch,cedar mulch,59,cubic yard,59,196.67,not stated,$20 bulk purchase minimum,https://silvercreekmaterials.com/landscaping/landscaping-products/,2026-09-28,mulch,,owner_csv,unverified
Silver Creek Materials,yard,false,,mulch,dyed mulch,dyed-red,Palo Duro Red Mulch (dyed),dyed mulch,53,cubic yard,53,176.67,not stated,$20 bulk purchase minimum,https://silvercreekmaterials.com/landscaping/landscaping-products/,2026-09-28,mulch,,owner_csv,unverified
Silver Creek Materials,yard,false,,mulch,dyed mulch,brown-dyed,Saddle Brown Mulch (dyed),dyed mulch,53,cubic yard,53,176.67,not stated,$20 bulk purchase minimum,https://silvercreekmaterials.com/landscaping/landscaping-products/,2026-09-28,mulch,,owner_csv,unverified
Silver Creek Materials,yard,false,,mulch,dyed mulch,black-dyed,Black Anvil Mulch (dyed),dyed mulch,53,cubic yard,53,176.67,not stated,$20 bulk purchase minimum,https://silvercreekmaterials.com/landscaping/landscaping-products/,2026-09-28,mulch,,owner_csv,unverified
Silver Creek Materials,yard,false,,soil,compost,compost,Enriched Organic Compost,compost,55,cubic yard,55,50.0,not stated,$20 bulk purchase minimum,https://silvercreekmaterials.com/landscaping/landscaping-products/,2026-09-28,soil,,owner_csv,unverified
Silver Creek Materials,yard,false,,soil,garden mix,garden-mix,Premium Soil Mix,garden mix,45,cubic yard,45,40.91,not stated,$20 bulk purchase minimum,https://silvercreekmaterials.com/landscaping/landscaping-products/,2026-09-28,soil,,owner_csv,unverified
Silver Creek Materials,yard,false,,soil,sandy loam,sandy-loam,Sandy Soil Mix,sandy loam,33,cubic yard,33,30.0,not stated,$20 bulk purchase minimum,https://silvercreekmaterials.com/landscaping/landscaping-products/,2026-09-28,soil,,owner_csv,unverified
Silver Creek Materials,yard,false,,soil,compost,compost,Zoo Poo compost,compost,65,cubic yard,65,59.09,not stated,$20 bulk purchase minimum,https://silvercreekmaterials.com/landscaping/landscaping-products/,2026-09-28,soil,,owner_csv,unverified
Silver Creek Materials,yard,false,,soil,garden mix,garden-mix,Bella Flora Potting Mix,garden mix,63,cubic yard,63,57.27,not stated,$20 bulk purchase minimum,https://silvercreekmaterials.com/landscaping/landscaping-products/,2026-09-28,soil,,owner_csv,unverified
Silver Creek Materials,yard,false,,soil,garden mix,garden-mix,Lava Sand Planting Mix,garden mix,65,cubic yard,65,59.09,not stated,$20 bulk purchase minimum,https://silvercreekmaterials.com/landscaping/landscaping-products/,2026-09-28,soil,,owner_csv,unverified
Silver Creek Materials,yard,false,,sand,mason sand,mason-sand,Masonry Sand,mason sand,135,cubic yard,135,100.0,not stated,$20 bulk purchase minimum,https://silvercreekmaterials.com/landscaping/landscaping-products/,2026-09-28,sand,,owner_csv,unverified
Silver Creek Materials,yard,false,,stone,#57 limestone,57-limestone,"1"" Crushed Limestone",#57 limestone,130,cubic yard,130,92.86,not stated,$20 bulk purchase minimum,https://silvercreekmaterials.com/landscaping/landscaping-products/,2026-09-28,stone,,owner_csv,unverified
Silver Creek Materials,yard,false,,stone,decomposed granite,decomposed-granite,Decomposed Granite,decomposed granite,182,cubic yard,182,130.0,not stated,$20 bulk purchase minimum,https://silvercreekmaterials.com/landscaping/landscaping-products/,2026-09-28,stone,,owner_csv,unverified
Silver Creek Materials,yard,false,,stone,other,,"Texas Blush Granite 1/2-1""",other: crushed granite gravel,171,cubic yard,171,122.14,not stated,$20 bulk purchase minimum,https://silvercreekmaterials.com/landscaping/landscaping-products/,2026-09-28,stone,,owner_csv,unverified
Silver Creek Materials,yard,false,,stone,pea gravel,pea-gravel,"Pea Gravel 5/16""",pea gravel,125,cubic yard,125,89.29,not stated,$20 bulk purchase minimum,https://silvercreekmaterials.com/landscaping/landscaping-products/,2026-09-28,stone,,owner_csv,unverified
Silver Creek Materials,yard,false,,stone,#57 limestone,57-limestone,"Utility Rock 3/4"" (Type 57)",#57 limestone,125,cubic yard,125,89.29,not stated,$20 bulk purchase minimum,https://silvercreekmaterials.com/landscaping/landscaping-products/,2026-09-28,stone,,owner_csv,unverified
Silver Creek Materials,yard,false,,stone,river rock,river-rock,"Brazos River Rock 1-3""",river rock,159,cubic yard,159,113.57,not stated,$20 bulk purchase minimum,https://silvercreekmaterials.com/landscaping/landscaping-products/,2026-09-28,stone,,owner_csv,unverified
Silver Creek Materials,yard,false,,stone,river rock,river-rock,"Tex Mix River Rock 3/8-1""",river rock,155,cubic yard,155,110.71,not stated,$20 bulk purchase minimum,https://silvercreekmaterials.com/landscaping/landscaping-products/,2026-09-28,stone,,owner_csv,unverified
Silver Creek Materials,yard,false,,stone,river rock,river-rock,Lateral Rock,river rock,69,cubic yard,69,49.29,not stated,$20 bulk purchase minimum,https://silvercreekmaterials.com/landscaping/landscaping-products/,2026-09-28,stone,,owner_csv,unverified
Silver Creek Materials,yard,false,,stone,river rock,,Texas Country Cobble,river rock,159,cubic yard,159,113.57,not stated,$20 bulk purchase minimum,https://silvercreekmaterials.com/landscaping/landscaping-products/,2026-09-28,stone,,owner_csv,unverified
Silver Creek Materials,yard,false,,stone,river rock,river-rock,"Sabine River Rock 2-4""",river rock,322,cubic yard,322,230.0,not stated,$20 bulk purchase minimum,https://silvercreekmaterials.com/landscaping/landscaping-products/,2026-09-28,stone,,owner_csv,unverified
Silver Creek Materials,yard,false,,stone,other,,Black Star Rock,other: black star gravel,352,cubic yard,352,251.43,not stated,$20 bulk purchase minimum,https://silvercreekmaterials.com/landscaping/landscaping-products/,2026-09-28,stone,,owner_csv,unverified
Fort Worth Grass & Stone,yard,false,false,stone,decomposed granite,decomposed-granite,Decomposed Granite,decomposed granite,110,cubic yard,110,78.57,"not included; pickup price, local delivery fee quoted",5 cubic yards for delivery,https://fortworthgrass.com/bulk-materials,2026-09-28,stone,,owner_csv,unverified
Fort Worth Grass & Stone,yard,false,false,stone,#57 limestone,57-limestone,"Gravel 1""",#57 limestone,90,cubic yard,90,64.29,"not included; pickup price, local delivery fee quoted",5 cubic yards for delivery,https://fortworthgrass.com/bulk-materials,2026-09-28,stone,,owner_csv,unverified
Fort Worth Grass & Stone,yard,false,false,sand,mason sand,mason-sand,Masonry Sand,mason sand,100,cubic yard,100,74.07,"not included; pickup price, local delivery fee quoted",5 cubic yards for delivery,https://fortworthgrass.com/bulk-materials,2026-09-28,sand,,owner_csv,unverified
Fort Worth Grass & Stone,yard,false,false,soil,garden mix,garden-mix,Premium Soil Mix,garden mix,55,cubic yard,55,50.0,"not included; pickup price, local delivery fee quoted",5 cubic yards for delivery,https://fortworthgrass.com/bulk-materials,2026-09-28,soil,,owner_csv,unverified
Fort Worth Grass & Stone,yard,false,false,mulch,native hardwood mulch,native-hardwood,Texas Native Tree Mulch,native hardwood mulch,50,cubic yard,50,166.67,"not included; pickup price, local delivery fee quoted",5 cubic yards for delivery,https://fortworthgrass.com/bulk-materials,2026-09-28,mulch,,owner_csv,unverified
Fort Worth Grass & Stone,yard,false,false,stone,other,,White Marble,other: marble chips,310,ton,434.0,310,"not included; pickup price, local delivery fee quoted",5 cubic yards for delivery,https://fortworthgrass.com/bulk-materials,2026-09-28,stone,,owner_csv,unverified
EarthMove,broker,false,false,stone,flex base,flex-base,Flex Base,flex base,21.6,cubic yard,21.6,15.43,not included; delivery base $175 per load + per-mile,10 cubic yards (flex base),https://earthmove.io/dallas-fort-worth,2026-09-28,stone,material-only price; delivery added at checkout,owner_csv,unverified
EarthMove,broker,false,false,stone,flex base,flex-base,Crusher Run,flex base,21.6,ton,30.24,21.6,not included; delivery base $175 per load + per-mile,10 cubic yards (flex base),https://earthmove.io/dallas-fort-worth,2026-09-28,stone,material-only price; delivery added at checkout,owner_csv,unverified
EarthMove,broker,false,false,stone,flex base,flex-base,Base Course,flex base,18,ton,25.2,18,not included; delivery base $175 per load + per-mile,10 cubic yards (flex base),https://earthmove.io/dallas-fort-worth,2026-09-28,stone,material-only price; delivery added at checkout,owner_csv,unverified
EarthMove,broker,false,false,stone,flex base,flex-base,Recycled Base,flex base,13.2,ton,18.48,13.2,not included; delivery base $175 per load + per-mile,10 cubic yards (flex base),https://earthmove.io/dallas-fort-worth,2026-09-28,stone,material-only price; delivery added at checkout,owner_csv,unverified
EarthMove,broker,false,false,stone,other,,#89 Stone,"other: crushed stone #67/#8/#89 (3/8-3/4"")",20.4,ton,28.56,20.4,not included; delivery base $175 per load + per-mile,10 cubic yards (flex base),https://earthmove.io/dallas-fort-worth,2026-09-28,stone,material-only price; delivery added at checkout,owner_csv,unverified
EarthMove,broker,false,false,stone,pea gravel,pea-gravel,Pea Gravel,pea gravel,33.6,ton,47.04,33.6,not included; delivery base $175 per load + per-mile,10 cubic yards (flex base),https://earthmove.io/dallas-fort-worth,2026-09-28,stone,material-only price; delivery added at checkout,owner_csv,unverified
EarthMove,broker,false,false,stone,river rock,river-rock,River Rock,river rock,252,ton,352.8,252,not included; delivery base $175 per load + per-mile,10 cubic yards (flex base),https://earthmove.io/dallas-fort-worth,2026-09-28,stone,material-only price; delivery added at checkout,owner_csv,unverified
EarthMove,broker,false,false,stone,river rock,river-rock,"River Rock 1-3""",river rock,120,ton,168.0,120,not included; delivery base $175 per load + per-mile,10 cubic yards (flex base),https://earthmove.io/dallas-fort-worth,2026-09-28,stone,material-only price; delivery added at checkout,owner_csv,unverified
EarthMove,broker,false,false,stone,river rock,river-rock,"River Rock 3-5""",river rock,276,ton,386.4,276,not included; delivery base $175 per load + per-mile,10 cubic yards (flex base),https://earthmove.io/dallas-fort-worth,2026-09-28,stone,material-only price; delivery added at checkout,owner_csv,unverified
EarthMove,broker,false,false,stone,other,,Crushed Granite Gray,other: crushed granite gravel,78,ton,109.2,78,not included; delivery base $175 per load + per-mile,10 cubic yards (flex base),https://earthmove.io/dallas-fort-worth,2026-09-28,stone,material-only price; delivery added at checkout,owner_csv,unverified
EarthMove,broker,false,false,stone,decomposed granite,decomposed-granite,Decomposed Granite,decomposed granite,156,cubic yard,156,111.43,not included; delivery base $175 per load + per-mile,10 cubic yards (flex base),https://earthmove.io/dallas-fort-worth,2026-09-28,stone,material-only price; delivery added at checkout,owner_csv,unverified
EarthMove,broker,false,false,stone,#57 limestone,57-limestone,Crushed Limestone,#57 limestone,106.8,cubic yard,106.8,76.29,not included; delivery base $175 per load + per-mile,10 cubic yards (flex base),https://earthmove.io/dallas-fort-worth,2026-09-28,stone,material-only price; delivery added at checkout,owner_csv,unverified
EarthMove,broker,false,false,sand,washed sand,washed-sand,Manufactured Sand,washed sand,42,ton,56.7,42,not included; delivery base $175 per load + per-mile,10 cubic yards (flex base),https://earthmove.io/dallas-fort-worth,2026-09-28,sand,material-only price; delivery added at checkout,owner_csv,unverified
EarthMove,broker,false,false,sand,washed sand,concrete-sand,Concrete Sand,washed sand,24,ton,32.4,24,not included; delivery base $175 per load + per-mile,10 cubic yards (flex base),https://earthmove.io/dallas-fort-worth,2026-09-28,sand,material-only price; delivery added at checkout,owner_csv,unverified
EarthMove,broker,false,false,sand,mason sand,mason-sand,Masonry Sand,mason sand,24,ton,32.4,24,not included; delivery base $175 per load + per-mile,10 cubic yards (flex base),https://earthmove.io/dallas-fort-worth,2026-09-28,sand,material-only price; delivery added at checkout,owner_csv,unverified
EarthMove,broker,false,false,sand,select fill,select-fill,Utility Sand,select fill,7.2,cubic yard,7.2,5.33,not included; delivery base $175 per load + per-mile,10 cubic yards (flex base),https://earthmove.io/dallas-fort-worth,2026-09-28,sand,material-only price; delivery added at checkout,owner_csv,contradicted
EarthMove,broker,false,false,sand,select fill,select-fill,Bedding Sand,select fill,7.8,cubic yard,7.8,5.78,not included; delivery base $175 per load + per-mile,10 cubic yards (flex base),https://earthmove.io/dallas-fort-worth,2026-09-28,sand,material-only price; delivery added at checkout,owner_csv,contradicted
EarthMove,broker,false,false,soil,sandy loam,sandy-loam,Screened Topsoil,sandy loam,21.6,cubic yard,21.6,19.64,not included; delivery base $175 per load + per-mile,10 cubic yards (flex base),https://earthmove.io/dallas-fort-worth,2026-09-28,soil,material-only price; delivery added at checkout,owner_csv,unverified
EarthMove,broker,false,false,soil,sandy loam,sandy-loam,Topsoil,sandy loam,9.6,ton,10.56,9.6,not included; delivery base $175 per load + per-mile,10 cubic yards (flex base),https://earthmove.io/dallas-fort-worth,2026-09-28,soil,material-only price; delivery added at checkout,owner_csv,unverified
EarthMove,broker,false,false,soil,select fill,select-fill,Fill Dirt,select fill,4.2,ton,4.62,4.2,not included; delivery base $175 per load + per-mile,10 cubic yards (flex base),https://earthmove.io/dallas-fort-worth,2026-09-28,soil,material-only price; delivery added at checkout,owner_csv,contradicted
EarthMove,broker,false,false,soil,select fill,select-fill,Select Fill,select fill,8.4,cubic yard,8.4,7.64,not included; delivery base $175 per load + per-mile,10 cubic yards (flex base),https://earthmove.io/dallas-fort-worth,2026-09-28,soil,material-only price; delivery added at checkout,owner_csv,contradicted
EarthMove,broker,false,false,stone,other,rip-rap,Rip Rap,other: rip rap / boulders,38.4,ton,53.76,38.4,not included; delivery base $175 per load + per-mile,10 cubic yards (flex base),https://earthmove.io/dallas-fort-worth,2026-09-28,stone,material-only price; delivery added at checkout,owner_csv,unverified
EarthMove,broker,false,false,stone,other,,Mexican Beach Pebble,other: mexican beach pebble,900,ton,1260.0,900,not included; delivery base $175 per load + per-mile,10 cubic yards (flex base),https://earthmove.io/dallas-fort-worth,2026-09-28,stone,material-only price; delivery added at checkout,owner_csv,unverified
EarthMove,broker,false,false,stone,other,,Crushed Asphalt,other: asphalt millings,16.8,ton,23.52,16.8,not included; delivery base $175 per load + per-mile,10 cubic yards (flex base),https://earthmove.io/dallas-fort-worth,2026-09-28,stone,material-only price; delivery added at checkout,owner_csv,unverified
EarthMove,broker,false,false,stone,other,,Landscape Rock,other: landscape rock (unspecified),234,ton,327.6,234,not included; delivery base $175 per load + per-mile,10 cubic yards (flex base),https://earthmove.io/dallas-fort-worth,2026-09-28,stone,material-only price; delivery added at checkout,owner_csv,unverified
Dallas Sod & Fence,yard,false,false,soil,sandy loam,sandy-loam,Topsoil (screened),sandy loam,65,cubic yard,65,59.09,not included; call for delivery rates,not stated,https://www.dallassodandfencing.com/landscaping-materials/,2026-09-28,soil,,owner_csv,spot-check
Dallas Sod & Fence,yard,false,false,mulch,dyed mulch,black-dyed,Black Mulch (dyed),dyed mulch,70,cubic yard,70,233.33,not included; call for delivery rates,not stated,https://www.dallassodandfencing.com/landscaping-materials/,2026-09-28,mulch,,owner_csv,unverified
Dallas Sod & Fence,yard,false,false,mulch,native hardwood mulch,native-hardwood,Brown Mulch,native hardwood mulch,70,cubic yard,70,233.33,not included; call for delivery rates,not stated,https://www.dallassodandfencing.com/landscaping-materials/,2026-09-28,mulch,,owner_csv,unverified
Dallas Sod & Fence,yard,false,false,sand,mason sand,mason-sand,Mason Sand,mason sand,75,cubic yard,75,55.56,not included; call for delivery rates,not stated,https://www.dallassodandfencing.com/landscaping-materials/,2026-09-28,sand,,owner_csv,unverified
Dallas Sod & Fence,yard,false,false,stone,other,,Black Star Gravel,other: black star gravel,260,ton,364.0,260,not included; call for delivery rates,not stated,https://www.dallassodandfencing.com/landscaping-materials/,2026-09-28,stone,,owner_csv,unverified
Dallas Sod & Fence,yard,false,false,stone,#57 limestone,57-limestone,"Crushed Limestone 1-1.5""",#57 limestone,85,ton,119.0,85,not included; call for delivery rates,not stated,https://www.dallassodandfencing.com/landscaping-materials/,2026-09-28,stone,,owner_csv,unverified
Dallas Sod & Fence,yard,false,false,stone,decomposed granite,decomposed-granite,Decomposed Granite,decomposed granite,130,ton,182.0,130,not included; call for delivery rates,not stated,https://www.dallassodandfencing.com/landscaping-materials/,2026-09-28,stone,,owner_csv,unverified
Dallas Sod & Fence,yard,false,false,stone,pea gravel,pea-gravel,Pea Gravel,pea gravel,110,ton,154.0,110,not included; call for delivery rates,not stated,https://www.dallassodandfencing.com/landscaping-materials/,2026-09-28,stone,,owner_csv,unverified
Dallas Sod & Fence,yard,false,false,stone,river rock,,Arizona Cobbles,river rock,260,ton,364.0,260,not included; call for delivery rates,not stated,https://www.dallassodandfencing.com/landscaping-materials/,2026-09-28,stone,,owner_csv,unverified
Dallas Sod & Fence,yard,false,false,stone,river rock,,Salt & Pepper Cobbles,river rock,260,ton,364.0,260,not included; call for delivery rates,not stated,https://www.dallassodandfencing.com/landscaping-materials/,2026-09-28,stone,,owner_csv,unverified
Dallas Sod & Fence,yard,false,false,stone,river rock,,Rainbow Cobbles,river rock,260,ton,364.0,260,not included; call for delivery rates,not stated,https://www.dallassodandfencing.com/landscaping-materials/,2026-09-28,stone,,owner_csv,unverified
Dallas Sod & Fence,yard,false,false,stone,other,,Snow White Marble,other: marble chips,270,ton,378.0,270,not included; call for delivery rates,not stated,https://www.dallassodandfencing.com/landscaping-materials/,2026-09-28,stone,,owner_csv,unverified
Dallas Sod & Fence,yard,false,false,stone,other,,Mexican Ivory Marble,other: marble chips,250,ton,350.0,250,not included; call for delivery rates,not stated,https://www.dallassodandfencing.com/landscaping-materials/,2026-09-28,stone,,owner_csv,unverified
Texas Pure Products,yard,false,,soil,compost,compost,Compost,compost,40,cubic yard,40,36.36,$50 flat (Allen/Frisco/McKinney/Plano/Richardson); $4 per loaded mile elsewhere ($50 min),3 cubic yards per product,https://texaspureproducts.com/149/Products-and-Pricing,2026-09-28,soil,non-member price; member price ~$2 less,owner_csv,spot-check
Texas Pure Products,yard,false,,soil,compost,compost,Compost Ultra,compost,48,cubic yard,48,43.64,$50 flat (Allen/Frisco/McKinney/Plano/Richardson); $4 per loaded mile elsewhere ($50 min),3 cubic yards per product,https://texaspureproducts.com/149/Products-and-Pricing,2026-09-28,soil,non-member price; member price ~$2 less,owner_csv,unverified
Texas Pure Products,yard,false,,soil,garden mix,garden-mix,Planting Mix,garden mix,49,cubic yard,49,44.55,$50 flat (Allen/Frisco/McKinney/Plano/Richardson); $4 per loaded mile elsewhere ($50 min),3 cubic yards per product,https://texaspureproducts.com/149/Products-and-Pricing,2026-09-28,soil,non-member price; member price ~$2 less,owner_csv,unverified
Texas Pure Products,yard,false,,soil,garden mix,garden-mix,Turf Blend,garden mix,52,cubic yard,52,47.27,$50 flat (Allen/Frisco/McKinney/Plano/Richardson); $4 per loaded mile elsewhere ($50 min),3 cubic yards per product,https://texaspureproducts.com/149/Products-and-Pricing,2026-09-28,soil,non-member price; member price ~$2 less,owner_csv,unverified
Texas Pure Products,yard,false,,soil,garden mix,garden-mix,Compost/Sand Blend,garden mix,43,cubic yard,43,39.09,$50 flat (Allen/Frisco/McKinney/Plano/Richardson); $4 per loaded mile elsewhere ($50 min),3 cubic yards per product,https://texaspureproducts.com/149/Products-and-Pricing,2026-09-28,soil,non-member price; member price ~$2 less,owner_csv,unverified
Texas Pure Products,yard,false,,soil,garden mix,garden-mix,Powerful Potting Mix,garden mix,88,cubic yard,88,80.0,$50 flat (Allen/Frisco/McKinney/Plano/Richardson); $4 per loaded mile elsewhere ($50 min),3 cubic yards per product,https://texaspureproducts.com/149/Products-and-Pricing,2026-09-28,soil,non-member price; member price ~$2 less,owner_csv,unverified
Texas Pure Products,yard,false,,mulch,native hardwood mulch,native-hardwood,Native Hardwood Mulch,native hardwood mulch,26,cubic yard,26,86.67,$50 flat (Allen/Frisco/McKinney/Plano/Richardson); $4 per loaded mile elsewhere ($50 min),3 cubic yards per product,https://texaspureproducts.com/149/Products-and-Pricing,2026-09-28,mulch,non-member price; member price ~$2 less,owner_csv,unverified
Texas Pure Products,yard,false,,mulch,native hardwood mulch,native-hardwood,Aged Hardwood Mulch,native hardwood mulch,32,cubic yard,32,106.67,$50 flat (Allen/Frisco/McKinney/Plano/Richardson); $4 per loaded mile elsewhere ($50 min),3 cubic yards per product,https://texaspureproducts.com/149/Products-and-Pricing,2026-09-28,mulch,non-member price; member price ~$2 less,owner_csv,unverified
Texas Pure Products,yard,false,,mulch,dyed mulch,dyed-red,Colored Wood Mulch (dyed),dyed mulch,38,cubic yard,38,126.67,$50 flat (Allen/Frisco/McKinney/Plano/Richardson); $4 per loaded mile elsewhere ($50 min),3 cubic yards per product,https://texaspureproducts.com/149/Products-and-Pricing,2026-09-28,mulch,non-member price; member price ~$2 less,owner_csv,unverified
Noles Enterprises,yard,false,,soil,select fill,select-fill,Select Fill,select fill,30,cubic yard,30,27.27,not stated,not stated,https://nolesenterprises.com/bulk-materials/,2026-09-28,soil,unit per cubic yard stated for some items; assumed for the rest,owner_csv,spot-check
Noles Enterprises,yard,false,,soil,sandy loam,sandy-loam,Sandy Loam,sandy loam,35,cubic yard,35,31.82,not stated,not stated,https://nolesenterprises.com/bulk-materials/,2026-09-28,soil,unit per cubic yard stated for some items; assumed for the rest,owner_csv,unverified
Noles Enterprises,yard,false,,soil,sandy loam,sandy-loam,Topsoil,sandy loam,35,cubic yard,35,31.82,not stated,not stated,https://nolesenterprises.com/bulk-materials/,2026-09-28,soil,unit per cubic yard stated for some items; assumed for the rest,owner_csv,unverified
Noles Enterprises,yard,false,,soil,compost,compost,Compost,compost,40,cubic yard,40,36.36,not stated,not stated,https://nolesenterprises.com/bulk-materials/,2026-09-28,soil,unit per cubic yard stated for some items; assumed for the rest,owner_csv,unverified
Noles Enterprises,yard,false,,soil,garden mix,garden-mix,50/50 Mix (compost & sand),garden mix,45,cubic yard,45,40.91,not stated,not stated,https://nolesenterprises.com/bulk-materials/,2026-09-28,soil,unit per cubic yard stated for some items; assumed for the rest,owner_csv,unverified
Noles Enterprises,yard,false,,soil,garden mix,garden-mix,"Compost Mix (1/3 compost, sand, pine bark)",garden mix,50,cubic yard,50,45.45,not stated,not stated,https://nolesenterprises.com/bulk-materials/,2026-09-28,soil,unit per cubic yard stated for some items; assumed for the rest,owner_csv,unverified
Noles Enterprises,yard,false,,mulch,native hardwood mulch,native-hardwood,Hardwood Mulch,native hardwood mulch,50,cubic yard,50,166.67,not stated,not stated,https://nolesenterprises.com/bulk-materials/,2026-09-28,mulch,unit per cubic yard stated for some items; assumed for the rest,owner_csv,unverified
Noles Enterprises,yard,false,,mulch,other,pine-bark,Pine Bark Mulch,other: pine bark mulch,50,cubic yard,50,166.67,not stated,not stated,https://nolesenterprises.com/bulk-materials/,2026-09-28,mulch,unit per cubic yard stated for some items; assumed for the rest,owner_csv,unverified
Noles Enterprises,yard,false,,sand,mason sand,mason-sand,Mortar Sand,mason sand,80,cubic yard,80,59.26,not stated,not stated,https://nolesenterprises.com/bulk-materials/,2026-09-28,sand,unit per cubic yard stated for some items; assumed for the rest,owner_csv,unverified
Noles Enterprises,yard,false,,sand,washed sand,concrete-sand,Concrete Sand,washed sand,80,cubic yard,80,59.26,not stated,not stated,https://nolesenterprises.com/bulk-materials/,2026-09-28,sand,unit per cubic yard stated for some items; assumed for the rest,owner_csv,unverified
Noles Enterprises,yard,false,,sand,select fill,select-fill,Cushion Sand,select fill,35,cubic yard,35,25.93,not stated,not stated,https://nolesenterprises.com/bulk-materials/,2026-09-28,sand,unit per cubic yard stated for some items; assumed for the rest,owner_csv,unverified
Noles Enterprises,yard,false,,stone,pea gravel,pea-gravel,Pea Gravel (colorful neutrals),pea gravel,110,cubic yard,110,78.57,not stated,not stated,https://nolesenterprises.com/bulk-materials/,2026-09-28,stone,unit per cubic yard stated for some items; assumed for the rest,owner_csv,unverified
Noles Enterprises,yard,false,,stone,pea gravel,pea-gravel,Pea Gravel (light/white),pea gravel,90,cubic yard,90,64.29,not stated,not stated,https://nolesenterprises.com/bulk-materials/,2026-09-28,stone,unit per cubic yard stated for some items; assumed for the rest,owner_csv,unverified
Noles Enterprises,yard,false,,stone,river rock,river-rock,"Native River Rock 1""",river rock,90,cubic yard,90,64.29,not stated,not stated,https://nolesenterprises.com/bulk-materials/,2026-09-28,stone,unit per cubic yard stated for some items; assumed for the rest,owner_csv,unverified
Noles Enterprises,yard,false,,stone,river rock,river-rock,"Light Native River Rock 2-3""",river rock,90,cubic yard,90,64.29,not stated,not stated,https://nolesenterprises.com/bulk-materials/,2026-09-28,stone,unit per cubic yard stated for some items; assumed for the rest,owner_csv,unverified
Noles Enterprises,yard,false,,stone,river rock,river-rock,OK Native River Rock,river rock,200,cubic yard,200,142.86,not stated,not stated,https://nolesenterprises.com/bulk-materials/,2026-09-28,stone,unit per cubic yard stated for some items; assumed for the rest,owner_csv,unverified
Noles Enterprises,yard,false,,stone,flex base,flex-base,"Flexbase 1.5""",flex base,70,cubic yard,70,50.0,not stated,not stated,https://nolesenterprises.com/bulk-materials/,2026-09-28,stone,unit per cubic yard stated for some items; assumed for the rest,owner_csv,unverified
Noles Enterprises,yard,false,,sand,other,,Limestone Screenings,other: limestone screenings / stone dust,80,cubic yard,80,59.26,not stated,not stated,https://nolesenterprises.com/bulk-materials/,2026-09-28,sand,unit per cubic yard stated for some items; assumed for the rest,owner_csv,unverified
Noles Enterprises,yard,false,,stone,#57 limestone,57-limestone,"3/8"" Washed Limestone",#57 limestone,80,cubic yard,80,57.14,not stated,not stated,https://nolesenterprises.com/bulk-materials/,2026-09-28,stone,unit per cubic yard stated for some items; assumed for the rest,owner_csv,unverified
Noles Enterprises,yard,false,,stone,#57 limestone,57-limestone,"1"" Washed Limestone",#57 limestone,80,cubic yard,80,57.14,not stated,not stated,https://nolesenterprises.com/bulk-materials/,2026-09-28,stone,unit per cubic yard stated for some items; assumed for the rest,owner_csv,unverified
Noles Enterprises,yard,false,,stone,#57 limestone,57-limestone,"1.5"" Washed Limestone",#57 limestone,80,cubic yard,80,57.14,not stated,not stated,https://nolesenterprises.com/bulk-materials/,2026-09-28,stone,unit per cubic yard stated for some items; assumed for the rest,owner_csv,unverified
Noles Enterprises,yard,false,,stone,other,,"1"" OK Gray/Pink Washed Granite",other: crushed granite gravel,135,cubic yard,135,96.43,not stated,not stated,https://nolesenterprises.com/bulk-materials/,2026-09-28,stone,unit per cubic yard stated for some items; assumed for the rest,owner_csv,unverified
Noles Enterprises,yard,false,,stone,decomposed granite,decomposed-granite,OK Brown Decomposed Granite,decomposed granite,95,cubic yard,95,67.86,not stated,not stated,https://nolesenterprises.com/bulk-materials/,2026-09-28,stone,unit per cubic yard stated for some items; assumed for the rest,owner_csv,unverified
Noles Enterprises,yard,false,,stone,other,,"3/8"" TX Brown/Pink Washed Granite",other: crushed granite gravel,150,cubic yard,150,107.14,not stated,not stated,https://nolesenterprises.com/bulk-materials/,2026-09-28,stone,unit per cubic yard stated for some items; assumed for the rest,owner_csv,unverified
Noles Enterprises,yard,false,,stone,other,,"Black Star Gravel 1"" or 2""",other: black star gravel,275,cubic yard,275,196.43,not stated,not stated,https://nolesenterprises.com/bulk-materials/,2026-09-28,stone,unit per cubic yard stated for some items; assumed for the rest,owner_csv,unverified
Noles Enterprises,yard,false,,stone,river rock,river-rock,Colorado River Rock,river rock,375,ton,525.0,375,not stated,not stated,https://nolesenterprises.com/bulk-materials/,2026-09-28,stone,unit per cubic yard stated for some items; assumed for the rest,owner_csv,unverified
Noles Enterprises,yard,false,,stone,river rock,,"Colorado Bull Rock 2-5""",river rock,250,ton,350.0,250,not stated,not stated,https://nolesenterprises.com/bulk-materials/,2026-09-28,stone,unit per cubic yard stated for some items; assumed for the rest,owner_csv,unverified
Noles Enterprises,yard,false,,stone,river rock,river-rock,"Colorado Blend River Rock 1-3""",river rock,250,ton,350.0,250,not stated,not stated,https://nolesenterprises.com/bulk-materials/,2026-09-28,stone,unit per cubic yard stated for some items; assumed for the rest,owner_csv,unverified
Noles Enterprises,yard,false,,stone,river rock,,Salt & Pepper River Rock,river rock,350,ton,490.0,350,not stated,not stated,https://nolesenterprises.com/bulk-materials/,2026-09-28,stone,unit per cubic yard stated for some items; assumed for the rest,owner_csv,unverified
Fill Dirt Near Me,broker,false,true,soil,select fill,select-fill,Clean Fill Dirt,select fill,10,cubic yard,10,9.09,included (delivered price),10 cubic yards,https://filldirtnearme.net/texas/grapevine/,2026-09-28,soil,,owner_csv,unverified
Fill Dirt Near Me,broker,false,true,soil,sandy loam,sandy-loam,Screened Topsoil,sandy loam,17,cubic yard,17,15.45,included (delivered price),10 cubic yards,https://filldirtnearme.net/texas/grapevine/,2026-09-28,soil,,owner_csv,unverified
Fill Dirt Near Me,broker,false,true,soil,select fill,select-fill,Structural Fill,select fill,20,cubic yard,20,18.18,included (delivered price),10 cubic yards,https://filldirtnearme.net/texas/grapevine/,2026-09-28,soil,,owner_csv,unverified
Fill Dirt Near Me,broker,false,true,soil,select fill,select-fill,Select Fill,select fill,20,cubic yard,20,18.18,included (delivered price),10 cubic yards,https://filldirtnearme.net/texas/grapevine/,2026-09-28,soil,,owner_csv,unverified
Fill Dirt Near Me,broker,false,true,sand,other,,Sand (from),other: fill / concrete sand,22,cubic yard,22,16.3,included (delivered price),10 cubic yards,https://filldirtnearme.net/texas/grapevine/,2026-09-28,sand,,owner_csv,unverified
Fill Dirt Near Me,broker,false,true,stone,other,,Gravel (from),other: crushed driveway / walkway gravel,25,cubic yard,25,17.86,included (delivered price),10 cubic yards,https://filldirtnearme.net/texas/grapevine/,2026-09-28,stone,,owner_csv,unverified
Aggregate Markets,broker,false,,stone,other,,Limestone #89,"other: crushed stone #67/#8/#89 (3/8-3/4"")",63.45,ton,88.83,63.45,not stated (marketplace; delivery quoted at checkout),not stated,https://aggregatemarkets.com/en/locations/texas/tarrant/fort-worth/products,2026-09-28,stone,,owner_csv,unverified
Aggregate Markets,broker,false,,stone,other,,Limestone #67,"other: crushed stone #67/#8/#89 (3/8-3/4"")",48.6,ton,68.04,48.6,not stated (marketplace; delivery quoted at checkout),not stated,https://aggregatemarkets.com/en/locations/texas/tarrant/fort-worth/products,2026-09-28,stone,,owner_csv,unverified
Aggregate Markets,broker,false,,stone,pea gravel,pea-gravel,"Pea Gravel 3/8""",pea gravel,55.35,ton,77.49,55.35,not stated (marketplace; delivery quoted at checkout),not stated,https://aggregatemarkets.com/en/locations/texas/tarrant/fort-worth/products,2026-09-28,stone,,owner_csv,unverified
Aggregate Markets,broker,false,,sand,other,,Limestone #10 (screenings),other: limestone screenings / stone dust,43.2,ton,58.32,43.2,not stated (marketplace; delivery quoted at checkout),not stated,https://aggregatemarkets.com/en/locations/texas/tarrant/fort-worth/products,2026-09-28,sand,,owner_csv,unverified
Aggregate Markets,broker,false,,stone,other,,Limestone #5,"other: crushed stone #4/#5/#53 (1-3"")",40.5,ton,56.7,40.5,not stated (marketplace; delivery quoted at checkout),not stated,https://aggregatemarkets.com/en/locations/texas/tarrant/fort-worth/products,2026-09-28,stone,,owner_csv,unverified
Aggregate Markets,broker,false,,stone,#57 limestone,57-limestone,Granite #57,#57 limestone,91.8,ton,128.52,91.8,not stated (marketplace; delivery quoted at checkout),not stated,https://aggregatemarkets.com/en/locations/texas/tarrant/fort-worth/products,2026-09-28,stone,,owner_csv,unverified
Aggregate Markets,broker,false,,stone,flex base,flex-base,Crusher Run,flex base,45.9,ton,64.26,45.9,not stated (marketplace; delivery quoted at checkout),not stated,https://aggregatemarkets.com/en/locations/texas/tarrant/fort-worth/products,2026-09-28,stone,,owner_csv,unverified
Aggregate Markets,broker,false,,stone,#57 limestone,57-limestone,"Limestone 3/4""",#57 limestone,52.65,ton,73.71,52.65,not stated (marketplace; delivery quoted at checkout),not stated,https://aggregatemarkets.com/en/locations/texas/tarrant/fort-worth/products,2026-09-28,stone,,owner_csv,unverified
Aggregate Markets,broker,false,,stone,#57 limestone,57-limestone,Limestone #57,#57 limestone,56.7,ton,79.38,56.7,not stated (marketplace; delivery quoted at checkout),not stated,https://aggregatemarkets.com/en/locations/texas/tarrant/fort-worth/products,2026-09-28,stone,,owner_csv,unverified
Aggregate Markets,broker,false,,stone,flex base,flex-base,Base Course,flex base,45.9,ton,64.26,45.9,not stated (marketplace; delivery quoted at checkout),not stated,https://aggregatemarkets.com/en/locations/texas/tarrant/fort-worth/products,2026-09-28,stone,,owner_csv,unverified
Aggregate Markets,broker,false,,stone,flex base,flex-base,"Flex Base 1""",flex base,47.25,ton,66.15,47.25,not stated (marketplace; delivery quoted at checkout),not stated,https://aggregatemarkets.com/en/locations/texas/tarrant/fort-worth/products,2026-09-28,stone,,owner_csv,unverified
Aggregate Markets,broker,false,,stone,river rock,river-rock,"Texas River Stone 1""",river rock,120.29,ton,168.41,120.29,not stated (marketplace; delivery quoted at checkout),not stated,https://aggregatemarkets.com/en/locations/texas/tarrant/fort-worth/products,2026-09-28,stone,,owner_csv,unverified
Aggregate Markets,broker,false,,stone,river rock,river-rock,"River Rock 1.5""",river rock,99.9,ton,139.86,99.9,not stated (marketplace; delivery quoted at checkout),not stated,https://aggregatemarkets.com/en/locations/texas/tarrant/fort-worth/products,2026-09-28,stone,,owner_csv,unverified
Aggregate Markets,broker,false,,stone,river rock,river-rock,"River Rock 1-3""",river rock,60.36,ton,84.5,60.36,not stated (marketplace; delivery quoted at checkout),not stated,https://aggregatemarkets.com/en/locations/texas/tarrant/fort-worth/products,2026-09-28,stone,,owner_csv,unverified
Aggregate Markets,broker,false,,stone,other,,Limestone #4,"other: crushed stone #4/#5/#53 (1-3"")",41.85,ton,58.59,41.85,not stated (marketplace; delivery quoted at checkout),not stated,https://aggregatemarkets.com/en/locations/texas/tarrant/fort-worth/products,2026-09-28,stone,,owner_csv,unverified
Aggregate Markets,broker,false,,stone,other,,Limestone #53,"other: crushed stone #4/#5/#53 (1-3"")",44.55,ton,62.37,44.55,not stated (marketplace; delivery quoted at checkout),not stated,https://aggregatemarkets.com/en/locations/texas/tarrant/fort-worth/products,2026-09-28,stone,,owner_csv,unverified
Aggregate Markets,broker,false,,stone,other,,Mexican Beach Pebbles,other: mexican beach pebble,850.5,ton,1190.7,850.5,not stated (marketplace; delivery quoted at checkout),not stated,https://aggregatemarkets.com/en/locations/texas/tarrant/fort-worth/products,2026-09-28,stone,,owner_csv,unverified
Aggregate Markets,broker,false,,stone,other,,Asphalt Millings,other: asphalt millings,91.8,ton,128.52,91.8,not stated (marketplace; delivery quoted at checkout),not stated,https://aggregatemarkets.com/en/locations/texas/tarrant/fort-worth/products,2026-09-28,stone,,owner_csv,unverified
Redhawk Earthworks,yard,false,,soil,select fill,select-fill,Common Fill,select fill,25,cubic yard,25,22.73,not stated,not stated,https://www.redhawkearthworks.com/copy-of-services,2026-09-28,soil,,owner_csv,spot-check
Redhawk Earthworks,yard,false,,stone,other,,Crushed Asphalt,other: asphalt millings,50,cubic yard,50,35.71,not stated,not stated,https://www.redhawkearthworks.com/copy-of-services,2026-09-28,stone,,owner_csv,unverified
Redhawk Earthworks,yard,false,,sand,select fill,select-fill,Cyclone Sand,select fill,50,cubic yard,50,37.04,not stated,not stated,https://www.redhawkearthworks.com/copy-of-services,2026-09-28,sand,,owner_csv,unverified
Redhawk Earthworks,yard,false,,soil,garden mix,garden-mix,Garden Mix,garden mix,60,cubic yard,60,54.55,not stated,not stated,https://www.redhawkearthworks.com/copy-of-services,2026-09-28,soil,,owner_csv,unverified
Redhawk Earthworks,yard,false,,stone,#57 limestone,57-limestone,"1"" Limestone",#57 limestone,85,cubic yard,85,60.71,not stated,not stated,https://www.redhawkearthworks.com/copy-of-services,2026-09-28,stone,,owner_csv,unverified
Redhawk Earthworks,yard,false,,stone,pea gravel,pea-gravel,"3/8"" Pea Gravel",pea gravel,70,cubic yard,70,50.0,not stated,not stated,https://www.redhawkearthworks.com/copy-of-services,2026-09-28,stone,,owner_csv,unverified
Redhawk Earthworks,yard,false,,stone,river rock,river-rock,"1"" River Rock",river rock,70,cubic yard,70,50.0,not stated,not stated,https://www.redhawkearthworks.com/copy-of-services,2026-09-28,stone,,owner_csv,unverified
Redhawk Earthworks,yard,false,,stone,flex base,flex-base,Roadbase,flex base,50,cubic yard,50,35.71,not stated,not stated,https://www.redhawkearthworks.com/copy-of-services,2026-09-28,stone,,owner_csv,unverified
Redhawk Earthworks,yard,false,,soil,sandy loam,sandy-loam,Screened Topsoil,sandy loam,45,cubic yard,45,40.91,not stated,not stated,https://www.redhawkearthworks.com/copy-of-services,2026-09-28,soil,,owner_csv,unverified
Trophy Trucking,yard,false,false,soil,select fill,select-fill,Select Fill,select fill,5,cubic yard,5,4.55,"not included; pit pickup price, hauling quoted separately",not stated,https://www.trophytrucking.com/material-facilities/,2026-09-28,soil,,owner_csv,spot-check
Trophy Trucking,yard,false,false,soil,select fill,select-fill,Common Fill,select fill,3.5,cubic yard,3.5,3.18,"not included; pit pickup price, hauling quoted separately",not stated,https://www.trophytrucking.com/material-facilities/,2026-09-28,soil,,owner_csv,unverified
Trophy Trucking,yard,false,false,sand,washed sand,washed-sand,Screened Sand,washed sand,7.5,cubic yard,7.5,5.56,"not included; pit pickup price, hauling quoted separately",not stated,https://www.trophytrucking.com/material-facilities/,2026-09-28,sand,,owner_csv,unverified
Trophy Trucking,yard,false,false,sand,select fill,select-fill,Cushion Sand,select fill,6,cubic yard,6,4.44,"not included; pit pickup price, hauling quoted separately",not stated,https://www.trophytrucking.com/material-facilities/,2026-09-28,sand,,owner_csv,unverified
Trophy Trucking,yard,false,false,soil,sandy loam,sandy-loam,Topsoil,sandy loam,10,cubic yard,10,9.09,"not included; pit pickup price, hauling quoted separately",not stated,https://www.trophytrucking.com/material-facilities/,2026-09-28,soil,,owner_csv,unverified
Trophy Trucking,yard,false,false,soil,sandy loam,sandy-loam,Screened Topsoil,sandy loam,15,cubic yard,15,13.64,"not included; pit pickup price, hauling quoted separately",not stated,https://www.trophytrucking.com/material-facilities/,2026-09-28,soil,,owner_csv,unverified
Luna Trucking,broker,false,true,soil,sandy loam,sandy-loam,Screened Topsoil,sandy loam,265,per truckload (size not stated),,,"included (delivered price, local Fort Worth area)",1 load,https://www.lunatruckingco.com/pricing,2026-09-28,soil,load size not published; per-yd/per-ton not computable,owner_csv,unverified
Luna Trucking,broker,false,true,soil,garden mix,garden-mix,Premium Soil Mix,garden mix,365,per truckload (size not stated),,,"included (delivered price, local Fort Worth area)",1 load,https://www.lunatruckingco.com/pricing,2026-09-28,soil,load size not published; per-yd/per-ton not computable,owner_csv,unverified
Luna Trucking,broker,false,true,soil,select fill,select-fill,Fill Dirt,select fill,165,per truckload (size not stated),,,"included (delivered price, local Fort Worth area)",1 load,https://www.lunatruckingco.com/pricing,2026-09-28,soil,load size not published; per-yd/per-ton not computable,owner_csv,unverified
Luna Trucking,broker,false,true,soil,select fill,select-fill,Select Fill,select fill,180,per truckload (size not stated),,,"included (delivered price, local Fort Worth area)",1 load,https://www.lunatruckingco.com/pricing,2026-09-28,soil,load size not published; per-yd/per-ton not computable,owner_csv,unverified
Luna Trucking,broker,false,true,sand,select fill,select-fill,Cushion Sand,select fill,175,per truckload (size not stated),,,"included (delivered price, local Fort Worth area)",1 load,https://www.lunatruckingco.com/pricing,2026-09-28,sand,load size not published; per-yd/per-ton not computable,owner_csv,unverified
Luna Trucking,broker,false,true,sand,select fill,select-fill,Screened Cushion Sand,select fill,190,per truckload (size not stated),,,"included (delivered price, local Fort Worth area)",1 load,https://www.lunatruckingco.com/pricing,2026-09-28,sand,load size not published; per-yd/per-ton not computable,owner_csv,unverified
Luna Trucking,broker,false,true,stone,flex base,flex-base,"1"" Gravel (crushed concrete)",flex base,290,per truckload (size not stated),,,"included (delivered price, local Fort Worth area)",1 load,https://www.lunatruckingco.com/pricing,2026-09-28,stone,load size not published; per-yd/per-ton not computable,owner_csv,unverified
Luna Trucking,broker,false,true,stone,flex base,flex-base,"1.5"" Gravel",flex base,265,per truckload (size not stated),,,"included (delivered price, local Fort Worth area)",1 load,https://www.lunatruckingco.com/pricing,2026-09-28,stone,load size not published; per-yd/per-ton not computable,owner_csv,unverified
Luna Trucking,broker,false,true,stone,pea gravel,pea-gravel,Pea Gravel,pea gravel,365,per truckload (size not stated),,,"included (delivered price, local Fort Worth area)",1 load,https://www.lunatruckingco.com/pricing,2026-09-28,stone,load size not published; per-yd/per-ton not computable,owner_csv,unverified
Luna Trucking,broker,false,true,stone,flex base,flex-base,Road Base,flex base,250,per truckload (size not stated),,,"included (delivered price, local Fort Worth area)",1 load,https://www.lunatruckingco.com/pricing,2026-09-28,stone,load size not published; per-yd/per-ton not computable,owner_csv,unverified
City of Denton – Dyno Dirt,yard,true,false,soil,compost,compost,Dyno Dirt (compost),compost,36.96,cubic yard,36.96,33.6,not included; pickup price (1-9 yd tier); delivery arranged separately,not stated,https://www.cityofdenton.com/181/Dyno-Dirt,2026-09-28,soil,"20% off 10+ yd, 30% off 100+ yd",owner_csv,unverified
City of Denton – Dyno Dirt,yard,true,false,soil,garden mix,garden-mix,Dyno Lite (soil blend),garden mix,36.96,cubic yard,36.96,33.6,not included; pickup price (1-9 yd tier); delivery arranged separately,not stated,https://www.cityofdenton.com/181/Dyno-Dirt,2026-09-28,soil,"20% off 10+ yd, 30% off 100+ yd",owner_csv,unverified
City of Denton – Dyno Dirt,yard,true,false,soil,sandy loam,sandy-loam,Dyno Soil,sandy loam,43.12,cubic yard,43.12,39.2,not included; pickup price (1-9 yd tier); delivery arranged separately,not stated,https://www.cityofdenton.com/181/Dyno-Dirt,2026-09-28,soil,"20% off 10+ yd, 30% off 100+ yd",owner_csv,unverified
City of Denton – Dyno Dirt,yard,true,false,mulch,native hardwood mulch,native-hardwood,Dyno Double Grind Mulch,native hardwood mulch,21.57,cubic yard,21.57,71.9,not included; pickup price (1-9 yd tier); delivery arranged separately,not stated,https://www.cityofdenton.com/181/Dyno-Dirt,2026-09-28,mulch,"20% off 10+ yd, 30% off 100+ yd",owner_csv,unverified
City of Denton – Dyno Dirt,yard,true,false,mulch,dyed mulch,dyed-red,Dyno Deco-Colored Mulch (dyed),dyed mulch,36.96,cubic yard,36.96,123.2,not included; pickup price (1-9 yd tier); delivery arranged separately,not stated,https://www.cityofdenton.com/181/Dyno-Dirt,2026-09-28,mulch,"20% off 10+ yd, 30% off 100+ yd",owner_csv,unverified
Milestone Trucks (online broker),broker,false,false,soil,garden mix,garden-mix,Garden Soil,garden mix,36.5,cubic yard,36.5,33.18,not included; delivery priced by distance,1 cubic yard,https://milestonetrucks.com/product/garden-soil-delivery-in-dallas-texas/,2026-09-28,soil,out-of-state online broker,owner_csv,unverified
Sod & Surplus Supply,yard,false,,soil,sandy loam,sandy-loam,Top Soil,sandy loam,45,cubic yard,45,40.91,not stated,not stated,https://www.sodandsurplussupply.com/sod-pricing,2026-09-28,soil,,owner_csv,unverified
Sod & Surplus Supply,yard,false,,mulch,dyed mulch,black-dyed,Black Mulch (dyed),dyed mulch,45,cubic yard,45,150.0,not stated,not stated,https://www.sodandsurplussupply.com/sod-pricing,2026-09-28,mulch,,owner_csv,unverified
Sod & Surplus Supply,yard,false,,mulch,native hardwood mulch,native-hardwood,Brown Mulch,native hardwood mulch,45,cubic yard,45,150.0,not stated,not stated,https://www.sodandsurplussupply.com/sod-pricing,2026-09-28,mulch,,owner_csv,unverified
Sod & Surplus Supply,yard,false,,stone,other,,Black Star,other: black star gravel,255,cubic yard,255,182.14,not stated,not stated,https://www.sodandsurplussupply.com/sod-pricing,2026-09-28,stone,,owner_csv,unverified
Sod & Surplus Supply,yard,false,,stone,#57 limestone,57-limestone,Limestone,#57 limestone,55,cubic yard,55,39.29,not stated,not stated,https://www.sodandsurplussupply.com/sod-pricing,2026-09-28,stone,,owner_csv,unverified
Amigos Compost,yard,false,,soil,garden mix,garden-mix,Garden Blend (bulk),garden mix,85,cubic yard,85,77.27,not stated,not stated,https://amigoscompost.com/shop-dallas/,2026-09-28,soil,,owner_csv,unverified
Hello Gravel,broker,false,true,stone,#57 limestone,57-limestone,#57 Crushed Stone,#57 limestone,103.69,ton,145.17,103.69,included (delivered 'starting at' price at full truckload),3 tons,https://hellogravel.com/products/?zip=75201,2026-09-28,stone,starting-at price for full truckload; smaller loads cost more per unit,owner_csv,unverified
Hello Gravel,broker,false,true,stone,other,,"1 1/2"" Crushed Gravel","other: crushed stone #4/#5/#53 (1-3"")",79.9,ton,111.86,79.9,included (delivered 'starting at' price at full truckload),3 tons,https://hellogravel.com/products/?zip=75201,2026-09-28,stone,starting-at price for full truckload; smaller loads cost more per unit,owner_csv,unverified
Hello Gravel,broker,false,true,stone,#57 limestone,57-limestone,"3/4"" Crushed Stone",#57 limestone,122.87,ton,172.02,122.87,included (delivered 'starting at' price at full truckload),3 tons,https://hellogravel.com/products/?zip=75201,2026-09-28,stone,starting-at price for full truckload; smaller loads cost more per unit,owner_csv,unverified
Hello Gravel,broker,false,true,stone,other,,"3/8"" Crushed Stone","other: crushed stone #67/#8/#89 (3/8-3/4"")",113.88,ton,159.43,113.88,included (delivered 'starting at' price at full truckload),3 tons,https://hellogravel.com/products/?zip=75201,2026-09-28,stone,starting-at price for full truckload; smaller loads cost more per unit,owner_csv,unverified
Hello Gravel,broker,false,true,stone,pea gravel,pea-gravel,"3/8"" Natural Pea Gravel",pea gravel,112.97,ton,158.16,112.97,included (delivered 'starting at' price at full truckload),3 tons,https://hellogravel.com/products/?zip=75201,2026-09-28,stone,starting-at price for full truckload; smaller loads cost more per unit,owner_csv,unverified
Hello Gravel,broker,false,true,soil,garden mix,garden-mix,Compost Soil,garden mix,113.55,cubic yard,113.55,103.23,included (delivered 'starting at' price at full truckload),3 tons,https://hellogravel.com/products/?zip=75201,2026-09-28,soil,starting-at price for full truckload; smaller loads cost more per unit,owner_csv,unverified
Hello Gravel,broker,false,true,stone,flex base,flex-base,Crushed Concrete,flex base,127.29,ton,178.21,127.29,included (delivered 'starting at' price at full truckload),3 tons,https://hellogravel.com/products/?zip=75201,2026-09-28,stone,starting-at price for full truckload; smaller loads cost more per unit,owner_csv,unverified
Hello Gravel,broker,false,true,stone,decomposed granite,decomposed-granite,Decomposed Granite,decomposed granite,121.92,ton,170.69,121.92,included (delivered 'starting at' price at full truckload),3 tons,https://hellogravel.com/products/?zip=75201,2026-09-28,stone,starting-at price for full truckload; smaller loads cost more per unit,owner_csv,unverified
Hello Gravel,broker,false,true,stone,other,,Drain Rock,"other: crushed stone #67/#8/#89 (3/8-3/4"")",127.46,ton,178.44,127.46,included (delivered 'starting at' price at full truckload),3 tons,https://hellogravel.com/products/?zip=75201,2026-09-28,stone,starting-at price for full truckload; smaller loads cost more per unit,owner_csv,unverified
Hello Gravel,broker,false,true,stone,other,,Driveway Gravel,other: crushed driveway / walkway gravel,140.69,ton,196.97,140.69,included (delivered 'starting at' price at full truckload),3 tons,https://hellogravel.com/products/?zip=75201,2026-09-28,stone,starting-at price for full truckload; smaller loads cost more per unit,owner_csv,unverified
Hello Gravel,broker,false,true,soil,select fill,select-fill,Fill Dirt,select fill,56.01,ton,61.61,56.01,included (delivered 'starting at' price at full truckload),3 tons,https://hellogravel.com/products/?zip=75201,2026-09-28,soil,starting-at price for full truckload; smaller loads cost more per unit,owner_csv,unverified
Hello Gravel,broker,false,true,soil,garden mix,garden-mix,Garden Soil,garden mix,96.38,ton,106.02,96.38,included (delivered 'starting at' price at full truckload),3 tons,https://hellogravel.com/products/?zip=75201,2026-09-28,soil,starting-at price for full truckload; smaller loads cost more per unit,owner_csv,unverified
Hello Gravel,broker,false,true,sand,mason sand,mason-sand,Mason Sand,mason sand,96.64,ton,130.46,96.64,included (delivered 'starting at' price at full truckload),3 tons,https://hellogravel.com/products/?zip=75201,2026-09-28,sand,starting-at price for full truckload; smaller loads cost more per unit,owner_csv,unverified
Hello Gravel,broker,false,true,stone,river rock,river-rock,River Rock,river rock,293.83,ton,411.36,293.83,included (delivered 'starting at' price at full truckload),3 tons,https://hellogravel.com/products/?zip=75201,2026-09-28,stone,starting-at price for full truckload; smaller loads cost more per unit,owner_csv,unverified
Hello Gravel,broker,false,true,stone,flex base,flex-base,Road Base,flex base,106.46,ton,149.04,106.46,included (delivered 'starting at' price at full truckload),3 tons,https://hellogravel.com/products/?zip=75201,2026-09-28,stone,starting-at price for full truckload; smaller loads cost more per unit,owner_csv,unverified
Hello Gravel,broker,false,true,mulch,dyed mulch,black-dyed,Shredded Black Mulch,dyed mulch,153.71,cubic yard,153.71,512.37,included (delivered 'starting at' price at full truckload),3 tons,https://hellogravel.com/products/?zip=75201,2026-09-28,mulch,starting-at price for full truckload; smaller loads cost more per unit,owner_csv,unverified
Hello Gravel,broker,false,true,mulch,dyed mulch,dyed-red,Shredded Red Mulch,dyed mulch,136.55,cubic yard,136.55,455.17,included (delivered 'starting at' price at full truckload),3 tons,https://hellogravel.com/products/?zip=75201,2026-09-28,mulch,starting-at price for full truckload; smaller loads cost more per unit,owner_csv,unverified
Hello Gravel,broker,false,true,soil,sandy loam,sandy-loam,Topsoil,sandy loam,90.06,ton,99.07,90.06,included (delivered 'starting at' price at full truckload),3 tons,https://hellogravel.com/products/?zip=75201,2026-09-28,soil,starting-at price for full truckload; smaller loads cost more per unit,owner_csv,unverified
Hello Gravel,broker,false,true,stone,other,,Walkway Gravel,other: crushed driveway / walkway gravel,113.88,ton,159.43,113.88,included (delivered 'starting at' price at full truckload),3 tons,https://hellogravel.com/products/?zip=75201,2026-09-28,stone,starting-at price for full truckload; smaller loads cost more per unit,owner_csv,unverified
Hello Gravel,broker,false,true,stone,other,,#89 Crushed Stone,"other: crushed stone #67/#8/#89 (3/8-3/4"")",69.51,ton,97.31,69.51,included (delivered 'starting at' price at full truckload),3 tons,https://hellogravel.com/products/?zip=75201,2026-09-28,stone,starting-at price for full truckload; smaller loads cost more per unit,owner_csv,unverified
Hello Gravel,broker,false,true,stone,other,rip-rap,"Riprap Medium (12-24"")",other: rip rap / boulders,78.43,ton,109.8,78.43,included (delivered 'starting at' price at full truckload),3 tons,https://hellogravel.com/products/?zip=75201,2026-09-28,stone,starting-at price for full truckload; smaller loads cost more per unit,owner_csv,unverified
Hello Gravel,broker,false,true,sand,washed sand,play-sand,Playground Sand,washed sand,94.74,ton,127.9,94.74,included (delivered 'starting at' price at full truckload),3 tons,https://hellogravel.com/products/?zip=75201,2026-09-28,sand,starting-at price for full truckload; smaller loads cost more per unit,owner_csv,unverified
Hello Gravel,broker,false,true,stone,other,,#4 Crushed Stone,"other: crushed stone #4/#5/#53 (1-3"")",85.56,ton,119.78,85.56,included (delivered 'starting at' price at full truckload),3 tons,https://hellogravel.com/products/?zip=75201,2026-09-28,stone,starting-at price for full truckload; smaller loads cost more per unit,owner_csv,unverified
Hello Gravel,broker,false,true,sand,select fill,select-fill,Fill Sand,select fill,54.91,ton,74.13,54.91,included (delivered 'starting at' price at full truckload),3 tons,https://hellogravel.com/products/?zip=75201,2026-09-28,sand,starting-at price for full truckload; smaller loads cost more per unit,owner_csv,unverified
Hello Gravel,broker,false,true,sand,washed sand,concrete-sand,Concrete Sand,washed sand,76.63,ton,103.45,76.63,included (delivered 'starting at' price at full truckload),3 tons,https://hellogravel.com/products/?zip=75201,2026-09-28,sand,starting-at price for full truckload; smaller loads cost more per unit,owner_csv,unverified
Hello Gravel,broker,false,true,mulch,other,playground-mulch,Wood Chips,other: playground mulch / wood chips,201.49,cubic yard,201.49,671.63,included (delivered 'starting at' price at full truckload),3 tons,https://hellogravel.com/products/?zip=75201,2026-09-28,mulch,starting-at price for full truckload; smaller loads cost more per unit,owner_csv,unverified
Hello Gravel,broker,false,true,stone,other,rip-rap,Railroad Ballast,other: rip rap / boulders,150.99,ton,211.39,150.99,included (delivered 'starting at' price at full truckload),3 tons,https://hellogravel.com/products/?zip=75201,2026-09-28,stone,starting-at price for full truckload; smaller loads cost more per unit,owner_csv,unverified
Hello Gravel,broker,false,true,stone,other,,#67 Stone,"other: crushed stone #67/#8/#89 (3/8-3/4"")",71.17,ton,99.64,71.17,included (delivered 'starting at' price at full truckload),3 tons,https://hellogravel.com/products/?zip=75201,2026-09-28,stone,starting-at price for full truckload; smaller loads cost more per unit,owner_csv,unverified
Hello Gravel,broker,false,true,stone,other,,Asphalt Millings,other: asphalt millings,52.94,ton,74.12,52.94,included (delivered 'starting at' price at full truckload),3 tons,https://hellogravel.com/products/?zip=75201,2026-09-28,stone,starting-at price for full truckload; smaller loads cost more per unit,owner_csv,unverified
Hello Gravel,broker,false,true,sand,other,,Stone Dust (Screenings),other: limestone screenings / stone dust,62.56,ton,84.46,62.56,included (delivered 'starting at' price at full truckload),3 tons,https://hellogravel.com/products/?zip=75201,2026-09-28,sand,starting-at price for full truckload; smaller loads cost more per unit,owner_csv,unverified
Hello Gravel,broker,false,true,mulch,native hardwood mulch,native-hardwood,Shredded Hardwood Mulch,native hardwood mulch,153.71,cubic yard,153.71,512.37,included (delivered 'starting at' price at full truckload),3 tons,https://hellogravel.com/products/?zip=75201,2026-09-28,mulch,starting-at price for full truckload; smaller loads cost more per unit,owner_csv,unverified
Gravelshop,broker,false,true,stone,flex base,flex-base,21AA Limestone (1 1/2 inch minus),flex base,44.82,ton,62.75,44.82,included (delivered 'from' price to ZIP; quantity-dependent),not stated (quantity tiers at checkout),https://www.gravelshop.com/texas-34/dallas-county-2560/75201-dallas/,2026-09-28,stone,'from' price = lowest quantity tier,owner_csv,unverified
Gravelshop,broker,false,true,stone,flex base,flex-base,Baserock Limestone (2 inch minus),flex base,44.82,ton,62.75,44.82,included (delivered 'from' price to ZIP; quantity-dependent),not stated (quantity tiers at checkout),https://www.gravelshop.com/texas-34/dallas-county-2560/75201-dallas/,2026-09-28,stone,'from' price = lowest quantity tier,owner_csv,unverified
Gravelshop,broker,false,true,sand,other,,Crusher Fines (3/8 inch minus stone screenings),other: limestone screenings / stone dust,52.08,ton,70.31,52.08,included (delivered 'from' price to ZIP; quantity-dependent),not stated (quantity tiers at checkout),https://www.gravelshop.com/texas-34/dallas-county-2560/75201-dallas/,2026-09-28,sand,'from' price = lowest quantity tier,owner_csv,unverified
Gravelshop,broker,false,true,stone,flex base,flex-base,Crusher Run (2 inch minus),flex base,54.63,ton,76.48,54.63,included (delivered 'from' price to ZIP; quantity-dependent),not stated (quantity tiers at checkout),https://www.gravelshop.com/texas-34/dallas-county-2560/75201-dallas/,2026-09-28,stone,'from' price = lowest quantity tier,owner_csv,unverified
Gravelshop,broker,false,true,sand,select fill,select-fill,Fill Sand,select fill,63.44,ton,85.64,63.44,included (delivered 'from' price to ZIP; quantity-dependent),not stated (quantity tiers at checkout),https://www.gravelshop.com/texas-34/dallas-county-2560/75201-dallas/,2026-09-28,sand,'from' price = lowest quantity tier,owner_csv,unverified
Gravelshop,broker,false,true,stone,flex base,flex-base,Flexbase (1 1/2 inch minus),flex base,54.63,ton,76.48,54.63,included (delivered 'from' price to ZIP; quantity-dependent),not stated (quantity tiers at checkout),https://www.gravelshop.com/texas-34/dallas-county-2560/75201-dallas/,2026-09-28,stone,'from' price = lowest quantity tier,owner_csv,unverified
Gravelshop,broker,false,true,sand,washed sand,play-sand,Play Sand,washed sand,105.88,cubic yard,105.88,78.43,included (delivered 'from' price to ZIP; quantity-dependent),not stated (quantity tiers at checkout),https://www.gravelshop.com/texas-34/dallas-county-2560/75201-dallas/,2026-09-28,sand,'from' price = lowest quantity tier,owner_csv,unverified
Gravelshop,broker,false,true,stone,other,,Black Star Basalt Rock (5/8 inch),other: black star gravel,366.25,cubic yard,366.25,261.61,included (delivered 'from' price to ZIP; quantity-dependent),not stated (quantity tiers at checkout),https://www.gravelshop.com/texas-34/dallas-county-2560/75201-dallas/,2026-09-28,stone,'from' price = lowest quantity tier,owner_csv,unverified
Gravelshop,broker,false,true,stone,other,,Crushed Marble (1 - 2 inch),other: marble chips,584.25,cubic yard,584.25,417.32,included (delivered 'from' price to ZIP; quantity-dependent),not stated (quantity tiers at checkout),https://www.gravelshop.com/texas-34/dallas-county-2560/75201-dallas/,2026-09-28,stone,'from' price = lowest quantity tier,owner_csv,unverified
Gravelshop,broker,false,true,stone,other,,Red Lava Rock (1 - 1 1/2 inch),other: lava rock,310.0,cubic yard,310.0,221.43,included (delivered 'from' price to ZIP; quantity-dependent),not stated (quantity tiers at checkout),https://www.gravelshop.com/texas-34/dallas-county-2560/75201-dallas/,2026-09-28,stone,'from' price = lowest quantity tier,owner_csv,unverified
Gravelshop,broker,false,true,stone,other,,White Marble Chips (1 inch),other: marble chips,584.25,cubic yard,584.25,417.32,included (delivered 'from' price to ZIP; quantity-dependent),not stated (quantity tiers at checkout),https://www.gravelshop.com/texas-34/dallas-county-2560/75201-dallas/,2026-09-28,stone,'from' price = lowest quantity tier,owner_csv,unverified
Gravelshop,broker,false,true,stone,#57 limestone,57-limestone,#57 Pink/Tan Granite Gravel (1/2 - 1 inch),#57 limestone,189.47,cubic yard,189.47,135.34,included (delivered 'from' price to ZIP; quantity-dependent),not stated (quantity tiers at checkout),https://www.gravelshop.com/texas-34/dallas-county-2560/75201-dallas/,2026-09-28,stone,'from' price = lowest quantity tier,owner_csv,unverified
Gravelshop,broker,false,true,stone,other,,#3 Limestone (2 - 3 inch),"other: crushed stone #4/#5/#53 (1-3"")",83.19,ton,116.47,83.19,included (delivered 'from' price to ZIP; quantity-dependent),not stated (quantity tiers at checkout),https://www.gravelshop.com/texas-34/dallas-county-2560/75201-dallas/,2026-09-28,stone,'from' price = lowest quantity tier,owner_csv,unverified
Gravelshop,broker,false,true,stone,other,,#4 Limestone (1 1/2 - 2 1/2 inch),"other: crushed stone #4/#5/#53 (1-3"")",83.19,ton,116.47,83.19,included (delivered 'from' price to ZIP; quantity-dependent),not stated (quantity tiers at checkout),https://www.gravelshop.com/texas-34/dallas-county-2560/75201-dallas/,2026-09-28,stone,'from' price = lowest quantity tier,owner_csv,unverified
Gravelshop,broker,false,true,stone,other,,#5 Limestone Gravel (1 inch),"other: crushed stone #4/#5/#53 (1-3"")",105.11,cubic yard,105.11,75.08,included (delivered 'from' price to ZIP; quantity-dependent),not stated (quantity tiers at checkout),https://www.gravelshop.com/texas-34/dallas-county-2560/75201-dallas/,2026-09-28,stone,'from' price = lowest quantity tier,owner_csv,unverified
Gravelshop,broker,false,true,stone,#57 limestone,57-limestone,#57 Commercial Limestone Gravel (3/4 inch),#57 limestone,99.61,ton,139.45,99.61,included (delivered 'from' price to ZIP; quantity-dependent),not stated (quantity tiers at checkout),https://www.gravelshop.com/texas-34/dallas-county-2560/75201-dallas/,2026-09-28,stone,'from' price = lowest quantity tier,owner_csv,unverified
Gravelshop,broker,false,true,stone,#57 limestone,57-limestone,#57 Limestone Gravel (1/2 - 1 inch),#57 limestone,105.11,cubic yard,105.11,75.08,included (delivered 'from' price to ZIP; quantity-dependent),not stated (quantity tiers at checkout),https://www.gravelshop.com/texas-34/dallas-county-2560/75201-dallas/,2026-09-28,stone,'from' price = lowest quantity tier,owner_csv,unverified
Gravelshop,broker,false,true,stone,other,,#67 Limestone Gravel (3/4 inch),"other: crushed stone #67/#8/#89 (3/8-3/4"")",68.96,ton,96.54,68.96,included (delivered 'from' price to ZIP; quantity-dependent),not stated (quantity tiers at checkout),https://www.gravelshop.com/texas-34/dallas-county-2560/75201-dallas/,2026-09-28,stone,'from' price = lowest quantity tier,owner_csv,unverified
Gravelshop,broker,false,true,stone,pea gravel,pea-gravel,#8 Limestone Pea Gravel (3/8 inch),pea gravel,99.61,ton,139.45,99.61,included (delivered 'from' price to ZIP; quantity-dependent),not stated (quantity tiers at checkout),https://www.gravelshop.com/texas-34/dallas-county-2560/75201-dallas/,2026-09-28,stone,'from' price = lowest quantity tier,owner_csv,unverified
Gravelshop,broker,false,true,stone,pea gravel,pea-gravel,#89 Limestone Pea Gravel (3/8 inch),pea gravel,99.61,ton,139.45,99.61,included (delivered 'from' price to ZIP; quantity-dependent),not stated (quantity tiers at checkout),https://www.gravelshop.com/texas-34/dallas-county-2560/75201-dallas/,2026-09-28,stone,'from' price = lowest quantity tier,owner_csv,unverified
Gravelshop,broker,false,true,stone,#57 limestone,57-limestone,Driveway Gravel #57 Gray (3/4 inch),#57 limestone,84.54,ton,118.36,84.54,included (delivered 'from' price to ZIP; quantity-dependent),not stated (quantity tiers at checkout),https://www.gravelshop.com/texas-34/dallas-county-2560/75201-dallas/,2026-09-28,stone,'from' price = lowest quantity tier,owner_csv,unverified
Gravelshop,broker,false,true,stone,#57 limestone,57-limestone,Limestone (1 1/2 inch),#57 limestone,83.19,ton,116.47,83.19,included (delivered 'from' price to ZIP; quantity-dependent),not stated (quantity tiers at checkout),https://www.gravelshop.com/texas-34/dallas-county-2560/75201-dallas/,2026-09-28,stone,'from' price = lowest quantity tier,owner_csv,unverified
Gravelshop,broker,false,true,stone,#57 limestone,57-limestone,#57 Limestone Gravel Gray (1/2 - 1 inch),#57 limestone,84.54,ton,118.36,84.54,included (delivered 'from' price to ZIP; quantity-dependent),not stated (quantity tiers at checkout),https://www.gravelshop.com/texas-34/dallas-county-2560/75201-dallas/,2026-09-28,stone,'from' price = lowest quantity tier,owner_csv,unverified
Gravelshop,broker,false,true,stone,other,,#89 Limestone Gray (3/8 inch),"other: crushed stone #67/#8/#89 (3/8-3/4"")",72.63,ton,101.68,72.63,included (delivered 'from' price to ZIP; quantity-dependent),not stated (quantity tiers at checkout),https://www.gravelshop.com/texas-34/dallas-county-2560/75201-dallas/,2026-09-28,stone,'from' price = lowest quantity tier,owner_csv,unverified
Gravelshop,broker,false,true,mulch,dyed mulch,black-dyed,Black Mulch,dyed mulch,62.87,cubic yard,62.87,209.57,included (delivered 'from' price to ZIP; quantity-dependent),not stated (quantity tiers at checkout),https://www.gravelshop.com/texas-34/dallas-county-2560/75201-dallas/,2026-09-28,mulch,'from' price = lowest quantity tier,owner_csv,unverified
Gravelshop,broker,false,true,mulch,native hardwood mulch,native-hardwood,Brown Mulch,native hardwood mulch,62.87,cubic yard,62.87,209.57,included (delivered 'from' price to ZIP; quantity-dependent),not stated (quantity tiers at checkout),https://www.gravelshop.com/texas-34/dallas-county-2560/75201-dallas/,2026-09-28,mulch,'from' price = lowest quantity tier,owner_csv,unverified
Gravelshop,broker,false,true,mulch,cedar mulch,cedar,Cedar Mulch,cedar mulch,78.3,cubic yard,78.3,261.0,included (delivered 'from' price to ZIP; quantity-dependent),not stated (quantity tiers at checkout),https://www.gravelshop.com/texas-34/dallas-county-2560/75201-dallas/,2026-09-28,mulch,'from' price = lowest quantity tier,owner_csv,unverified
Gravelshop,broker,false,true,mulch,other,pine-bark,Pine Bark,other: pine bark mulch,78.3,cubic yard,78.3,261.0,included (delivered 'from' price to ZIP; quantity-dependent),not stated (quantity tiers at checkout),https://www.gravelshop.com/texas-34/dallas-county-2560/75201-dallas/,2026-09-28,mulch,'from' price = lowest quantity tier,owner_csv,unverified
Gravelshop,broker,false,true,mulch,other,playground-mulch,Playground Mulch,other: playground mulch / wood chips,78.3,cubic yard,78.3,261.0,included (delivered 'from' price to ZIP; quantity-dependent),not stated (quantity tiers at checkout),https://www.gravelshop.com/texas-34/dallas-county-2560/75201-dallas/,2026-09-28,mulch,'from' price = lowest quantity tier,owner_csv,unverified
Gravelshop,broker,false,true,mulch,dyed mulch,dyed-red,Red Mulch,dyed mulch,62.87,cubic yard,62.87,209.57,included (delivered 'from' price to ZIP; quantity-dependent),not stated (quantity tiers at checkout),https://www.gravelshop.com/texas-34/dallas-county-2560/75201-dallas/,2026-09-28,mulch,'from' price = lowest quantity tier,owner_csv,unverified
Gravelshop,broker,false,true,stone,flex base,flex-base,#57 Rock Recycled Concrete (1 inch),flex base,63.3,cubic yard,63.3,45.21,included (delivered 'from' price to ZIP; quantity-dependent),not stated (quantity tiers at checkout),https://www.gravelshop.com/texas-34/dallas-county-2560/75201-dallas/,2026-09-28,stone,'from' price = lowest quantity tier,owner_csv,unverified
Gravelshop,broker,false,true,stone,flex base,flex-base,Crushed Concrete Road Base (1 1/2 inch minus),flex base,141.13,cubic yard,141.13,100.81,included (delivered 'from' price to ZIP; quantity-dependent),not stated (quantity tiers at checkout),https://www.gravelshop.com/texas-34/dallas-county-2560/75201-dallas/,2026-09-28,stone,'from' price = lowest quantity tier,owner_csv,unverified
Gravelshop,broker,false,true,stone,other,,Asphalt Millings,other: asphalt millings,77.0,cubic yard,77.0,55.0,included (delivered 'from' price to ZIP; quantity-dependent),not stated (quantity tiers at checkout),https://www.gravelshop.com/texas-34/dallas-county-2560/75201-dallas/,2026-09-28,stone,'from' price = lowest quantity tier,owner_csv,unverified
Gravelshop,broker,false,true,stone,flex base,flex-base,Recycled Concrete Rock (1 - 3 inch),flex base,56.96,ton,79.74,56.96,included (delivered 'from' price to ZIP; quantity-dependent),not stated (quantity tiers at checkout),https://www.gravelshop.com/texas-34/dallas-county-2560/75201-dallas/,2026-09-28,stone,'from' price = lowest quantity tier,owner_csv,unverified
Gravelshop,broker,false,true,stone,river rock,river-rock,#57 Multi Colored River Gravel (1/2 - 1 inch),river rock,61.46,ton,86.04,61.46,included (delivered 'from' price to ZIP; quantity-dependent),not stated (quantity tiers at checkout),https://www.gravelshop.com/texas-34/dallas-county-2560/75201-dallas/,2026-09-28,stone,'from' price = lowest quantity tier,owner_csv,unverified
Gravelshop,broker,false,true,stone,pea gravel,pea-gravel,Brown Pea Gravel (3/8 inch),pea gravel,140.8,cubic yard,140.8,100.57,included (delivered 'from' price to ZIP; quantity-dependent),not stated (quantity tiers at checkout),https://www.gravelshop.com/texas-34/dallas-county-2560/75201-dallas/,2026-09-28,stone,'from' price = lowest quantity tier,owner_csv,unverified
Gravelshop,broker,false,true,stone,river rock,river-rock,Brown River Gravel (1 1/2 inch),river rock,140.1,cubic yard,140.1,100.07,included (delivered 'from' price to ZIP; quantity-dependent),not stated (quantity tiers at checkout),https://www.gravelshop.com/texas-34/dallas-county-2560/75201-dallas/,2026-09-28,stone,'from' price = lowest quantity tier,owner_csv,unverified
Gravelshop,broker,false,true,stone,pea gravel,pea-gravel,Multi Colored Pea Gravel (3/8 inch),pea gravel,162.25,cubic yard,162.25,115.89,included (delivered 'from' price to ZIP; quantity-dependent),not stated (quantity tiers at checkout),https://www.gravelshop.com/texas-34/dallas-county-2560/75201-dallas/,2026-09-28,stone,'from' price = lowest quantity tier,owner_csv,unverified
Gravelshop,broker,false,true,stone,river rock,river-rock,Multi Colored River Gravel (1 - 3 inch),river rock,485.75,cubic yard,485.75,346.96,included (delivered 'from' price to ZIP; quantity-dependent),not stated (quantity tiers at checkout),https://www.gravelshop.com/texas-34/dallas-county-2560/75201-dallas/,2026-09-28,stone,'from' price = lowest quantity tier,owner_csv,unverified
Gravelshop,broker,false,true,stone,river rock,river-rock,Multi Colored River Rock (1 1/2 inch),river rock,448.9,cubic yard,448.9,320.64,included (delivered 'from' price to ZIP; quantity-dependent),not stated (quantity tiers at checkout),https://www.gravelshop.com/texas-34/dallas-county-2560/75201-dallas/,2026-09-28,stone,'from' price = lowest quantity tier,owner_csv,unverified
Gravelshop,broker,false,true,stone,river rock,river-rock,Multi Colored River Rock (3 - 5 inch),river rock,338.13,cubic yard,338.13,241.52,included (delivered 'from' price to ZIP; quantity-dependent),not stated (quantity tiers at checkout),https://www.gravelshop.com/texas-34/dallas-county-2560/75201-dallas/,2026-09-28,stone,'from' price = lowest quantity tier,owner_csv,unverified
Gravelshop,broker,false,true,sand,select fill,bank-sand,Bank Sand,select fill,97.25,cubic yard,97.25,72.04,included (delivered 'from' price to ZIP; quantity-dependent),not stated (quantity tiers at checkout),https://www.gravelshop.com/texas-34/dallas-county-2560/75201-dallas/,2026-09-28,sand,'from' price = lowest quantity tier,owner_csv,unverified
Gravelshop,broker,false,true,sand,washed sand,concrete-sand,Concrete Sand,washed sand,61.92,ton,83.59,61.92,included (delivered 'from' price to ZIP; quantity-dependent),not stated (quantity tiers at checkout),https://www.gravelshop.com/texas-34/dallas-county-2560/75201-dallas/,2026-09-28,sand,'from' price = lowest quantity tier,owner_csv,unverified
Gravelshop,broker,false,true,sand,select fill,select-fill,Cushion Sand,select fill,84.88,cubic yard,84.88,62.87,included (delivered 'from' price to ZIP; quantity-dependent),not stated (quantity tiers at checkout),https://www.gravelshop.com/texas-34/dallas-county-2560/75201-dallas/,2026-09-28,sand,'from' price = lowest quantity tier,owner_csv,unverified
Gravelshop,broker,false,true,stone,decomposed granite,decomposed-granite,Decomposed Granite (1/2 inch minus),decomposed granite,176.25,cubic yard,176.25,125.89,included (delivered 'from' price to ZIP; quantity-dependent),not stated (quantity tiers at checkout),https://www.gravelshop.com/texas-34/dallas-county-2560/75201-dallas/,2026-09-28,stone,'from' price = lowest quantity tier,owner_csv,unverified
Gravelshop,broker,false,true,sand,mason sand,mason-sand,Mason Sand,mason sand,105.88,cubic yard,105.88,78.43,included (delivered 'from' price to ZIP; quantity-dependent),not stated (quantity tiers at checkout),https://www.gravelshop.com/texas-34/dallas-county-2560/75201-dallas/,2026-09-28,sand,'from' price = lowest quantity tier,owner_csv,spot-check
Gravelshop,broker,false,true,sand,washed sand,washed-sand,Paver Sand,washed sand,61.92,ton,83.59,61.92,included (delivered 'from' price to ZIP; quantity-dependent),not stated (quantity tiers at checkout),https://www.gravelshop.com/texas-34/dallas-county-2560/75201-dallas/,2026-09-28,sand,'from' price = lowest quantity tier,owner_csv,unverified
Gravelshop,broker,false,true,sand,select fill,select-fill,Unclassified Sand,select fill,55.89,ton,75.45,55.89,included (delivered 'from' price to ZIP; quantity-dependent),not stated (quantity tiers at checkout),https://www.gravelshop.com/texas-34/dallas-county-2560/75201-dallas/,2026-09-28,sand,'from' price = lowest quantity tier,owner_csv,unverified
Gravelshop,broker,false,true,soil,compost,compost,Compost,compost,78.92,cubic yard,78.92,71.75,included (delivered 'from' price to ZIP; quantity-dependent),not stated (quantity tiers at checkout),https://www.gravelshop.com/texas-34/dallas-county-2560/75201-dallas/,2026-09-28,soil,'from' price = lowest quantity tier,owner_csv,unverified
Gravelshop,broker,false,true,soil,select fill,select-fill,Fill Dirt,select fill,38.72,cubic yard,38.72,35.2,included (delivered 'from' price to ZIP; quantity-dependent),not stated (quantity tiers at checkout),https://www.gravelshop.com/texas-34/dallas-county-2560/75201-dallas/,2026-09-28,soil,'from' price = lowest quantity tier,owner_csv,unverified
Gravelshop,broker,false,true,soil,garden mix,garden-mix,Garden Mix,garden mix,104.22,cubic yard,104.22,94.75,included (delivered 'from' price to ZIP; quantity-dependent),not stated (quantity tiers at checkout),https://www.gravelshop.com/texas-34/dallas-county-2560/75201-dallas/,2026-09-28,soil,'from' price = lowest quantity tier,owner_csv,unverified
Gravelshop,broker,false,true,soil,compost,compost,Organic Compost,compost,67.87,cubic yard,67.87,61.7,included (delivered 'from' price to ZIP; quantity-dependent),not stated (quantity tiers at checkout),https://www.gravelshop.com/texas-34/dallas-county-2560/75201-dallas/,2026-09-28,soil,'from' price = lowest quantity tier,owner_csv,unverified
Gravelshop,broker,false,true,soil,sandy loam,sandy-loam,Sandy Loam,sandy loam,105.88,cubic yard,105.88,96.25,included (delivered 'from' price to ZIP; quantity-dependent),not stated (quantity tiers at checkout),https://www.gravelshop.com/texas-34/dallas-county-2560/75201-dallas/,2026-09-28,soil,'from' price = lowest quantity tier,owner_csv,unverified
Gravelshop,broker,false,true,soil,select fill,select-fill,Select Fill,select fill,38.72,cubic yard,38.72,35.2,included (delivered 'from' price to ZIP; quantity-dependent),not stated (quantity tiers at checkout),https://www.gravelshop.com/texas-34/dallas-county-2560/75201-dallas/,2026-09-28,soil,'from' price = lowest quantity tier,owner_csv,unverified
Gravelshop,broker,false,true,soil,garden mix,garden-mix,Soil Compost Mix,garden mix,104.22,cubic yard,104.22,94.75,included (delivered 'from' price to ZIP; quantity-dependent),not stated (quantity tiers at checkout),https://www.gravelshop.com/texas-34/dallas-county-2560/75201-dallas/,2026-09-28,soil,'from' price = lowest quantity tier,owner_csv,unverified
Gravelshop,broker,false,true,soil,sandy loam,sandy-loam,Topsoil,sandy loam,80.89,cubic yard,80.89,73.54,included (delivered 'from' price to ZIP; quantity-dependent),not stated (quantity tiers at checkout),https://www.gravelshop.com/texas-34/dallas-county-2560/75201-dallas/,2026-09-28,soil,'from' price = lowest quantity tier,owner_csv,unverified
Gravelshop,broker,false,true,soil,sandy loam,sandy-loam,Unscreened Topsoil,sandy loam,63.44,ton,69.78,63.44,included (delivered 'from' price to ZIP; quantity-dependent),not stated (quantity tiers at checkout),https://www.gravelshop.com/texas-34/dallas-county-2560/75201-dallas/,2026-09-28,soil,'from' price = lowest quantity tier,owner_csv,unverified
Outdoor Warehouse Supply,yard,false,false,stone,river rock,,Arizona Cobble – Large,river rock,335.0,cubic yard,335.0,239.29,not included; delivery minimum varies by distance/product,varies (see Shipping & Delivery page),https://www.outdoorwarehousesupply.com/product/arizona-river-rock/,2026-09-28,stone,priced by the cubic yard (approx. 1.25 tons/yd for rock per site),owner_csv,unverified
Outdoor Warehouse Supply,yard,false,false,stone,river rock,,Arizona Cobble – Small,river rock,335.0,cubic yard,335.0,239.29,not included; delivery minimum varies by distance/product,varies (see Shipping & Delivery page),https://www.outdoorwarehousesupply.com/river-rock-sand-gravel-dallas/,2026-09-28,stone,priced by the cubic yard (approx. 1.25 tons/yd for rock per site),owner_csv,unverified
Outdoor Warehouse Supply,yard,false,false,stone,river rock,river-rock,Austin River Rock,river rock,205.0,cubic yard,205.0,146.43,not included; delivery minimum varies by distance/product,varies (see Shipping & Delivery page),https://www.outdoorwarehousesupply.com/river-rock-sand-gravel-dallas/,2026-09-28,stone,priced by the cubic yard (approx. 1.25 tons/yd for rock per site),owner_csv,unverified
Outdoor Warehouse Supply,yard,false,false,stone,decomposed granite,decomposed-granite,Black Decomposed Granite,decomposed granite,215.0,cubic yard,215.0,153.57,not included; delivery minimum varies by distance/product,varies (see Shipping & Delivery page),https://www.outdoorwarehousesupply.com/river-rock-sand-gravel-dallas/,2026-09-28,stone,priced by the cubic yard (approx. 1.25 tons/yd for rock per site),owner_csv,unverified
Outdoor Warehouse Supply,yard,false,false,mulch,dyed mulch,black-dyed,Black Label Mulch,dyed mulch,45.0,cubic yard,45.0,150.0,not included; delivery minimum varies by distance/product,varies (see Shipping & Delivery page),https://www.outdoorwarehousesupply.com/river-rock-sand-gravel-dallas/,2026-09-28,mulch,priced by the cubic yard (approx. 1.25 tons/yd for rock per site),owner_csv,unverified
Outdoor Warehouse Supply,yard,false,false,stone,other,,Black Lava Rock,other: lava rock,340.0,cubic yard,340.0,242.86,not included; delivery minimum varies by distance/product,varies (see Shipping & Delivery page),https://www.outdoorwarehousesupply.com/river-rock-sand-gravel-dallas/,2026-09-28,stone,priced by the cubic yard (approx. 1.25 tons/yd for rock per site),owner_csv,unverified
Outdoor Warehouse Supply,yard,false,false,stone,river rock,,Brazos Bull Rock – Extra Large,river rock,225.0,cubic yard,225.0,160.71,not included; delivery minimum varies by distance/product,varies (see Shipping & Delivery page),https://www.outdoorwarehousesupply.com/river-rock-sand-gravel-dallas/,2026-09-28,stone,priced by the cubic yard (approx. 1.25 tons/yd for rock per site),owner_csv,unverified
Outdoor Warehouse Supply,yard,false,false,stone,river rock,,Brazos Bull Rock – Large,river rock,235.0,cubic yard,235.0,167.86,not included; delivery minimum varies by distance/product,varies (see Shipping & Delivery page),https://www.outdoorwarehousesupply.com/river-rock-sand-gravel-dallas/,2026-09-28,stone,priced by the cubic yard (approx. 1.25 tons/yd for rock per site),owner_csv,unverified
Outdoor Warehouse Supply,yard,false,false,stone,river rock,,Colorado Cobble – Large,river rock,340.0,cubic yard,340.0,242.86,not included; delivery minimum varies by distance/product,varies (see Shipping & Delivery page),https://www.outdoorwarehousesupply.com/river-rock-sand-gravel-dallas/,2026-09-28,stone,priced by the cubic yard (approx. 1.25 tons/yd for rock per site),owner_csv,unverified
Outdoor Warehouse Supply,yard,false,false,stone,river rock,,Colorado Cobble – Small,river rock,340.0,cubic yard,340.0,242.86,not included; delivery minimum varies by distance/product,varies (see Shipping & Delivery page),https://www.outdoorwarehousesupply.com/river-rock-sand-gravel-dallas/,2026-09-28,stone,priced by the cubic yard (approx. 1.25 tons/yd for rock per site),owner_csv,unverified
Outdoor Warehouse Supply,yard,false,false,sand,washed sand,concrete-sand,Concrete Sand,washed sand,80.0,cubic yard,80.0,59.26,not included; delivery minimum varies by distance/product,varies (see Shipping & Delivery page),https://www.outdoorwarehousesupply.com/river-rock-sand-gravel-dallas/,2026-09-28,sand,priced by the cubic yard (approx. 1.25 tons/yd for rock per site),owner_csv,unverified
Outdoor Warehouse Supply,yard,false,false,sand,select fill,select-fill,Cushion Sand,select fill,42.0,cubic yard,42.0,31.11,not included; delivery minimum varies by distance/product,varies (see Shipping & Delivery page),https://www.outdoorwarehousesupply.com/river-rock-sand-gravel-dallas/,2026-09-28,sand,priced by the cubic yard (approx. 1.25 tons/yd for rock per site),owner_csv,unverified
Outdoor Warehouse Supply,yard,false,false,stone,decomposed granite,decomposed-granite,DECOMPOSED GRANITE – 1/4″ minus,decomposed granite,135.0,cubic yard,135.0,96.43,not included; delivery minimum varies by distance/product,varies (see Shipping & Delivery page),https://www.outdoorwarehousesupply.com/product/decomposed-granite/,2026-09-28,stone,priced by the cubic yard (approx. 1.25 tons/yd for rock per site),owner_csv,unverified
Outdoor Warehouse Supply,yard,false,false,soil,sandy loam,sandy-loam,Enriched Top Soil,sandy loam,52.0,cubic yard,52.0,47.27,not included; delivery minimum varies by distance/product,varies (see Shipping & Delivery page),https://www.outdoorwarehousesupply.com/river-rock-sand-gravel-dallas/,2026-09-28,soil,priced by the cubic yard (approx. 1.25 tons/yd for rock per site),owner_csv,unverified
Outdoor Warehouse Supply,yard,false,false,stone,flex base,flex-base,Fines Base – Small,flex base,65.0,cubic yard,65.0,46.43,not included; delivery minimum varies by distance/product,varies (see Shipping & Delivery page),https://www.outdoorwarehousesupply.com/river-rock-sand-gravel-dallas/,2026-09-28,stone,priced by the cubic yard (approx. 1.25 tons/yd for rock per site),owner_csv,unverified
Outdoor Warehouse Supply,yard,false,false,stone,flex base,flex-base,Flex Base – Large,flex base,65.0,cubic yard,65.0,46.43,not included; delivery minimum varies by distance/product,varies (see Shipping & Delivery page),https://www.outdoorwarehousesupply.com/river-rock-sand-gravel-dallas/,2026-09-28,stone,priced by the cubic yard (approx. 1.25 tons/yd for rock per site),owner_csv,unverified
Outdoor Warehouse Supply,yard,false,false,stone,other,,Granite Chips – 1″ minus,other: crushed granite gravel,140.0,cubic yard,140.0,100.0,not included; delivery minimum varies by distance/product,varies (see Shipping & Delivery page),https://www.outdoorwarehousesupply.com/river-rock-sand-gravel-dallas/,2026-09-28,stone,priced by the cubic yard (approx. 1.25 tons/yd for rock per site),owner_csv,unverified
Outdoor Warehouse Supply,yard,false,false,mulch,native hardwood mulch,native-hardwood,Hardwood Mulch,native hardwood mulch,40.0,cubic yard,40.0,133.33,not included; delivery minimum varies by distance/product,varies (see Shipping & Delivery page),https://www.outdoorwarehousesupply.com/product/hardwood-mulch/,2026-09-28,mulch,priced by the cubic yard (approx. 1.25 tons/yd for rock per site),owner_csv,unverified
Outdoor Warehouse Supply,yard,false,false,stone,other,rip-rap,Limestone Rip Rap,other: rip rap / boulders,95.0,cubic yard,95.0,67.86,not included; delivery minimum varies by distance/product,varies (see Shipping & Delivery page),https://www.outdoorwarehousesupply.com/river-rock-sand-gravel-dallas/,2026-09-28,stone,priced by the cubic yard (approx. 1.25 tons/yd for rock per site),owner_csv,unverified
Outdoor Warehouse Supply,yard,false,false,sand,mason sand,mason-sand,Mason Sand,mason sand,65.0,cubic yard,65.0,48.15,not included; delivery minimum varies by distance/product,varies (see Shipping & Delivery page),https://www.outdoorwarehousesupply.com/product/mason-sand-cubic-yard/,2026-09-28,sand,priced by the cubic yard (approx. 1.25 tons/yd for rock per site),owner_csv,spot-check
Outdoor Warehouse Supply,yard,false,false,stone,river rock,,Mesa Gray River Rock,river rock,435.0,cubic yard,435.0,310.71,not included; delivery minimum varies by distance/product,varies (see Shipping & Delivery page),https://www.outdoorwarehousesupply.com/river-rock-sand-gravel-dallas/,2026-09-28,stone,priced by the cubic yard (approx. 1.25 tons/yd for rock per site),owner_csv,unverified
Outdoor Warehouse Supply,yard,false,false,stone,river rock,river-rock,Native Gravel – Large,river rock,100.0,cubic yard,100.0,71.43,not included; delivery minimum varies by distance/product,varies (see Shipping & Delivery page),https://www.outdoorwarehousesupply.com/river-rock-sand-gravel-dallas/,2026-09-28,stone,priced by the cubic yard (approx. 1.25 tons/yd for rock per site),owner_csv,unverified
Outdoor Warehouse Supply,yard,false,false,stone,river rock,river-rock,Native Gravel – Small,river rock,100.0,cubic yard,100.0,71.43,not included; delivery minimum varies by distance/product,varies (see Shipping & Delivery page),https://www.outdoorwarehousesupply.com/river-rock-sand-gravel-dallas/,2026-09-28,stone,priced by the cubic yard (approx. 1.25 tons/yd for rock per site),owner_csv,unverified
Outdoor Warehouse Supply,yard,false,false,stone,pea gravel,pea-gravel,Pea Gravel,pea gravel,100.0,cubic yard,100.0,71.43,not included; delivery minimum varies by distance/product,varies (see Shipping & Delivery page),https://www.outdoorwarehousesupply.com/product/pea-gravel/,2026-09-28,stone,priced by the cubic yard (approx. 1.25 tons/yd for rock per site),owner_csv,unverified
Outdoor Warehouse Supply,yard,false,false,stone,river rock,,Salt And Pepper River Rock – Large,river rock,360.0,cubic yard,360.0,257.14,not included; delivery minimum varies by distance/product,varies (see Shipping & Delivery page),https://www.outdoorwarehousesupply.com/river-rock-sand-gravel-dallas/,2026-09-28,stone,priced by the cubic yard (approx. 1.25 tons/yd for rock per site),owner_csv,unverified
Outdoor Warehouse Supply,yard,false,false,stone,river rock,,Salt And Pepper River Rock – Small,river rock,360.0,cubic yard,360.0,257.14,not included; delivery minimum varies by distance/product,varies (see Shipping & Delivery page),https://www.outdoorwarehousesupply.com/river-rock-sand-gravel-dallas/,2026-09-28,stone,priced by the cubic yard (approx. 1.25 tons/yd for rock per site),owner_csv,unverified
Outdoor Warehouse Supply,yard,false,false,stone,other,,Texas Black Star – Extra Small,other: black star gravel,350.0,cubic yard,350.0,250.0,not included; delivery minimum varies by distance/product,varies (see Shipping & Delivery page),https://www.outdoorwarehousesupply.com/river-rock-sand-gravel-dallas/,2026-09-28,stone,priced by the cubic yard (approx. 1.25 tons/yd for rock per site),owner_csv,unverified
Outdoor Warehouse Supply,yard,false,false,stone,other,,Texas Black Star – Large,other: black star gravel,320.0,cubic yard,320.0,228.57,not included; delivery minimum varies by distance/product,varies (see Shipping & Delivery page),https://www.outdoorwarehousesupply.com/river-rock-sand-gravel-dallas/,2026-09-28,stone,priced by the cubic yard (approx. 1.25 tons/yd for rock per site),owner_csv,unverified
Outdoor Warehouse Supply,yard,false,false,stone,other,,Texas Black Star Gravel – Small,other: black star gravel,320.0,cubic yard,320.0,228.57,not included; delivery minimum varies by distance/product,varies (see Shipping & Delivery page),https://www.outdoorwarehousesupply.com/river-rock-sand-gravel-dallas/,2026-09-28,stone,priced by the cubic yard (approx. 1.25 tons/yd for rock per site),owner_csv,unverified
Outdoor Warehouse Supply,yard,false,false,stone,river rock,,Texas Brindle River Rock,river rock,235.0,cubic yard,235.0,167.86,not included; delivery minimum varies by distance/product,varies (see Shipping & Delivery page),https://www.outdoorwarehousesupply.com/river-rock-sand-gravel-dallas/,2026-09-28,stone,priced by the cubic yard (approx. 1.25 tons/yd for rock per site),owner_csv,unverified
Outdoor Warehouse Supply,yard,false,false,stone,river rock,,Texas Bull Rock,river rock,240.0,cubic yard,240.0,171.43,not included; delivery minimum varies by distance/product,varies (see Shipping & Delivery page),https://www.outdoorwarehousesupply.com/river-rock-sand-gravel-dallas/,2026-09-28,stone,priced by the cubic yard (approx. 1.25 tons/yd for rock per site),owner_csv,unverified
Outdoor Warehouse Supply,yard,false,false,stone,#57 limestone,57-limestone,Utility Limestone,#57 limestone,90.0,cubic yard,90.0,64.29,not included; delivery minimum varies by distance/product,varies (see Shipping & Delivery page),https://www.outdoorwarehousesupply.com/river-rock-sand-gravel-dallas/,2026-09-28,stone,priced by the cubic yard (approx. 1.25 tons/yd for rock per site),owner_csv,unverified
Outdoor Warehouse Supply,yard,false,false,stone,other,,White Marble Chips,other: marble chips,450.0,cubic yard,450.0,321.43,not included; delivery minimum varies by distance/product,varies (see Shipping & Delivery page),https://www.outdoorwarehousesupply.com/river-rock-sand-gravel-dallas/,2026-09-28,stone,priced by the cubic yard (approx. 1.25 tons/yd for rock per site),owner_csv,unverified
Outdoor Warehouse Supply,yard,false,false,sand,washed sand,washed-sand,White Sand,washed sand,150.0,cubic yard,150.0,111.11,not included; delivery minimum varies by distance/product,varies (see Shipping & Delivery page),https://www.outdoorwarehousesupply.com/river-rock-sand-gravel-dallas/,2026-09-28,sand,priced by the cubic yard (approx. 1.25 tons/yd for rock per site),owner_csv,unverified
Whiz-Q Stone,yard,false,,stone,river rock,,Rocky Mountain Cobble,river rock,240,ton,336.0,240,not stated,not stated,https://www.whiz-q.com/,2026-09-28,stone,,owner_csv,unverified
Whiz-Q Stone,yard,false,,stone,river rock,,Coal Miners XS,river rock,280,ton,392.0,280,not stated,not stated,https://www.whiz-q.com/,2026-09-28,stone,,owner_csv,unverified
Whiz-Q Stone,yard,false,,stone,river rock,,Farm Creek,river rock,260,ton,364.0,260,not stated,not stated,https://www.whiz-q.com/,2026-09-28,stone,,owner_csv,unverified
Whiz-Q Stone,yard,false,,stone,river rock,river-rock,Rocky Mountain River Pebbles,river rock,240,ton,336.0,240,not stated,not stated,https://www.whiz-q.com/,2026-09-28,stone,,owner_csv,unverified
Home Depot (online bulk),bigbox,false,true,mulch,dyed mulch,brown-dyed,10 cu. yd. Brown Landscape Bulk Mulch (BKDMBR10),dyed mulch,103.3,cubic yard,103.3,344.33,included (free delivery),5 cubic yards,https://www.homedepot.com/p/10-cu-yd-Brown-Landscape-Bulk-Mulch-BKDMBR10/205325442,2026-09-28,mulch,"$1,032.97 per 10 cu yd",owner_csv,spot-check
Home Depot (online bulk),bigbox,false,true,mulch,native hardwood mulch,native-hardwood,10 cu. yd. Hardwood Bulk Mulch (BKHM10),native hardwood mulch,82.6,cubic yard,82.6,275.33,included (free delivery),5 cubic yards,https://www.homedepot.com/p/10-cu-yd-Hardwood-Bulk-Mulch-BKHM10/205325448,2026-09-28,mulch,$825.97 per 10 cu yd,owner_csv,unverified
RC Sand & Gravel (pickup only),yard,true,false,soil,sandy loam,sandy-loam,Top Soil,sandy loam,25,ton,27.5,25,PICKUP ONLY – no delivery offered,n/a,https://rcsandandgravel.com/,2026-09-28,soil,,owner_csv,spot-check
RC Sand & Gravel (pickup only),yard,true,false,soil,select fill,select-fill,Select Fill,select fill,10,ton,11.0,10,PICKUP ONLY – no delivery offered,n/a,https://rcsandandgravel.com/,2026-09-28,soil,,owner_csv,unverified
RC Sand & Gravel (pickup only),yard,true,false,soil,select fill,select-fill,Screened Select Fill,select fill,12,ton,13.2,12,PICKUP ONLY – no delivery offered,n/a,https://rcsandandgravel.com/,2026-09-28,soil,,owner_csv,unverified
RC Sand & Gravel (pickup only),yard,true,false,sand,select fill,select-fill,Cushion Sand,select fill,10,ton,13.5,10,PICKUP ONLY – no delivery offered,n/a,https://rcsandandgravel.com/,2026-09-28,sand,,owner_csv,unverified
RC Sand & Gravel (pickup only),yard,true,false,sand,select fill,select-fill,Screened Cushion Sand,select fill,25,ton,33.75,25,PICKUP ONLY – no delivery offered,n/a,https://rcsandandgravel.com/,2026-09-28,sand,,owner_csv,unverified
RC Sand & Gravel (pickup only),yard,true,false,soil,select fill,select-fill,Common Fill,select fill,6,ton,6.6,6,PICKUP ONLY – no delivery offered,n/a,https://rcsandandgravel.com/,2026-09-28,soil,,owner_csv,unverified
RC Sand & Gravel (pickup only),yard,true,false,sand,washed sand,concrete-sand,Concrete Sand,washed sand,25,ton,33.75,25,PICKUP ONLY – no delivery offered,n/a,https://rcsandandgravel.com/,2026-09-28,sand,coming 2026,owner_csv,unverified
RC Sand & Gravel (pickup only),yard,true,false,stone,flex base,flex-base,"1 1/2"" Down (crushed base)",flex base,16,ton,22.4,16,PICKUP ONLY – no delivery offered,n/a,https://rcsandandgravel.com/,2026-09-28,stone,coming 2026,owner_csv,unverified
RC Sand & Gravel (pickup only),yard,true,false,stone,pea gravel,pea-gravel,Pea Gravel,pea gravel,18,ton,25.2,18,PICKUP ONLY – no delivery offered,n/a,https://rcsandandgravel.com/,2026-09-28,stone,coming 2026,owner_csv,unverified
City of Mesquite Compost Facility (pickup only),yard,true,false,soil,compost,compost,Compost (non-resident/commercial),compost,25,cubic yard,25,22.73,PICKUP ONLY – municipal facility,n/a,https://www.cityofmesquite.com/363/Compost-Facility,2026-09-28,soil,free to Mesquite residents (limits apply),owner_csv,unverified
City of Mesquite Compost Facility (pickup only),yard,true,false,mulch,native hardwood mulch,native-hardwood,Mulch (non-resident/commercial),native hardwood mulch,6,cubic yard,6,20.0,PICKUP ONLY – municipal facility,n/a,https://www.cityofmesquite.com/363/Compost-Facility,2026-09-28,mulch,free to Mesquite residents (limits apply),owner_csv,unverified
